feature,chi2,p,n_target,n_reference
kyiv,430.8978785172007,0,713,47
western,346.4943364676872,0,475,7
colleagues,138.11174937210077,0,238,18
west,78.82966172660845,0,126,7
authorities,66.25053398644485,4.440892098500626e-16,243,62
package,63.734668124161495,1.4432899320127035e-15,106,7
states,63.583240538442304,1.5543122344752192e-15,286,85
regime,60.139599088177995,8.881784197001252e-15,239,65
people's,52.896034587815976,3.517186542012496e-13,134,23
donbas,50.86575892314383,9.889866703360894e-13,312,111
kyiv's,50.63582446594987,1.1119993814645568e-12,66,0
maidan,45.02712082971836,1.943245564461904e-11,72,4
american,44.38363970945117,2.699329648692128e-11,68,3
however,42.758569052376245,6.193001667043063e-11,186,54
nationalists,42.284620769130285,7.891065578746748e-11,62,2
course,42.124519974212745,8.564260411958458e-11,101,16
even,38.850285638595764,4.575869683165479e-10,218,74
measures,37.86601588216465,7.577375393807984e-10,116,25
nato,36.793271387633425,1.3134278109561137e-9,58,3
washington,36.053935953309214,1.9193071576495413e-9,47,0
coup,34.475587866212834,4.316310087126851e-9,58,4
ukrainian,34.03118436267028,5.423583804287091e-9,1041,593
sponsors,33.89559645194688,5.8150165793691144e-9,51,2
radicals,33.75189541448616,6.2608013218223846e-9,44,0
understand,33.14667604447249,8.546234497863736e-9,78,12
political,31.368770516597426,2.1338569355933146e-8,186,65
interests,30.911916765115908,2.7000873092930533e-8,59,6
fact,30.739569511290508,2.950857602712631e-8,207,77
mr,30.476152120049747,3.379959934157739e-8,221,85
operation,29.241074978170882,6.390992524085704e-8,115,31
point,28.17904093203376,1.105957109226452e-7,78,15
zelenskyy,26.286699893947137,2.943085051221317e-7,82,18
european,25.370432660134068,4.731143716796282e-7,100,27
anti-russian,25.311926696537007,4.876839276857226e-7,33,0
nationalist,24.956275204019722,5.864533798582983e-7,36,1
republic,23.607371599513176,1.1813408971050876e-6,121,39
eu,23.263662886795377,1.4124346658928033e-6,37,2
topic,23.263662886795377,1.4124346658928033e-6,37,2
say,23.149357152458435,1.4989330660020173e-6,124,41
media,23.022790313844997,1.6009229025781835e-6,79,19
people,22.84309682962341,1.7577953628222787e-6,477,253
meeting,22.571279671971933,2.0248914616161073e-6,249,112
agreement,22.43485348197944,2.173930596649498e-6,107,33
simply,22.149146110488502,2.5226814770462624e-6,84,22
countries,21.2095483838773,4.117083129862031e-6,175,71
blame,20.996832075522036,4.600434236223805e-6,34,2
geopolitical,20.996832075522036,4.600434236223805e-6,34,2
allegedly,20.994755545237275,4.605423121417651e-6,37,3
example,20.9717164544772,4.6611404148633184e-6,82,22
ms,20.961231843273293,4.686719689672714e-6,60,12
direct,20.79199860931707,5.119641173556566e-6,71,17
mention,20.545613553539017,5.822706380720355e-6,42,5
delegations,20.375706351898366,6.363249654750547e-6,47,7
british,20.374399632626112,6.367596322554014e-6,30,1
ignore,20.242569273356136,6.821791282196621e-6,33,2
south-east,20.242569273356136,6.821791282196621e-6,33,2
dialogue,20.23967820645536,6.832108123910885e-6,95,29
said,20.1446938779661,7.179914886523697e-6,176,73
know,19.799909404611792,8.598675211524132e-6,104,34
representatives,19.734012341629082,8.90031382816403e-6,121,43
something,19.44491338499722,1.0354322822592188e-5,53,10
social,19.180647523472846,1.1891283915987927e-5,64,15
strikes,19.01326866993536,1.2981262193956233e-5,57,12
constitutional,18.983277455357356,1.3186912334206546e-5,45,7
made,18.45128104768975,1.7430362282855327e-5,142,56
hear,18.20722511260759,1.9812580529965373e-5,58,13
militias,17.64038210592563,2.6686136074149935e-5,23,0
residents,17.59101485048405,2.738793253997951e-5,92,30
republics,17.447283944962575,2.9538602648537804e-5,59,14
russian-speaking,17.447232009372925,2.953940967476143e-5,35,4
spoke,17.289690921955255,3.2092322948096275e-5,32,3
floor,17.035259738896233,3.6692093751788946e-5,47,9
luhansk,16.956002526523868,3.8256169775818805e-5,163,70
south-eastern,16.56398011043351,4.703594824362334e-5,25,1
try,16.234070386279384,5.597828186065801e-5,41,7
brussels,16.10620507965646,5.988749269325577e-5,21,0
prefer,16.10620507965646,5.988749269325577e-5,21,0
punitive,16.10620507965646,5.988749269325577e-5,21,0
rada,16.10620507965646,5.988749269325577e-5,21,0
inhabitants,16.003181928061153,6.323611405711915e-5,33,4
using,15.881743394710318,6.742600736375781e-5,69,20
nationalism,15.339133051468213,8.983616922497717e-5,20,0
radical,15.339133051468213,8.983616922497717e-5,20,0
regime's,15.339133051468213,8.983616922497717e-5,20,0
special,15.199168029418475,9.674603483833533e-5,167,75
battalions,14.98888434351263,1.0814633055744594e-4,26,2
essentially,14.98888434351263,1.0814633055744594e-4,26,2
text,14.98888434351263,1.0814633055744594e-4,26,2
view,14.569493085082062,1.3508387727989568e-4,31,4
statements,14.485793085803532,1.4122060467947062e-4,84,29
crisis,14.432173357187873,1.452986540497747e-4,115,46
position,14.222471913704979,1.6241929332805327e-4,64,19
talk,14.209575248755717,1.635362311230848e-4,38,7
longer,14.153778251237776,1.6845845549895433e-4,33,5
years,14.148159560244729,1.6896231382113047e-4,149,66
today's,14.073083888617587,1.7584222985278508e-4,98,37
provocation,13.89623713718661,1.931848462982666e-4,51,13
though,13.524107157392171,2.3551841195956769e-4,21,1
died,13.299651609505714,2.654554383497709e-4,50,13
egregious,13.037982903854779,3.052366707062548e-4,17,0
fertilizers,13.037982903854779,3.052366707062548e-4,17,0
iraq,13.037982903854779,3.052366707062548e-4,17,0
verkhovna,13.037982903854779,3.052366707062548e-4,17,0
talking,12.88144326680023,3.3185621966114187e-4,36,7
asked,12.768314464117175,3.5254036305787384e-4,31,5
perfectly,12.765860903044828,3.5300308829255833e-4,20,1
detail,12.757408999239896,3.5460175530155347e-4,23,2
french,12.757408999239896,3.5460175530155347e-4,23,2
openly,12.372336448707575,4.357419793360462e-4,42,10
note,12.12329681672147,4.979579042014848e-4,48,13
colleague,12.034031261374043,5.223797628355342e-4,54,16
recall,12.029570628719817,5.236313725749397e-4,56,17
networks,12.008506782861339,5.295827042673951e-4,19,1
place,11.993541126028415,5.338525153476548e-4,88,34
paragraph,11.797858479928959,5.929889307613179e-4,32,6
opposition,11.573469809636434,6.689946548159575e-4,34,7
backers,11.503937750543647,6.944890732510922e-4,15,0
kosovo,11.503937750543647,6.944890732510922e-4,15,0
reckless,11.503937750543647,6.944890732510922e-4,15,0
russophobia,11.503937750543647,6.944890732510922e-4,15,0
russophobic,11.503937750543647,6.944890732510922e-4,15,0
sabotage,11.462962048776983,7.099704616012614e-4,24,3
regard,11.426036508465392,7.242201206036913e-4,113,49
accusations,11.400399322857956,7.342832055985404e-4,29,5
version,11.279927728696332,7.834960660633161e-4,21,2
various,11.25813281501117,7.92749132828563e-4,38,9
double,11.252183924706767,7.95293875236136e-4,18,1
perhaps,11.07036747095071,8.771829644240725e-4,42,11
implemented,11.011512194003478,9.054774449175351e-4,44,12
want,10.992558954854523,9.147841783927468e-4,117,52
forces,10.930815544967093,9.457785370036165e-4,290,161
dc,10.736931656708988,0.0010501832067604244,14,0
shields,10.54506529015735,0.001164987069537493,20,2
whose,10.525072476060245,0.0011776579374308538,59,20
neo-nazi,10.497062373801995,0.0011956448398847686,17,1
socioeconomic,10.497062373801995,0.0011956448398847686,17,1
went,10.288749422238803,0.001338437708480078,32,7
weapons,10.234098580132303,0.0013786797243015014,177,90
give,10.030723127636112,0.0015395058639666725,71,27
essence,9.969936551106755,0.0015911697554353843,13,0
eye,9.969936551106755,0.0015911697554353843,13,0
deal,9.849274867568573,0.0016989871635689768,48,15
thanks,9.82713895491875,0.0017195561443068552,29,6
begun,9.81327869194008,0.0017325635592989608,19,2
oblast,9.81327869194008,0.0017325635592989608,19,2
intend,9.743352186063701,0.0017997239156837264,16,1
irresponsible,9.743352186063701,0.0017997239156837264,16,1
discussing,9.665095911684546,0.001878019567729261,24,4
became,9.528525076031713,0.0020230263645651947,33,8
becoming,9.388841573217206,0.0021831010806703244,26,5
seeing,9.388841573217206,0.0021831010806703244,26,5
refused,9.369481683335916,0.0022062789752643752,37,10
eight,9.316619170380205,0.0022708461352239917,47,15
former,9.316619170380205,0.0022708461352239917,47,15
capitals,9.202952433500823,0.002416251076724496,12,0
matters,9.202952433500823,0.002416251076724496,12,0
patrons,9.202952433500823,0.002416251076724496,12,0
impartial,8.991315931446765,0.0027126558854498883,15,1
pushed,8.991315931446765,0.0027126558854498883,15,1
conclusion,8.920299718605747,0.002820182258078452,32,8
military,8.892881028950974,0.002862846476061942,362,215
donetsk,8.86203584319603,0.002911626607209894,219,120
see,8.803908137224262,0.003005859746599171,142,71
format,8.79066978953599,0.0030277506355445016,36,10
issues,8.782365095806325,0.0030415658513582855,61,23
problems,8.760539418789381,0.003078179930131708,38,11
actually,8.731218713886028,0.003128073452027591,25,5
begin,8.731218713886028,0.003128073452027591,25,5
speakers,8.731218713886028,0.003128073452027591,25,5
protests,8.63077344932511,0.0033053120797952307,20,3
question,8.410842761949862,0.00372989715752714,62,24
increasingly,8.360868710847368,0.0038338724060839047,17,2
poles,8.360868710847368,0.0038338724060839047,17,2
staged,8.360868710847368,0.0038338724060839047,17,2
videos,8.360868710847368,0.0038338724060839047,17,2
really,8.320232220927311,0.003920590746601782,31,8
towns,8.320232220927311,0.003920590746601782,31,8
desire,8.309951670260618,0.003942844038022364,22,4
belgorod,8.241286198623696,0.004094810527486281,14,1
blind,8.241286198623696,0.004094810527486281,14,1
mentioned,8.240079714839732,0.004097533281411381,58,22
repeatedly,8.215259924994003,0.004153956456980357,41,13
discussion,8.202132041400091,0.00418411935161267,39,12
meetings,8.202132041400091,0.00418411935161267,39,12
rather,8.008476476925267,0.004655889197876961,52,19
provided,7.964434357777679,0.00477053967431984,61,24
today,7.963637674902444,0.004772639873555695,316,187
leading,7.936162496025743,0.004845648693013849,19,3
put,7.873302132253817,0.005016995421246229,59,23
campaign,7.804982661628628,0.005210236597356976,28,7
way,7.746188815487356,0.0053826014951228185,129,65
kind,7.722916516599568,0.005452424443953663,42,14
schools,7.722916516599568,0.005452424443953663,42,14
context,7.688538735331847,0.005557260480514192,40,13
objective,7.682218588450851,0.0055767565052399215,32,9
significant,7.682218588450851,0.0055767565052399215,32,9
america,7.6431324426396685,0.005698886662908076,21,4
incidents,7.6431324426396685,0.005698886662908076,21,4
views,7.6431324426396685,0.005698886662908076,21,4
aspects,7.641482021732702,0.005704103251917281,16,2
ignored,7.641482021732702,0.005704103251917281,16,2
polish,7.641482021732702,0.005704103251917281,16,2
anti-constitutional,7.493690601669465,0.006191553398832705,13,1
briefer,7.493690601669465,0.006191553398832705,13,1
collaborators,7.493690601669465,0.006191553398832705,13,1
d'etat,7.493690601669465,0.006191553398832705,13,1
deliveries,7.493690601669465,0.006191553398832705,13,1
fought,7.493690601669465,0.006191553398832705,13,1
kuleba,7.493690601669465,0.006191553398832705,13,1
think,7.4303665949913995,0.006413227550449485,58,23
began,7.326141118210535,0.006795880321044279,45,16
allies,7.29919275510016,0.0068985597579858116,25,6
democracy,7.29919275510016,0.0068985597579858116,25,6
foreign,7.257553979851526,0.007060338925023113,100,48
circulated,7.248458446342217,0.0070961905983281115,18,3
functions,7.248458446342217,0.0070961905983281115,18,3
self-determination,7.248458446342217,0.0070961905983281115,18,3
took,7.207052570347584,0.007261765115348151,68,29
hope,7.195860378079222,0.007307194767405156,61,25
tried,7.171074091707609,0.0074088402531097275,39,13
obvious,7.13710117872545,0.0075505116969835084,37,12
rule,7.13710117872545,0.0075505116969835084,37,12
germany,7.116216783664684,0.007638973805227045,31,9
procedure,7.116216783664684,0.007638973805227045,31,9
official,7.114873068908214,0.007644701661768227,35,11
choice,7.106846861044983,0.007679006563072632,33,10
merely,6.984674744381121,0.00822105920648164,20,4
news,6.984674744381121,0.00822105920648164,20,4
fate,6.9277078184783365,0.008487039315798528,15,2
internet,6.9277078184783365,0.008487039315798528,15,2
now,6.90198033339614,0.008610032470405593,293,175
us,6.798306445432064,0.009124438216428499,203,115
concluded,6.761520778841024,0.009314434632213153,11,0
correct,6.761520778841024,0.009314434632213153,11,0
slogans,6.761520778841024,0.009314434632213153,11,0
delivery,6.7490883282932455,0.009379559903617274,12,1
governments,6.7490883282932455,0.009379559903617274,12,1
provoked,6.7490883282932455,0.009379559903617274,12,1
street,6.7490883282932455,0.009379559903617274,12,1
white,6.7490883282932455,0.009379559903617274,12,1
things,6.716430769174107,0.009552861934697843,40,14
citizenship,6.689745505291749,0.009696904685172592,24,6
deaths,6.689745505291749,0.009696904685172592,24,6
reasons,6.689745505291749,0.009696904685172592,24,6
genuine,6.616305026078813,0.010104926411552695,26,7
goals,6.616305026078813,0.010104926411552695,26,7
adopt,6.568695687225718,0.010378798607854067,17,3
incidentally,6.568695687225718,0.010378798607854067,17,3
names,6.568695687225718,0.010378798607854067,17,3
notice,6.568695687225718,0.010378798607854067,17,3
resolved,6.568695687225718,0.010378798607854067,17,3
done,6.474941844253429,0.010940589368374387,61,26
defence,6.383477276662855,0.011518753849605212,71,32
trying,6.372253734948977,0.011591828577238283,76,35
bucha,6.371070644413024,0.011599559170411333,43,16
comments,6.3356677761161695,0.01183335553288778,19,4
ideology,6.3356677761161695,0.01183335553288778,19,4
precisely,6.3356677761161695,0.01183335553288778,19,4
understanding,6.3356677761161695,0.01183335553288778,19,4
reports,6.296789483654993,0.01209568448500864,41,15
completely,6.2281395090591225,0.012573577498281918,39,14
giving,6.22059638161226,0.012627257178086881,14,2
pipeline,6.22059638161226,0.012627257178086881,14,2
truly,6.22059638161226,0.012627257178086881,14,2
underscore,6.22059638161226,0.012627257178086881,14,2
anyone,6.188273630721987,0.01285995801017048,62,27
apparently,6.1850160066490965,0.012883653770792702,21,5
fighters,6.1850160066490965,0.012883653770792702,21,5
april,6.15150666625835,0.01313001976312067,55,23
seem,6.034550346893846,0.014028523765646672,31,10
make,6.021544621832073,0.014132272666668055,109,56
concerns,6.015992804522743,0.014176800604470574,29,9
aware,6.015506882866198,0.01418070476761546,27,8
saw,6.015506882866198,0.01418070476761546,27,8
dying,6.008224962185981,0.014239344449846758,11,1
fertilizer,6.008224962185981,0.014239344449846758,11,1
game,6.008224962185981,0.014239344449846758,11,1
glorification,6.008224962185981,0.014239344449846758,11,1
obstacles,6.008224962185981,0.014239344449846758,11,1
outlets,6.008224962185981,0.014239344449846758,11,1
pensions,6.008224962185981,0.014239344449846758,11,1
posed,6.008224962185981,0.014239344449846758,11,1
proxy,6.008224962185981,0.014239344449846758,11,1
ammonia,6.003823311965924,0.014274910907376426,10,0
arria,6.003823311965924,0.014274910907376426,10,0
clique,6.003823311965924,0.014274910907376426,10,0
extremists,6.003823311965924,0.014274910907376426,10,0
impression,6.003823311965924,0.014274910907376426,10,0
involving,6.003823311965924,0.014274910907376426,10,0
popular,6.003823311965924,0.014274910907376426,10,0
snipers,6.003823311965924,0.014274910907376426,10,0
talked,6.003823311965924,0.014274910907376426,10,0
transactions,6.003823311965924,0.014274910907376426,10,0
nazi,5.908529439685989,0.015067745056630666,42,16
interest,5.898126371351099,0.015157000023679812,16,3
training,5.898126371351099,0.015157000023679812,16,3
reason,5.840795519427674,0.015658745346808778,49,20
certain,5.750581894852024,0.016483196008286072,38,14
either,5.750581894852024,0.016483196008286072,38,14
true,5.750581894852024,0.016483196008286072,38,14
tragedy,5.742948585951888,0.016554978303086054,54,23
liberated,5.679879977542023,0.017160541649105965,36,13
draft,5.662253467070165,0.017333838061117435,74,35
information,5.6420319212637216,0.017534873834619935,114,60
arms,5.616129823107853,0.017795904353679837,34,12
known,5.616129823107853,0.017795904353679837,34,12
need,5.609753307292229,0.01786077731739033,131,71
population,5.5795644217069205,0.018171241566823815,98,50
light,5.5745882410093675,0.018222949399989696,20,5
politicians,5.5745882410093675,0.018222949399989696,20,5
interested,5.560785336018178,0.0183671730879581,32,11
bandera,5.521478066532905,0.018784380908375087,13,2
interesting,5.521478066532905,0.018784380908375087,13,2
sort,5.521478066532905,0.018784380908375087,13,2
supposedly,5.521478066532905,0.018784380908375087,13,2
impunity,5.504651711510543,0.018965956974892784,22,6
supplied,5.504651711510543,0.018965956974892784,22,6
yanukovych,5.504651711510543,0.018965956974892784,22,6
less,5.4834866652264616,0.019196931044287435,28,9
participate,5.4834866652264616,0.019196931044287435,28,9
picture,5.46742206662696,0.019374183297514835,26,8
agreements,5.463503155292423,0.019417679567433677,206,121
rocket,5.456684959832842,0.019493595931437846,41,16
evidence,5.409628086033635,0.020025982148550336,65,30
language,5.409628086033635,0.020025982148550336,65,30
many,5.329862385699023,0.020963040301787528,183,106
came,5.2843886706425485,0.021517445166780114,37,14
daria,5.248192836359972,0.021969576444942573,9,0
figure,5.248192836359972,0.021969576444942573,9,0
fit,5.248192836359972,0.021969576444942573,9,0
himars,5.248192836359972,0.021969576444942573,9,0
paragraphs,5.248192836359972,0.021969576444942573,9,0
weaken,5.248192836359972,0.021969576444942573,9,0
west's,5.248192836359972,0.021969576444942573,9,0
benefits,5.238280907595657,0.022095096968193673,15,3
london,5.238280907595657,0.022095096968193673,15,3
money,5.238280907595657,0.022095096968193673,15,3
surprising,5.238280907595657,0.022095096968193673,15,3
inclusive,5.071400166251236,0.024323728918867693,17,4
living,5.066495031090637,0.024392656703887572,31,11
secretariat,5.066495031090637,0.024392656703887572,31,11
minsk,5.063555299350733,0.024434063419413565,235,142
seems,5.009663309904149,0.025206209099465027,29,10
speaking,4.977219183109809,0.025683234424694668,19,5
data,4.964020674998527,0.025879966162628887,27,9
formations,4.932617242095534,0.02635437344938385,25,8
developing,4.9315064808852,0.026371318110841924,21,6
peoples,4.9315064808852,0.026371318110841924,21,6
proposal,4.9315064808852,0.026371318110841924,21,6
conducting,4.919723173343064,0.02655177121028196,23,7
consideration,4.919723173343064,0.02655177121028196,23,7
heard,4.864155032594173,0.027420223096413787,94,49
conceal,4.832063330248581,0.027935179269327093,12,2
fall,4.832063330248581,0.027935179269327093,12,2
familiar,4.832063330248581,0.027935179269327093,12,2
objectives,4.832063330248581,0.027935179269327093,12,2
sector,4.832063330248581,0.027935179269327093,12,2
poroshenko,4.74325401540626,0.029413386691370724,34,13
refugees,4.74325401540626,0.029413386691370724,34,13
subject,4.74325401540626,0.029413386691370724,34,13
certainly,4.591049801098686,0.03213932332328151,14,3
strange,4.591049801098686,0.03213932332328151,14,3
participation,4.58741760625085,0.03220750532919603,39,16
public,4.58741760625085,0.03220750532919603,39,16
launch,4.5855203513606995,0.03224317979328373,30,11
national,4.521702108142444,0.03346751969563255,77,39
directly,4.5173354588940855,0.033553048298814336,28,10
discuss,4.5173354588940855,0.033553048298814336,28,10
happening,4.5173354588940855,0.033553048298814336,28,10
basements,4.49540035334801,0.03398615467594568,8,0
cited,4.49540035334801,0.03398615467594568,8,0
company,4.49540035334801,0.03398615467594568,8,0
contacts,4.49540035334801,0.03398615467594568,8,0
fabrications,4.49540035334801,0.03398615467594568,8,0
laid,4.49540035334801,0.03398615467594568,8,0
lawlessness,4.49540035334801,0.03398615467594568,8,0
linked,4.49540035334801,0.03398615467594568,8,0
monstrous,4.49540035334801,0.03398615467594568,8,0
one-sided,4.49540035334801,0.03398615467594568,8,0
persecuted,4.49540035334801,0.03398615467594568,8,0
politicized,4.49540035334801,0.03398615467594568,8,0
post,4.49540035334801,0.03398615467594568,8,0
sergeyev,4.49540035334801,0.03398615467594568,8,0
unconstitutional,4.49540035334801,0.03398615467594568,8,0
weakening,4.49540035334801,0.03398615467594568,8,0
yelchenko,4.49540035334801,0.03398615467594568,8,0
amnesty,4.459510860196969,0.0347074347206211,16,4
sense,4.459510860196969,0.0347074347206211,16,4
spoken,4.459510860196969,0.0347074347206211,16,4
number,4.4356602694996665,0.0351956037642458,108,59
feel,4.412336377940764,0.035679941741138865,24,8
furthermore,4.412336377940764,0.035679941741138865,24,8
kramatorsk,4.394610709069513,0.036052689600932886,18,5
status,4.389005555885305,0.036171405007105584,42,18
internal,4.388875815239102,0.036174157713592225,35,14
favour,4.38200937289815,0.0363201563206651,22,7
ones,4.38200937289815,0.0363201563206651,22,7
poland,4.373283917927293,0.036506572868224896,20,6
supplying,4.373283917927293,0.036506572868224896,20,6
facts,4.207061302828691,0.040256020413804605,50,23
anything,4.171268384960742,0.04111500903391507,38,16
concern,4.171268384960742,0.04111500903391507,38,16
ministry,4.171268384960742,0.04111500903391507,38,16
causes,4.15458892430436,0.04152185142175324,11,2
cynicism,4.15458892430436,0.04152185142175324,11,2
d'état,4.15458892430436,0.04152185142175324,11,2
entirely,4.15458892430436,0.04152185142175324,11,2
frankly,4.15458892430436,0.04152185142175324,11,2
getting,4.15458892430436,0.04152185142175324,11,2
opponents,4.15458892430436,0.04152185142175324,11,2
propagandists,4.15458892430436,0.04152185142175324,11,2
yatsenyuk,4.15458892430436,0.04152185142175324,11,2
zelenskyy's,4.15458892430436,0.04152185142175324,11,2
work,4.15002516297096,0.04163390517249965,71,36
set,4.109222764283843,0.042649958637846486,43,19
events,4.093293649720594,0.04305366737967897,53,25
investigation,4.08959236783022,0.04314804706339104,85,45
goal,4.065068503441669,0.043778909267540356,36,15
normal,4.039866642223962,0.04443733314348974,27,10
systems,4.0364133229256005,0.044528363292027806,61,30
declared,3.9945504142967074,0.045647628938302764,41,18
analysis,3.9677685925319275,0.04637919420790382,10,1
categorically,3.9677685925319275,0.04637919420790382,10,1
drafting,3.9677685925319275,0.04637919420790382,10,1
german,3.9677685925319275,0.04637919420790382,10,1
neo-nazism,3.9677685925319275,0.04637919420790382,10,1
persecution,3.9677685925319275,0.04637919420790382,10,1
touched,3.9677685925319275,0.04637919420790382,10,1
unleashed,3.9677685925319275,0.04637919420790382,10,1
affairs,3.9646311565415138,0.0464657006314797,64,32
air-defence,3.9587961833433436,0.04662703706702276,13,3
exception,3.9587961833433436,0.04662703706702276,13,3
odessa,3.9079839549482824,0.04805721437090593,23,8
rhetoric,3.9079839549482824,0.04805721437090593,23,8
nothing,3.8822126071089906,0.048800204912117895,78,41
$,3.8639569062179593,0.04933385058919515,15,4
albania,3.8639569062179593,0.04933385058919515,15,4
elderly,3.8639569062179593,0.04933385058919515,15,4
gone,3.8639569062179593,0.04933385058919515,15,4
simonovie,3.8639569062179593,0.04933385058919515,15,4
ordinary,3.860683698293821,0.04943018188499404,21,7
journalists,3.8597799540847326,0.04945681427951598,32,13
long,3.8457899618451443,0.049871023779160306,81,43
provisional,3.8317734238256076,0.05028969662769822,19,6
heroes,3.8287741270721627,0.05037976685994283,17,5
posted,3.8287741270721627,0.05037976685994283,17,5
referred,3.8287741270721627,0.05037976685994283,17,5
surprised,3.8287741270721627,0.05037976685994283,17,5
unprecedented,3.8287741270721627,0.05037976685994283,17,5
anti-russia,3.7466574365754273,0.05291322522876485,7,0
banking,3.7466574365754273,0.05291322522876485,7,0
corpses,3.7466574365754273,0.05291322522876485,7,0
dissent,3.7466574365754273,0.05291322522876485,7,0
dmytro,3.7466574365754273,0.05291322522876485,7,0
dombas,3.7466574365754273,0.05291322522876485,7,0
exists,3.7466574365754273,0.05291322522876485,7,0
gaza,3.7466574365754273,0.05291322522876485,7,0
grandi,3.7466574365754273,0.05291322522876485,7,0
informal,3.7466574365754273,0.05291322522876485,7,0
inscribed,3.7466574365754273,0.05291322522876485,7,0
involve,3.7466574365754273,0.05291322522876485,7,0
islamic,3.7466574365754273,0.05291322522876485,7,0
islands,3.7466574365754273,0.05291322522876485,7,0
junta,3.7466574365754273,0.05291322522876485,7,0
medicines,3.7466574365754273,0.05291322522876485,7,0
mortar,3.7466574365754273,0.05291322522876485,7,0
overthrow,3.7466574365754273,0.05291322522876485,7,0
patriotic,3.7466574365754273,0.05291322522876485,7,0
petal,3.7466574365754273,0.05291322522876485,7,0
photos,3.7466574365754273,0.05291322522876485,7,0
profits,3.7466574365754273,0.05291322522876485,7,0
remotely,3.7466574365754273,0.05291322522876485,7,0
rise,3.7466574365754273,0.05291322522876485,7,0
russian-language,3.7466574365754273,0.05291322522876485,7,0
senseless,3.7466574365754273,0.05291322522876485,7,0
sought,3.7466574365754273,0.05291322522876485,7,0
stationed,3.7466574365754273,0.05291322522876485,7,0
taxpayers,3.7466574365754273,0.05291322522876485,7,0
virtually,3.7466574365754273,0.05291322522876485,7,0
wait,3.7466574365754273,0.05291322522876485,7,0
yugoslavia,3.7466574365754273,0.05291322522876485,7,0
provisions,3.657242570934607,0.05582595313461436,35,15
east,3.606963049314642,0.057538101387313856,45,21
draw,3.578494196663122,0.05853218582551023,26,10
hands,3.547753368461741,0.05962613050657606,33,14
proposed,3.547753368461741,0.05962613050657606,33,14
hospitals,3.495708286061371,0.06152808328980208,24,9
questions,3.495708286061371,0.06152808328980208,24,9
turning,3.495708286061371,0.06152808328980208,24,9
absurd,3.492037184172379,0.061664657359020825,10,2
authors,3.492037184172379,0.061664657359020825,10,2
channel,3.492037184172379,0.061664657359020825,10,2
considering,3.492037184172379,0.061664657359020825,10,2
economy,3.492037184172379,0.061664657359020825,10,2
heads,3.492037184172379,0.061664657359020825,10,2
hearing,3.492037184172379,0.061664657359020825,10,2
high-precision,3.492037184172379,0.061664657359020825,10,2
preparations,3.492037184172379,0.061664657359020825,10,2
equipment,3.485958558759247,0.06189150754397155,43,20
turn,3.4402380078931194,0.0636265262353527,31,13
discussed,3.4211517180399724,0.06436609343119493,22,8
event,3.4211517180399724,0.06436609343119493,22,8
shells,3.4211517180399724,0.06436609343119493,22,8
constructive,3.3575658311388814,0.06689688268615279,20,7
dicarlo,3.3575658311388814,0.06689688268615279,20,7
knows,3.3575658311388814,0.06689688268615279,20,7
admitted,3.344513354271272,0.0674294146168114,12,3
comply,3.344513354271272,0.0674294146168114,12,3
outside,3.344513354271272,0.0674294146168114,12,3
regularly,3.344513354271272,0.0674294146168114,12,3
violent,3.344513354271272,0.0674294146168114,12,3
television,3.3351286018514106,0.06781510527962864,29,12
threatened,3.309062633339754,0.06889878196550403,18,6
changed,3.287459031390859,0.06981098070556424,14,4
showing,3.287459031390859,0.06981098070556424,14,4
transport,3.287459031390859,0.06981098070556424,14,4
illusions,3.2841125886243474,0.06995343469470083,9,1
kiev,3.2841125886243474,0.06995343469470083,9,1
kinds,3.2841125886243474,0.06995343469470083,9,1
organize,3.2841125886243474,0.06995343469470083,9,1
prolong,3.2841125886243474,0.06995343469470083,9,1
returning,3.2841125886243474,0.06995343469470083,9,1
shukhevych,3.2841125886243474,0.06995343469470083,9,1
suddenly,3.2841125886243474,0.06995343469470083,9,1
warned,3.2841125886243474,0.06995343469470083,9,1
burned,3.282103851667138,0.07003909363141192,16,5
firing,3.282103851667138,0.07003909363141192,16,5
share,3.282103851667138,0.07003909363141192,16,5
consequences,3.2640886918166867,0.07081235755337167,34,15
video,3.258404077665142,0.0710582520873938,44,21
normandy,3.2329937196854694,0.07216864767447184,27,11
results,3.2329937196854694,0.07216864767447184,27,11
seen,3.1701963350067324,0.07499343075789322,47,23
france,3.1498037559893763,0.07593609497329534,32,14
cent,3.149163142114018,0.07596591342599401,66,35
key,3.1345968689244095,0.07664733363195653,25,10
result,3.1193234899011864,0.07736889836453675,92,52
head,3.040987872549585,0.08118649693680358,23,9
occurred,3.040987872549585,0.08118649693680358,23,9
situation,3.036188147425277,0.08142691645710554,236,151
past,3.0273939832112515,0.08186941376443724,64,34
used,3.004955278548221,0.08301026796772559,90,51
aside,3.0039833756086014,0.08306006882947814,6,0
borrell,3.0039833756086014,0.08306006882947814,6,0
briefly,3.0039833756086014,0.08306006882947814,6,0
britain,3.0039833756086014,0.08306006882947814,6,0
bryansk,3.0039833756086014,0.08306006882947814,6,0
catastrophic,3.0039833756086014,0.08306006882947814,6,0
centuries,3.0039833756086014,0.08306006882947814,6,0
cleansing,3.0039833756086014,0.08306006882947814,6,0
criticize,3.0039833756086014,0.08306006882947814,6,0
criticized,3.0039833756086014,0.08306006882947814,6,0
crude,3.0039833756086014,0.08306006882947814,6,0
danilov,3.0039833756086014,0.08306006882947814,6,0
demonstration,3.0039833756086014,0.08306006882947814,6,0
dugina,3.0039833756086014,0.08306006882947814,6,0
insults,3.0039833756086014,0.08306006882947814,6,0
interviews,3.0039833756086014,0.08306006882947814,6,0
italy,3.0039833756086014,0.08306006882947814,6,0
latvia,3.0039833756086014,0.08306006882947814,6,0
metre,3.0039833756086014,0.08306006882947814,6,0
mistakes,3.0039833756086014,0.08306006882947814,6,0
nato's,3.0039833756086014,0.08306006882947814,6,0
objectivity,3.0039833756086014,0.08306006882947814,6,0
pawn,3.0039833756086014,0.08306006882947814,6,0
payments,3.0039833756086014,0.08306006882947814,6,0
photograph,3.0039833756086014,0.08306006882947814,6,0
phrase,3.0039833756086014,0.08306006882947814,6,0
plays,3.0039833756086014,0.08306006882947814,6,0
precedent,3.0039833756086014,0.08306006882947814,6,0
preferred,3.0039833756086014,0.08306006882947814,6,0
pumping,3.0039833756086014,0.08306006882947814,6,0
quartet,3.0039833756086014,0.08306006882947814,6,0
reprisals,3.0039833756086014,0.08306006882947814,6,0
rug,3.0039833756086014,0.08306006882947814,6,0
serbia,3.0039833756086014,0.08306006882947814,6,0
similarly,3.0039833756086014,0.08306006882947814,6,0
smokescreen,3.0039833756086014,0.08306006882947814,6,0
strip,3.0039833756086014,0.08306006882947814,6,0
suppressed,3.0039833756086014,0.08306006882947814,6,0
symbols,3.0039833756086014,0.08306006882947814,6,0
unions,3.0039833756086014,0.08306006882947814,6,0
workers,3.0039833756086014,0.08306006882947814,6,0
circumstances,2.9536509631940078,0.08568378582618186,21,8
called,2.9057686928989694,0.08826316487358954,62,33
difficult,2.8910916078507776,0.08907055668786723,38,18
adoption,2.874755404095212,0.0899786453288377,19,7
explain,2.874755404095212,0.0899786453288377,19,7
published,2.874755404095212,0.0899786453288377,19,7
residential,2.830609298321944,0.09248326567304987,71,39
comes,2.80760224818514,0.09381850549447968,17,6
eyes,2.80760224818514,0.09381850549447968,17,6
idea,2.80760224818514,0.09381850549447968,17,6
clear,2.8019941889358493,0.09414714362475163,113,67
economic,2.799354721153754,0.09430225242954426,41,20
rules,2.769002396387768,0.09610604073185314,36,17
constitution,2.768267520812965,0.09615017638849022,31,14
implementing,2.768267520812965,0.09615017638849022,31,14
attempting,2.7574731803609267,0.09680102107936639,15,5
chosen,2.7574731803609267,0.09680102107936639,15,5
intimidation,2.7574731803609267,0.09680102107936639,15,5
listened,2.7574731803609267,0.09680102107936639,15,5
methods,2.7574731803609267,0.09680102107936639,15,5
promised,2.7574731803609267,0.09680102107936639,15,5
unfortunate,2.7574731803609267,0.09680102107936639,15,5
ended,2.752049842446336,0.09712983193571978,11,3
hypocrisy,2.752049842446336,0.09712983193571978,11,3
remained,2.752049842446336,0.09712983193571978,11,3
current,2.7382574084133573,0.09797155058365015,52,27
banned,2.7333781339247487,0.09827122293948343,13,4
chief,2.7333781339247487,0.09827122293948343,13,4
images,2.7333781339247487,0.09827122293948343,13,4
included,2.7333781339247487,0.09827122293948343,13,4
indiscriminate,2.7333781339247487,0.09827122293948343,13,4
kindergartens,2.7333781339247487,0.09827122293948343,13,4
long-range,2.7333781339247487,0.09827122293948343,13,4
tragedies,2.7333781339247487,0.09827122293948343,13,4
citizens,2.7263775927969873,0.09870292596865815,120,72
battalion,2.7097156112440937,0.09973877063818126,24,10
capacity,2.7097156112440937,0.09973877063818126,24,10
objects,2.7097156112440937,0.09973877063818126,24,10
purposes,2.7097156112440937,0.09973877063818126,24,10
going,2.6646287256619794,0.10260176436145618,47,24
kingdom,2.650824901860688,0.1034961774294123,29,13
adviser,2.6189716089233275,0.10559285499241988,8,1
assertions,2.6189716089233275,0.10559285499241988,8,1
clashes,2.6189716089233275,0.10559285499241988,8,1
companies,2.6189716089233275,0.10559285499241988,8,1
emerged,2.6189716089233275,0.10559285499241988,8,1
granting,2.6189716089233275,0.10559285499241988,8,1
insinuations,2.6189716089233275,0.10559285499241988,8,1
libya,2.6189716089233275,0.10559285499241988,8,1
lithuania,2.6189716089233275,0.10559285499241988,8,1
references,2.6189716089233275,0.10559285499241988,8,1
revolution,2.6189716089233275,0.10559285499241988,8,1
sajdik,2.6189716089233275,0.10559285499241988,8,1
settling,2.6189716089233275,0.10559285499241988,8,1
shed,2.6189716089233275,0.10559285499241988,8,1
somehow,2.6189716089233275,0.10559285499241988,8,1
strategic,2.6189716089233275,0.10559285499241988,8,1
subjects,2.6189716089233275,0.10559285499241988,8,1
useful,2.6189716089233275,0.10559285499241988,8,1
contact,2.5419010114239713,0.1108612387350062,56,30
nazis,2.534381721014085,0.11139051108003517,27,12
experts,2.5255403426999057,0.11201640374943056,32,15
carefully,2.5075517429906204,0.11330183032379093,20,8
operations,2.4772552819570763,0.11550366006263402,40,20
document,2.4528410213726604,0.1173123692666429,51,27
supposed,2.4146879910883894,0.12020191725272955,18,7
approach,2.404263007236099,0.12100510004714593,30,14
power,2.349469592986871,0.12532564289623815,134,83
connection,2.330288552250191,0.12687835608231068,16,6
essential,2.330288552250191,0.12687835608231068,16,6
unacceptable,2.330288552250191,0.12687835608231068,16,6
well-known,2.330288552250191,0.12687835608231068,16,6
better,2.3055781579763237,0.1289103065807894,23,10
providing,2.3055781579763237,0.1289103065807894,23,10
tell,2.3055781579763237,0.1289103065807894,23,10
new,2.2734253966779576,0.1316087312248555,135,84
alley,2.2710128918558854,0.13181372803128277,5,0
angels,2.2710128918558854,0.13181372803128277,5,0
argue,2.2710128918558854,0.13181372803128277,5,0
arm,2.2710128918558854,0.13181372803128277,5,0
bandits,2.2710128918558854,0.13181372803128277,5,0
baseless,2.2710128918558854,0.13181372803128277,5,0
bbc,2.2710128918558854,0.13181372803128277,5,0
bebik,2.2710128918558854,0.13181372803128277,5,0
billions,2.2710128918558854,0.13181372803128277,5,0
calculations,2.2710128918558854,0.13181372803128277,5,0
cameras,2.2710128918558854,0.13181372803128277,5,0
clearer,2.2710128918558854,0.13181372803128277,5,0
collaborated,2.2710128918558854,0.13181372803128277,5,0
combating,2.2710128918558854,0.13181372803128277,5,0
comoros,2.2710128918558854,0.13181372803128277,5,0
connivance,2.2710128918558854,0.13181372803128277,5,0
controllers,2.2710128918558854,0.13181372803128277,5,0
corporations,2.2710128918558854,0.13181372803128277,5,0
correctly,2.2710128918558854,0.13181372803128277,5,0
dear,2.2710128918558854,0.13181372803128277,5,0
describe,2.2710128918558854,0.13181372803128277,5,0
dissenters,2.2710128918558854,0.13181372803128277,5,0
dissidents,2.2710128918558854,0.13181372803128277,5,0
distance,2.2710128918558854,0.13181372803128277,5,0
estonia,2.2710128918558854,0.13181372803128277,5,0
explosions,2.2710128918558854,0.13181372803128277,5,0
fathers,2.2710128918558854,0.13181372803128277,5,0
flawed,2.2710128918558854,0.13181372803128277,5,0
funds,2.2710128918558854,0.13181372803128277,5,0
gesture,2.2710128918558854,0.13181372803128277,5,0
glaring,2.2710128918558854,0.13181372803128277,5,0
groundless,2.2710128918558854,0.13181372803128277,5,0
kinnunen,2.2710128918558854,0.13181372803128277,5,0
kyslytsya,2.2710128918558854,0.13181372803128277,5,0
machinery,2.2710128918558854,0.13181372803128277,5,0
mendacious,2.2710128918558854,0.13181372803128277,5,0
missed,2.2710128918558854,0.13181372803128277,5,0
peacebuilding,2.2710128918558854,0.13181372803128277,5,0
populated,2.2710128918558854,0.13181372803128277,5,0
portray,2.2710128918558854,0.13181372803128277,5,0
postpone,2.2710128918558854,0.13181372803128277,5,0
procedural,2.2710128918558854,0.13181372803128277,5,0
producers,2.2710128918558854,0.13181372803128277,5,0
propagandist,2.2710128918558854,0.13181372803128277,5,0
push,2.2710128918558854,0.13181372803128277,5,0
rabid,2.2710128918558854,0.13181372803128277,5,0
racism,2.2710128918558854,0.13181372803128277,5,0
roots,2.2710128918558854,0.13181372803128277,5,0
sadists,2.2710128918558854,0.13181372803128277,5,0
schizophrenia,2.2710128918558854,0.13181372803128277,5,0
serbian,2.2710128918558854,0.13181372803128277,5,0
shots,2.2710128918558854,0.13181372803128277,5,0
simplified,2.2710128918558854,0.13181372803128277,5,0
spiral,2.2710128918558854,0.13181372803128277,5,0
staging,2.2710128918558854,0.13181372803128277,5,0
state's,2.2710128918558854,0.13181372803128277,5,0
suppliers,2.2710128918558854,0.13181372803128277,5,0
tasks,2.2710128918558854,0.13181372803128277,5,0
unbridled,2.2710128918558854,0.13181372803128277,5,0
undesirable,2.2710128918558854,0.13181372803128277,5,0
writing,2.2710128918558854,0.13181372803128277,5,0
cruelty,2.2583603154479492,0.1328947046957487,14,5
goods,2.2583603154479492,0.1328947046957487,14,5
says,2.2583603154479492,0.1328947046957487,14,5
trade,2.2583603154479492,0.1328947046957487,14,5
great,2.2294339039826108,0.13540344960402417,36,18
billion,2.2059153366400177,0.13748226715870882,12,4
determine,2.2059153366400177,0.13748226715870882,12,4
forgotten,2.2059153366400177,0.13748226715870882,12,4
ignoring,2.2059153366400177,0.13748226715870882,12,4
prevented,2.2059153366400177,0.13748226715870882,12,4
promises,2.2059153366400177,0.13748226715870882,12,4
rejected,2.2059153366400177,0.13748226715870882,12,4
remarks,2.2059153366400177,0.13748226715870882,12,4
separate,2.2059153366400177,0.13748226715870882,12,4
conduct,2.1940311393824734,0.1385462992234795,21,9
exactly,2.1940311393824734,0.1385462992234795,21,9
principle,2.1940311393824734,0.1385462992234795,21,9
progress,2.1940311393824734,0.1385462992234795,21,9
shelling,2.1939738745816153,0.13855144863582458,104,63
association,2.186438339140098,0.1392309418574348,10,3
confirms,2.186438339140098,0.1392309418574348,10,3
endorsed,2.186438339140098,0.1392309418574348,10,3
guns,2.186438339140098,0.1392309418574348,10,3
high-level,2.186438339140098,0.1392309418574348,10,3
horlivka,2.186438339140098,0.1392309418574348,10,3
markets,2.186438339140098,0.1392309418574348,10,3
needless,2.186438339140098,0.1392309418574348,10,3
politically,2.186438339140098,0.1392309418574348,10,3
reliable,2.186438339140098,0.1392309418574348,10,3
understood,2.186438339140098,0.1392309418574348,10,3
whatsoever,2.186438339140098,0.1392309418574348,10,3
witnesses,2.186438339140098,0.1392309418574348,10,3
agenda,2.182220934671261,0.13961286438980935,31,15
azov,2.182220934671261,0.13961286438980935,31,15
supplies,2.182220934671261,0.13961286438980935,31,15
word,2.182220934671261,0.13961286438980935,31,15
fired,2.162967586896893,0.14137142946771364,26,12
read,2.162967586896893,0.14137142946771364,26,12
similar,2.1055312053956943,0.1467673671511992,34,17
actively,2.085230784501368,0.1487297436030266,19,8
authority,2.085230784501368,0.1487297436030266,19,8
hard,2.085230784501368,0.1487297436030266,19,8
leader,2.085230784501368,0.1487297436030266,19,8
norms,2.0431626337450512,0.15289148151702714,24,11
instead,1.9959142982099107,0.15772385885227946,66,38
decided,1.98163383328432,0.159218391606758,32,16
munitions,1.9802050950709542,0.15936880210372972,17,7
participants,1.9802050950709542,0.15936880210372972,17,7
shooting,1.9802050950709542,0.15936880210372972,17,7
shows,1.9802050950709542,0.15936880210372972,17,7
accusing,1.9792846672412345,0.15946578587429183,7,1
achievement,1.9792846672412345,0.15946578587429183,7,1
aims,1.9792846672412345,0.15946578587429183,7,1
blanche,1.9792846672412345,0.15946578587429183,7,1
careful,1.9792846672412345,0.15946578587429183,7,1
carte,1.9792846672412345,0.15946578587429183,7,1
corrupt,1.9792846672412345,0.15946578587429183,7,1
crimeans,1.9792846672412345,0.15946578587429183,7,1
encouraging,1.9792846672412345,0.15946578587429183,7,1
existed,1.9792846672412345,0.15946578587429183,7,1
failing,1.9792846672412345,0.15946578587429183,7,1
falling,1.9792846672412345,0.15946578587429183,7,1
fulfilled,1.9792846672412345,0.15946578587429183,7,1
generally,1.9792846672412345,0.15946578587429183,7,1
inconvenient,1.9792846672412345,0.15946578587429183,7,1
insurgents,1.9792846672412345,0.15946578587429183,7,1
investigative,1.9792846672412345,0.15946578587429183,7,1
morozova,1.9792846672412345,0.15946578587429183,7,1
painted,1.9792846672412345,0.15946578587429183,7,1
project,1.9792846672412345,0.15946578587429183,7,1
prospects,1.9792846672412345,0.15946578587429183,7,1
rebels,1.9792846672412345,0.15946578587429183,7,1
respectful,1.9792846672412345,0.15946578587429183,7,1
rushed,1.9792846672412345,0.15946578587429183,7,1
sequence,1.9792846672412345,0.15946578587429183,7,1
setting,1.9792846672412345,0.15946578587429183,7,1
sniper,1.9792846672412345,0.15946578587429183,7,1
sold,1.9792846672412345,0.15946578587429183,7,1
stipulated,1.9792846672412345,0.15946578587429183,7,1
testimonies,1.9792846672412345,0.15946578587429183,7,1
thinking,1.9792846672412345,0.15946578587429183,7,1
traditions,1.9792846672412345,0.15946578587429183,7,1
vienna,1.9792846672412345,0.15946578587429183,7,1
implement,1.9666514825891872,0.16080373720949326,43,23
civilian,1.9592407281315012,0.16159454450275867,123,77
terms,1.9241282102990485,0.16540228239352495,22,10
trust,1.9241282102990485,0.16540228239352495,22,10
shall,1.9233102142129246,0.16549220318889624,35,18
absence,1.9142362239814825,0.16649345036174068,9,2
appeals,1.9142362239814825,0.16649345036174068,9,2
arrested,1.9142362239814825,0.16649345036174068,9,2
multiple-launch,1.9142362239814825,0.16649345036174068,9,2
swift,1.9142362239814825,0.16649345036174068,9,2
tensions,1.9142362239814825,0.16649345036174068,9,2
carried,1.9054582569438963,0.16746863676442725,52,29
disregard,1.8805695025899232,0.17026943417401064,15,6
secret,1.8805695025899232,0.17026943417401064,15,6
buildings,1.8791141187271863,0.17043486808384545,38,20
especially,1.857741787305025,0.1728856567725221,30,15
without,1.832556674972556,0.17582586205421613,102,63
wish,1.8206405297294013,0.1772370516629974,44,24
education,1.8129456257834025,0.17815527798373632,25,12
collective,1.8061017934917705,0.17897656478741375,20,9
conducted,1.8061017934917705,0.17897656478741375,20,9
quite,1.7999272283415,0.1797212928665496,33,17
assessments,1.789016393118309,0.18104605156723708,13,5
constantly,1.789016393118309,0.18104605156723708,13,5
launchers,1.789016393118309,0.18104605156723708,13,5
manner,1.789016393118309,0.18104605156723708,13,5
outcome,1.789016393118309,0.18104605156723708,13,5
specifically,1.789016393118309,0.18104605156723708,13,5
supply,1.7569175905703178,0.18500945288293458,36,19
problem,1.7338550671143749,0.18791931769856351,28,14
present,1.7250120666807465,0.189049158255976,39,21
alternative,1.7103920618387989,0.19093451038401,11,4
centres,1.7103920618387989,0.19093451038401,11,4
church,1.7103920618387989,0.19093451038401,11,4
cluster,1.7103920618387989,0.19093451038401,11,4
convene,1.7103920618387989,0.19093451038401,11,4
cooperate,1.7103920618387989,0.19093451038401,11,4
counter,1.7103920618387989,0.19093451038401,11,4
launching,1.7103920618387989,0.19093451038401,11,4
legally,1.7103920618387989,0.19093451038401,11,4
type,1.7103920618387989,0.19093451038401,11,4
young,1.7103920618387989,0.19093451038401,11,4
based,1.7016485593597732,0.1920725225607166,42,23
coordination,1.6901458981839992,0.1935817376982356,23,11
part,1.6897287430921333,0.19363673065773823,117,74
financial,1.6894304651528502,0.19367606340872234,18,8
although,1.6766149381207542,0.19537485548469802,31,16
behind,1.6766149381207542,0.19537485548469802,31,16
real,1.6667970292842709,0.196688095768641,51,29
admit,1.6543890994600146,0.19836260241363157,9,3
closely,1.6543890994600146,0.19836260241363157,9,3
confrontation,1.6543890994600146,0.19836260241363157,9,3
convince,1.6543890994600146,0.19836260241363157,9,3
demanded,1.6543890994600146,0.19836260241363157,9,3
dutch,1.6543890994600146,0.19836260241363157,9,3
field,1.6543890994600146,0.19836260241363157,9,3
machine,1.6543890994600146,0.19836260241363157,9,3
meant,1.6543890994600146,0.19836260241363157,9,3
neo-nazis,1.6543890994600146,0.19836260241363157,9,3
outset,1.6543890994600146,0.19836260241363157,9,3
reference,1.6543890994600146,0.19836260241363157,9,3
refuse,1.6543890994600146,0.19836260241363157,9,3
spite,1.6543890994600146,0.19836260241363157,9,3
statistics,1.6543890994600146,0.19836260241363157,9,3
ties,1.6543890994600146,0.19836260241363157,9,3
hundreds,1.5831372788656362,0.208309371961787,40,22
fail,1.5746423934630511,0.20953410444597442,16,7
logic,1.5746423934630511,0.20953410444597442,16,7
task,1.5746423934630511,0.20953410444597442,16,7
comment,1.5675602695726927,0.21056167573042928,21,10
engage,1.5675602695726927,0.21056167573042928,21,10
abhorrent,1.5550154283700681,0.21239655247144085,4,0
achievements,1.5550154283700681,0.21239655247144085,4,0
afford,1.5550154283700681,0.21239655247144085,4,0
agony,1.5550154283700681,0.21239655247144085,4,0
aidar,1.5550154283700681,0.21239655247144085,4,0
americans,1.5550154283700681,0.21239655247144085,4,0
annihilated,1.5550154283700681,0.21239655247144085,4,0
approval,1.5550154283700681,0.21239655247144085,4,0
arbitrarily,1.5550154283700681,0.21239655247144085,4,0
arrogantly,1.5550154283700681,0.21239655247144085,4,0
assertion,1.5550154283700681,0.21239655247144085,4,0
associates,1.5550154283700681,0.21239655247144085,4,0
backs,1.5550154283700681,0.21239655247144085,4,0
biased,1.5550154283700681,0.21239655247144085,4,0
blamed,1.5550154283700681,0.21239655247144085,4,0
blindness,1.5550154283700681,0.21239655247144085,4,0
bombardments,1.5550154283700681,0.21239655247144085,4,0
bombed,1.5550154283700681,0.21239655247144085,4,0
bulgaria,1.5550154283700681,0.21239655247144085,4,0
calm,1.5550154283700681,0.21239655247144085,4,0
capitulation,1.5550154283700681,0.21239655247144085,4,0
civic,1.5550154283700681,0.21239655247144085,4,0
civilization,1.5550154283700681,0.21239655247144085,4,0
colombia,1.5550154283700681,0.21239655247144085,4,0
colossal,1.5550154283700681,0.21239655247144085,4,0
complained,1.5550154283700681,0.21239655247144085,4,0
contradicts,1.5550154283700681,0.21239655247144085,4,0
controversial,1.5550154283700681,0.21239655247144085,4,0
costs,1.5550154283700681,0.21239655247144085,4,0
credit,1.5550154283700681,0.21239655247144085,4,0
crusade,1.5550154283700681,0.21239655247144085,4,0
cyprus,1.5550154283700681,0.21239655247144085,4,0
d.c,1.5550154283700681,0.21239655247144085,4,0
declarations,1.5550154283700681,0.21239655247144085,4,0
deem,1.5550154283700681,0.21239655247144085,4,0
deemed,1.5550154283700681,0.21239655247144085,4,0
denisova,1.5550154283700681,0.21239655247144085,4,0
depots,1.5550154283700681,0.21239655247144085,4,0
disarmament,1.5550154283700681,0.21239655247144085,4,0
discriminatory,1.5550154283700681,0.21239655247144085,4,0
dismissed,1.5550154283700681,0.21239655247144085,4,0
dnepr,1.5550154283700681,0.21239655247144085,4,0
dollars,1.5550154283700681,0.21239655247144085,4,0
dragged,1.5550154283700681,0.21239655247144085,4,0
edited,1.5550154283700681,0.21239655247144085,4,0
eliminated,1.5550154283700681,0.21239655247144085,4,0
eloquent,1.5550154283700681,0.21239655247144085,4,0
else's,1.5550154283700681,0.21239655247144085,4,0
enacted,1.5550154283700681,0.21239655247144085,4,0
episodes,1.5550154283700681,0.21239655247144085,4,0
excessive,1.5550154283700681,0.21239655247144085,4,0
exploited,1.5550154283700681,0.21239655247144085,4,0
explosives,1.5550154283700681,0.21239655247144085,4,0
extrajudicial,1.5550154283700681,0.21239655247144085,4,0
fatal,1.5550154283700681,0.21239655247144085,4,0
fewer,1.5550154283700681,0.21239655247144085,4,0
fine,1.5550154283700681,0.21239655247144085,4,0
flourishing,1.5550154283700681,0.21239655247144085,4,0
gain,1.5550154283700681,0.21239655247144085,4,0
greece,1.5550154283700681,0.21239655247144085,4,0
grenada,1.5550154283700681,0.21239655247144085,4,0
haiti,1.5550154283700681,0.21239655247144085,4,0
haley,1.5550154283700681,0.21239655247144085,4,0
hateful,1.5550154283700681,0.21239655247144085,4,0
holiday,1.5550154283700681,0.21239655247144085,4,0
inconsistencies,1.5550154283700681,0.21239655247144085,4,0
indian,1.5550154283700681,0.21239655247144085,4,0
indisputable,1.5550154283700681,0.21239655247144085,4,0
inglorious,1.5550154283700681,0.21239655247144085,4,0
institute,1.5550154283700681,0.21239655247144085,4,0
intentional,1.5550154283700681,0.21239655247144085,4,0
judges,1.5550154283700681,0.21239655247144085,4,0
klimkin,1.5550154283700681,0.21239655247144085,4,0
levant,1.5550154283700681,0.21239655247144085,4,0
luxembourg,1.5550154283700681,0.21239655247144085,4,0
militia,1.5550154283700681,0.21239655247144085,4,0
mobility,1.5550154283700681,0.21239655247144085,4,0
municipal,1.5550154283700681,0.21239655247144085,4,0
naive,1.5550154283700681,0.21239655247144085,4,0
neighbourhoods,1.5550154283700681,0.21239655247144085,4,0
nonetheless,1.5550154283700681,0.21239655247144085,4,0
operators,1.5550154283700681,0.21239655247144085,4,0
organizers,1.5550154283700681,0.21239655247144085,4,0
parades,1.5550154283700681,0.21239655247144085,4,0
pertaining,1.5550154283700681,0.21239655247144085,4,0
photo,1.5550154283700681,0.21239655247144085,4,0
pillaging,1.5550154283700681,0.21239655247144085,4,0
prior,1.5550154283700681,0.21239655247144085,4,0
propagandistic,1.5550154283700681,0.21239655247144085,4,0
proposing,1.5550154283700681,0.21239655247144085,4,0
raises,1.5550154283700681,0.21239655247144085,4,0
refusing,1.5550154283700681,0.21239655247144085,4,0
remit,1.5550154283700681,0.21239655247144085,4,0
representing,1.5550154283700681,0.21239655247144085,4,0
right-wing,1.5550154283700681,0.21239655247144085,4,0
roman,1.5550154283700681,0.21239655247144085,4,0
rooted,1.5550154283700681,0.21239655247144085,4,0
round,1.5550154283700681,0.21239655247144085,4,0
sacred,1.5550154283700681,0.21239655247144085,4,0
satellites,1.5550154283700681,0.21239655247144085,4,0
scheme,1.5550154283700681,0.21239655247144085,4,0
scum,1.5550154283700681,0.21239655247144085,4,0
sentiment,1.5550154283700681,0.21239655247144085,4,0
separation,1.5550154283700681,0.21239655247144085,4,0
shortly,1.5550154283700681,0.21239655247144085,4,0
significance,1.5550154283700681,0.21239655247144085,4,0
smear,1.5550154283700681,0.21239655247144085,4,0
speaker,1.5550154283700681,0.21239655247144085,4,0
speedy,1.5550154283700681,0.21239655247144085,4,0
stepan,1.5550154283700681,0.21239655247144085,4,0
stock,1.5550154283700681,0.21239655247144085,4,0
storehouses,1.5550154283700681,0.21239655247144085,4,0
stubbornly,1.5550154283700681,0.21239655247144085,4,0
suffice,1.5550154283700681,0.21239655247144085,4,0
suppress,1.5550154283700681,0.21239655247144085,4,0
surrendered,1.5550154283700681,0.21239655247144085,4,0
surveillance,1.5550154283700681,0.21239655247144085,4,0
sweep,1.5550154283700681,0.21239655247144085,4,0
sympathize,1.5550154283700681,0.21239655247144085,4,0
testimony,1.5550154283700681,0.21239655247144085,4,0
textbook,1.5550154283700681,0.21239655247144085,4,0
textbooks,1.5550154283700681,0.21239655247144085,4,0
tolerance,1.5550154283700681,0.21239655247144085,4,0
trample,1.5550154283700681,0.21239655247144085,4,0
treacherous,1.5550154283700681,0.21239655247144085,4,0
tricks,1.5550154283700681,0.21239655247144085,4,0
turkey,1.5550154283700681,0.21239655247144085,4,0
understandable,1.5550154283700681,0.21239655247144085,4,0
undoubtedly,1.5550154283700681,0.21239655247144085,4,0
union's,1.5550154283700681,0.21239655247144085,4,0
unscrupulous,1.5550154283700681,0.21239655247144085,4,0
unsuccessful,1.5550154283700681,0.21239655247144085,4,0
unverified,1.5550154283700681,0.21239655247144085,4,0
vacuum,1.5550154283700681,0.21239655247144085,4,0
victors,1.5550154283700681,0.21239655247144085,4,0
visits,1.5550154283700681,0.21239655247144085,4,0
wearing,1.5550154283700681,0.21239655247144085,4,0
whereas,1.5550154283700681,0.21239655247144085,4,0
witch,1.5550154283700681,0.21239655247144085,4,0
worried,1.5550154283700681,0.21239655247144085,4,0
worsening,1.5550154283700681,0.21239655247144085,4,0
worthy,1.5550154283700681,0.21239655247144085,4,0
opportunity,1.5536833187621826,0.21259250598526946,49,28
away,1.5533867142499769,0.21263616575641942,29,15
close,1.5533867142499769,0.21263616575641942,29,15
created,1.5533867142499769,0.21263616575641942,29,15
artillery,1.4656028846753362,0.22604074292422638,62,37
clearly,1.4656028846753362,0.22604074292422638,62,37
bombing,1.4625826477175925,0.22651964115951173,14,6
claims,1.4625826477175925,0.22651964115951173,14,6
emphasize,1.4625826477175925,0.22651964115951173,14,6
jews,1.4625826477175925,0.22651964115951173,14,6
unfortunately,1.4567728046048327,0.22744430008539496,59,35
provocations,1.4523435444398396,0.22815228295710654,41,23
regarding,1.4523435444398396,0.22815228295710654,41,23
alleged,1.4452558456009392,0.22929072036559484,19,9
related,1.4452558456009392,0.22929072036559484,19,9
partners,1.4443983404892595,0.22942891737367566,53,31
prepared,1.4302598409044063,0.23172203699770966,27,14
yet,1.3854522765661528,0.2391746050771234,82,51
accomplices,1.3786378324738722,0.24033331031876026,8,2
choose,1.3786378324738722,0.24033331031876026,8,2
conscription,1.3786378324738722,0.24033331031876026,8,2
drawn,1.3786378324738722,0.24033331031876026,8,2
english,1.3786378324738722,0.24033331031876026,8,2
explained,1.3786378324738722,0.24033331031876026,8,2
mayor,1.3786378324738722,0.24033331031876026,8,2
mere,1.3786378324738722,0.24033331031876026,8,2
pushing,1.3786378324738722,0.24033331031876026,8,2
realistic,1.3786378324738722,0.24033331031876026,8,2
referring,1.3786378324738722,0.24033331031876026,8,2
refusal,1.3786378324738722,0.24033331031876026,8,2
requests,1.3786378324738722,0.24033331031876026,8,2
reunification,1.3786378324738722,0.24033331031876026,8,2
sabotaging,1.3786378324738722,0.24033331031876026,8,2
twice,1.3786378324738722,0.24033331031876026,8,2
uphold,1.3786378324738722,0.24033331031876026,8,2
urged,1.3786378324738722,0.24033331031876026,8,2
vain,1.3786378324738722,0.24033331031876026,8,2
advice,1.3759559282752731,0.24079120274253307,6,1
alongside,1.3759559282752731,0.24079120274253307,6,1
charge,1.3759559282752731,0.24079120274253307,6,1
coincidence,1.3759559282752731,0.24079120274253307,6,1
completed,1.3759559282752731,0.24079120274253307,6,1
countrymen,1.3759559282752731,0.24079120274253307,6,1
covering,1.3759559282752731,0.24079120274253307,6,1
criticism,1.3759559282752731,0.24079120274253307,6,1
daughter,1.3759559282752731,0.24079120274253307,6,1
dirty,1.3759559282752731,0.24079120274253307,6,1
disseminated,1.3759559282752731,0.24079120274253307,6,1
distort,1.3759559282752731,0.24079120274253307,6,1
evident,1.3759559282752731,0.24079120274253307,6,1
eyewitnesses,1.3759559282752731,0.24079120274253307,6,1
faced,1.3759559282752731,0.24079120274253307,6,1
firearms,1.3759559282752731,0.24079120274253307,6,1
guilty,1.3759559282752731,0.24079120274253307,6,1
handed,1.3759559282752731,0.24079120274253307,6,1
island,1.3759559282752731,0.24079120274253307,6,1
objectively,1.3759559282752731,0.24079120274253307,6,1
opinions,1.3759559282752731,0.24079120274253307,6,1
parameters,1.3759559282752731,0.24079120274253307,6,1
plenty,1.3759559282752731,0.24079120274253307,6,1
poor,1.3759559282752731,0.24079120274253307,6,1
prevail,1.3759559282752731,0.24079120274253307,6,1
promoted,1.3759559282752731,0.24079120274253307,6,1
purely,1.3759559282752731,0.24079120274253307,6,1
rebuild,1.3759559282752731,0.24079120274253307,6,1
reputation,1.3759559282752731,0.24079120274253307,6,1
rid,1.3759559282752731,0.24079120274253307,6,1
sadly,1.3759559282752731,0.24079120274253307,6,1
sole,1.3759559282752731,0.24079120274253307,6,1
source,1.3759559282752731,0.24079120274253307,6,1
suggested,1.3759559282752731,0.24079120274253307,6,1
surface-to-air,1.3759559282752731,0.24079120274253307,6,1
tochka-u,1.3759559282752731,0.24079120274253307,6,1
turns,1.3759559282752731,0.24079120274253307,6,1
ukrainization,1.3759559282752731,0.24079120274253307,6,1
voluntary,1.3759559282752731,0.24079120274253307,6,1
january,1.365314074550599,0.24261862500369158,33,18
led,1.365314074550599,0.24261862500369158,33,18
addition,1.362226857840392,0.2431519202634136,22,11
afghanistan,1.3546928169565247,0.2444593846962183,12,5
agency,1.3546928169565247,0.2444593846962183,12,5
chose,1.3546928169565247,0.2444593846962183,12,5
foremost,1.3546928169565247,0.2444593846962183,12,5
pass,1.3546928169565247,0.2444593846962183,12,5
stage,1.3546928169565247,0.2444593846962183,12,5
violence,1.3366495770940998,0.2476256873439523,51,30
market,1.323331942797713,0.24999494550152057,17,8
previously,1.323331942797713,0.24999494550152057,17,8
specific,1.323331942797713,0.24999494550152057,17,8
making,1.270558953702345,0.25966184676158066,28,15
attitude,1.2536501382627314,0.262856464091363,10,4
broad,1.2536501382627314,0.262856464091363,10,4
complex,1.2536501382627314,0.262856464091363,10,4
contains,1.2536501382627314,0.262856464091363,10,4
exclusively,1.2536501382627314,0.262856464091363,10,4
experience,1.2536501382627314,0.262856464091363,10,4
faith,1.2536501382627314,0.262856464091363,10,4
initiatives,1.2536501382627314,0.262856464091363,10,4
levels,1.2536501382627314,0.262856464091363,10,4
photographs,1.2536501382627314,0.262856464091363,10,4
promote,1.2536501382627314,0.262856464091363,10,4
propose,1.2536501382627314,0.262856464091363,10,4
pursuant,1.2536501382627314,0.262856464091363,10,4
required,1.2536501382627314,0.262856464091363,10,4
restrictions,1.2536501382627314,0.262856464091363,10,4
spirit,1.2536501382627314,0.262856464091363,10,4
well,1.2509154741512334,0.2633776987004931,159,106
incident,1.2464231624599398,0.2642367350534003,31,17
carrying,1.238361437370568,0.26578707862656314,20,10
declaration,1.238361437370568,0.26578707862656314,20,10
high,1.2301487812145486,0.26737810562070397,49,29
settlement,1.220088634085575,0.26934325824440575,43,25
fire,1.2194834336109266,0.2694620521971963,40,23
achieved,1.201942050531431,0.2729338702035009,15,7
confirm,1.201942050531431,0.2729338702035009,15,7
educational,1.201942050531431,0.2729338702035009,15,7
expression,1.201942050531431,0.2729338702035009,15,7
forget,1.201942050531431,0.2729338702035009,15,7
nine,1.201942050531431,0.2729338702035009,15,7
proposals,1.201942050531431,0.2729338702035009,15,7
rose,1.201942050531431,0.2729338702035009,15,7
shown,1.201942050531431,0.2729338702035009,15,7
majority,1.184408913093383,0.27646025281393205,23,12
press,1.184408913093383,0.27646025281393205,23,12
parties,1.1156103548802996,0.29086562530948157,32,18
horrific,1.1145013409726598,0.29110554587505233,18,9
referendums,1.1145013409726598,0.29110554587505233,18,9
case,1.0923175094629525,0.2959582935986236,60,37
african,1.0813365990410688,0.2983987420169405,13,6
alive,1.0813365990410688,0.2983987420169405,13,6
blatant,1.0813365990410688,0.2983987420169405,13,6
consistently,1.0813365990410688,0.2983987420169405,13,6
cost,1.0813365990410688,0.2983987420169405,13,6
opinion,1.0813365990410688,0.2983987420169405,13,6
prime,1.0813365990410688,0.2983987420169405,13,6
showed,1.0813365990410688,0.2983987420169405,13,6
civilians,1.065675860633273,0.3019242131719483,174,118
doubt,1.029644632345342,0.31024214792046423,24,13
good,0.9975853266571282,0.3178954943970326,33,19
thing,0.9975853266571282,0.3178954943970326,33,19
statement,0.9909004181177262,0.3195224039836655,126,84
central,0.9906465683034105,0.31958439888849555,16,8
early,0.9906465683034105,0.31958439888849555,16,8
influence,0.9906465683034105,0.31958439888849555,16,8
move,0.9906465683034105,0.31958439888849555,16,8
road,0.9906465683034105,0.31958439888849555,16,8
much,0.9635816673606385,0.32628612598912055,52,32
minister,0.9631969518781205,0.32638272028755244,65,41
claimed,0.9619538415022814,0.3266950992882579,11,5
exchange,0.9619538415022814,0.3266950992882579,11,5
procedures,0.9619538415022814,0.3266950992882579,11,5
sometimes,0.9619538415022814,0.3266950992882579,11,5
submitted,0.9619538415022814,0.3266950992882579,11,5
just,0.9517425977900801,0.329276130362799,177,121
ammunition,0.9393618637914382,0.3324420080046159,19,10
claim,0.9393618637914382,0.3324420080046159,19,10
expect,0.9393618637914382,0.3324420080046159,19,10
item,0.9393618637914382,0.3324420080046159,19,10
taking,0.9197550298576164,0.3375393016448591,43,26
albanian,0.8944505314102813,0.34427409896192307,7,2
besides,0.8944505314102813,0.34427409896192307,7,2
cast,0.8944505314102813,0.34427409896192307,7,2
dealt,0.8944505314102813,0.34427409896192307,7,2
degree,0.8944505314102813,0.34427409896192307,7,2
discrimination,0.8944505314102813,0.34427409896192307,7,2
disengagement,0.8944505314102813,0.34427409896192307,7,2
empty,0.8944505314102813,0.34427409896192307,7,2
formed,0.8944505314102813,0.34427409896192307,7,2
ideological,0.8944505314102813,0.34427409896192307,7,2
intense,0.8944505314102813,0.34427409896192307,7,2
linguistic,0.8944505314102813,0.34427409896192307,7,2
measure,0.8944505314102813,0.34427409896192307,7,2
negotiate,0.8944505314102813,0.34427409896192307,7,2
normally,0.8944505314102813,0.34427409896192307,7,2
physical,0.8944505314102813,0.34427409896192307,7,2
reflect,0.8944505314102813,0.34427409896192307,7,2
reject,0.8944505314102813,0.34427409896192307,7,2
thought,0.8944505314102813,0.34427409896192307,7,2
travelling,0.8944505314102813,0.34427409896192307,7,2
truce,0.8944505314102813,0.34427409896192307,7,2
virtual,0.8944505314102813,0.34427409896192307,7,2
reform,0.8876091289347534,0.3461260346558589,28,16
155-millimetre,0.8729530192557553,0.3501390833096937,3,0
abyss,0.8729530192557553,0.3501390833096937,3,0
accurately,0.8729530192557553,0.3501390833096937,3,0
accusation,0.8729530192557553,0.3501390833096937,3,0
adventures,0.8729530192557553,0.3501390833096937,3,0
advocated,0.8729530192557553,0.3501390833096937,3,0
affirm,0.8729530192557553,0.3501390833096937,3,0
albanians,0.8729530192557553,0.3501390833096937,3,0
alliance,0.8729530192557553,0.3501390833096937,3,0
allocating,0.8729530192557553,0.3501390833096937,3,0
alternatives,0.8729530192557553,0.3501390833096937,3,0
analyse,0.8729530192557553,0.3501390833096937,3,0
anti-air,0.8729530192557553,0.3501390833096937,3,0
anti-government,0.8729530192557553,0.3501390833096937,3,0
anti-popular,0.8729530192557553,0.3501390833096937,3,0
antony,0.8729530192557553,0.3501390833096937,3,0
apparent,0.8729530192557553,0.3501390833096937,3,0
applicable,0.8729530192557553,0.3501390833096937,3,0
approves,0.8729530192557553,0.3501390833096937,3,0
arable,0.8729530192557553,0.3501390833096937,3,0
arguing,0.8729530192557553,0.3501390833096937,3,0
armbands,0.8729530192557553,0.3501390833096937,3,0
arrival,0.8729530192557553,0.3501390833096937,3,0
associated,0.8729530192557553,0.3501390833096937,3,0
asylum,0.8729530192557553,0.3501390833096937,3,0
austria,0.8729530192557553,0.3501390833096937,3,0
author,0.8729530192557553,0.3501390833096937,3,0
autonomy,0.8729530192557553,0.3501390833096937,3,0
awaited,0.8729530192557553,0.3501390833096937,3,0
backbone,0.8729530192557553,0.3501390833096937,3,0
baerbock,0.8729530192557553,0.3501390833096937,3,0
balance,0.8729530192557553,0.3501390833096937,3,0
banner,0.8729530192557553,0.3501390833096937,3,0
batch,0.8729530192557553,0.3501390833096937,3,0
batynsky,0.8729530192557553,0.3501390833096937,3,0
beauty,0.8729530192557553,0.3501390833096937,3,0
behaved,0.8729530192557553,0.3501390833096937,3,0
belief,0.8729530192557553,0.3501390833096937,3,0
bellicose,0.8729530192557553,0.3501390833096937,3,0
belongs,0.8729530192557553,0.3501390833096937,3,0
betrayed,0.8729530192557553,0.3501390833096937,3,0
bloc,0.8729530192557553,0.3501390833096937,3,0
bogdan,0.8729530192557553,0.3501390833096937,3,0
book,0.8729530192557553,0.3501390833096937,3,0
boris,0.8729530192557553,0.3501390833096937,3,0
boxes,0.8729530192557553,0.3501390833096937,3,0
branded,0.8729530192557553,0.3501390833096937,3,0
brothers,0.8729530192557553,0.3501390833096937,3,0
busy,0.8729530192557553,0.3501390833096937,3,0
butterfly,0.8729530192557553,0.3501390833096937,3,0
cargill,0.8729530192557553,0.3501390833096937,3,0
categories,0.8729530192557553,0.3501390833096937,3,0
cathedral,0.8729530192557553,0.3501390833096937,3,0
chairperson-in-office,0.8729530192557553,0.3501390833096937,3,0
check,0.8729530192557553,0.3501390833096937,3,0
chilling,0.8729530192557553,0.3501390833096937,3,0
circulation,0.8729530192557553,0.3501390833096937,3,0
clumsily,0.8729530192557553,0.3501390833096937,3,0
cocktails,0.8729530192557553,0.3501390833096937,3,0
collapse,0.8729530192557553,0.3501390833096937,3,0
commandant,0.8729530192557553,0.3501390833096937,3,0
comorian,0.8729530192557553,0.3501390833096937,3,0
concert,0.8729530192557553,0.3501390833096937,3,0
congress,0.8729530192557553,0.3501390833096937,3,0
consequently,0.8729530192557553,0.3501390833096937,3,0
considerably,0.8729530192557553,0.3501390833096937,3,0
consultation,0.8729530192557553,0.3501390833096937,3,0
controversy,0.8729530192557553,0.3501390833096937,3,0
correspondents,0.8729530192557553,0.3501390833096937,3,0
counter-offensive,0.8729530192557553,0.3501390833096937,3,0
creates,0.8729530192557553,0.3501390833096937,3,0
croatia,0.8729530192557553,0.3501390833096937,3,0
czech,0.8729530192557553,0.3501390833096937,3,0
deaf,0.8729530192557553,0.3501390833096937,3,0
demagoguery,0.8729530192557553,0.3501390833096937,3,0
democratically,0.8729530192557553,0.3501390833096937,3,0
democrats,0.8729530192557553,0.3501390833096937,3,0
denigrate,0.8729530192557553,0.3501390833096937,3,0
denmark,0.8729530192557553,0.3501390833096937,3,0
densely,0.8729530192557553,0.3501390833096937,3,0
depart,0.8729530192557553,0.3501390833096937,3,0
depict,0.8729530192557553,0.3501390833096937,3,0
destined,0.8729530192557553,0.3501390833096937,3,0
devalue,0.8729530192557553,0.3501390833096937,3,0
disagree,0.8729530192557553,0.3501390833096937,3,0
disagreement,0.8729530192557553,0.3501390833096937,3,0
disregarded,0.8729530192557553,0.3501390833096937,3,0
distinction,0.8729530192557553,0.3501390833096937,3,0
dominican,0.8729530192557553,0.3501390833096937,3,0
downplay,0.8729530192557553,0.3501390833096937,3,0
drama,0.8729530192557553,0.3501390833096937,3,0
duplicitous,0.8729530192557553,0.3501390833096937,3,0
ease,0.8729530192557553,0.3501390833096937,3,0
eight-year,0.8729530192557553,0.3501390833096937,3,0
elaboration,0.8729530192557553,0.3501390833096937,3,0
emanate,0.8729530192557553,0.3501390833096937,3,0
emanating,0.8729530192557553,0.3501390833096937,3,0
enact,0.8729530192557553,0.3501390833096937,3,0
engaging,0.8729530192557553,0.3501390833096937,3,0
eradicating,0.8729530192557553,0.3501390833096937,3,0
europol,0.8729530192557553,0.3501390833096937,3,0
evidently,0.8729530192557553,0.3501390833096937,3,0
exacerbating,0.8729530192557553,0.3501390833096937,3,0
exempt,0.8729530192557553,0.3501390833096937,3,0
exerting,0.8729530192557553,0.3501390833096937,3,0
exhaustive,0.8729530192557553,0.3501390833096937,3,0
extremism,0.8729530192557553,0.3501390833096937,3,0
extricate,0.8729530192557553,0.3501390833096937,3,0
falls,0.8729530192557553,0.3501390833096937,3,0
false-flag,0.8729530192557553,0.3501390833096937,3,0
far-reaching,0.8729530192557553,0.3501390833096937,3,0
farion,0.8729530192557553,0.3501390833096937,3,0
fateful,0.8729530192557553,0.3501390833096937,3,0
favourable,0.8729530192557553,0.3501390833096937,3,0
feature,0.8729530192557553,0.3501390833096937,3,0
filippo,0.8729530192557553,0.3501390833096937,3,0
finished,0.8729530192557553,0.3501390833096937,3,0
fontelles,0.8729530192557553,0.3501390833096937,3,0
forensic,0.8729530192557553,0.3501390833096937,3,0
forming,0.8729530192557553,0.3501390833096937,3,0
garden,0.8729530192557553,0.3501390833096937,3,0
generously,0.8729530192557553,0.3501390833096937,3,0
gets,0.8729530192557553,0.3501390833096937,3,0
gotten,0.8729530192557553,0.3501390833096937,3,0
governing,0.8729530192557553,0.3501390833096937,3,0
governor,0.8729530192557553,0.3501390833096937,3,0
grieve,0.8729530192557553,0.3501390833096937,3,0
grinder,0.8729530192557553,0.3501390833096937,3,0
guantánamo,0.8729530192557553,0.3501390833096937,3,0
habit,0.8729530192557553,0.3501390833096937,3,0
hackneyed,0.8729530192557553,0.3501390833096937,3,0
handing,0.8729530192557553,0.3501390833096937,3,0
hated,0.8729530192557553,0.3501390833096937,3,0
heeded,0.8729530192557553,0.3501390833096937,3,0
hegemony,0.8729530192557553,0.3501390833096937,3,0
hollande,0.8729530192557553,0.3501390833096937,3,0
holubivske,0.8729530192557553,0.3501390833096937,3,0
horrified,0.8729530192557553,0.3501390833096937,3,0
hosted,0.8729530192557553,0.3501390833096937,3,0
hostility,0.8729530192557553,0.3501390833096937,3,0
hotels,0.8729530192557553,0.3501390833096937,3,0
humane,0.8729530192557553,0.3501390833096937,3,0
hungarian,0.8729530192557553,0.3501390833096937,3,0
hungary,0.8729530192557553,0.3501390833096937,3,0
icao,0.8729530192557553,0.3501390833096937,3,0
illustrated,0.8729530192557553,0.3501390833096937,3,0
imply,0.8729530192557553,0.3501390833096937,3,0
india,0.8729530192557553,0.3501390833096937,3,0
indifference,0.8729530192557553,0.3501390833096937,3,0
indiscriminately,0.8729530192557553,0.3501390833096937,3,0
indivisible,0.8729530192557553,0.3501390833096937,3,0
indulging,0.8729530192557553,0.3501390833096937,3,0
inflicting,0.8729530192557553,0.3501390833096937,3,0
initiators,0.8729530192557553,0.3501390833096937,3,0
insects,0.8729530192557553,0.3501390833096937,3,0
instructors,0.8729530192557553,0.3501390833096937,3,0
insurance,0.8729530192557553,0.3501390833096937,3,0
interior,0.8729530192557553,0.3501390833096937,3,0
intra-ukrainian,0.8729530192557553,0.3501390833096937,3,0
invariably,0.8729530192557553,0.3501390833096937,3,0
invasions,0.8729530192557553,0.3501390833096937,3,0
isolate,0.8729530192557553,0.3501390833096937,3,0
israeli,0.8729530192557553,0.3501390833096937,3,0
johnson,0.8729530192557553,0.3501390833096937,3,0
joseph,0.8729530192557553,0.3501390833096937,3,0
judging,0.8729530192557553,0.3501390833096937,3,0
kosovo's,0.8729530192557553,0.3501390833096937,3,0
largely,0.8729530192557553,0.3501390833096937,3,0
lastly,0.8729530192557553,0.3501390833096937,3,0
lately,0.8729530192557553,0.3501390833096937,3,0
legality,0.8729530192557553,0.3501390833096937,3,0
lethal,0.8729530192557553,0.3501390833096937,3,0
link,0.8729530192557553,0.3501390833096937,3,0
logically,0.8729530192557553,0.3501390833096937,3,0
macedonia,0.8729530192557553,0.3501390833096937,3,0
mainstream,0.8729530192557553,0.3501390833096937,3,0
mantras,0.8729530192557553,0.3501390833096937,3,0
marches,0.8729530192557553,0.3501390833096937,3,0
meat,0.8729530192557553,0.3501390833096937,3,0
merkel,0.8729530192557553,0.3501390833096937,3,0
migrants,0.8729530192557553,0.3501390833096937,3,0
minor,0.8729530192557553,0.3501390833096937,3,0
miscalculations,0.8729530192557553,0.3501390833096937,3,0
mobilized,0.8729530192557553,0.3501390833096937,3,0
monetary,0.8729530192557553,0.3501390833096937,3,0
mop-up,0.8729530192557553,0.3501390833096937,3,0
moskals,0.8729530192557553,0.3501390833096937,3,0
nam,0.8729530192557553,0.3501390833096937,3,0
neighbourhood,0.8729530192557553,0.3501390833096937,3,0
nemmersdorf,0.8729530192557553,0.3501390833096937,3,0
non-humans,0.8729530192557553,0.3501390833096937,3,0
normalization,0.8729530192557553,0.3501390833096937,3,0
normalize,0.8729530192557553,0.3501390833096937,3,0
normalized,0.8729530192557553,0.3501390833096937,3,0
north-west,0.8729530192557553,0.3501390833096937,3,0
obsolete,0.8729530192557553,0.3501390833096937,3,0
ofmeasures,0.8729530192557553,0.3501390833096937,3,0
ofpeople,0.8729530192557553,0.3501390833096937,3,0
ohchr,0.8729530192557553,0.3501390833096937,3,0
oligarchs,0.8729530192557553,0.3501390833096937,3,0
oun,0.8729530192557553,0.3501390833096937,3,0
panic,0.8729530192557553,0.3501390833096937,3,0
payment,0.8729530192557553,0.3501390833096937,3,0
pension,0.8729530192557553,0.3501390833096937,3,0
perceive,0.8729530192557553,0.3501390833096937,3,0
persecuting,0.8729530192557553,0.3501390833096937,3,0
persisted,0.8729530192557553,0.3501390833096937,3,0
phosphorus,0.8729530192557553,0.3501390833096937,3,0
pirates,0.8729530192557553,0.3501390833096937,3,0
planted,0.8729530192557553,0.3501390833096937,3,0
playground,0.8729530192557553,0.3501390833096937,3,0
ploy,0.8729530192557553,0.3501390833096937,3,0
poetic,0.8729530192557553,0.3501390833096937,3,0
pointless,0.8729530192557553,0.3501390833096937,3,0
portion,0.8729530192557553,0.3501390833096937,3,0
portrayed,0.8729530192557553,0.3501390833096937,3,0
portugal,0.8729530192557553,0.3501390833096937,3,0
post-maidan,0.8729530192557553,0.3501390833096937,3,0
posts,0.8729530192557553,0.3501390833096937,3,0
precedents,0.8729530192557553,0.3501390833096937,3,0
prilepin,0.8729530192557553,0.3501390833096937,3,0
primitive,0.8729530192557553,0.3501390833096937,3,0
pro-western,0.8729530192557553,0.3501390833096937,3,0
prompting,0.8729530192557553,0.3501390833096937,3,0
pronouncements,0.8729530192557553,0.3501390833096937,3,0
proportions,0.8729530192557553,0.3501390833096937,3,0
puppeteers,0.8729530192557553,0.3501390833096937,3,0
puzzled,0.8729530192557553,0.3501390833096937,3,0
puzzling,0.8729530192557553,0.3501390833096937,3,0
quality,0.8729530192557553,0.3501390833096937,3,0
radioactivity,0.8729530192557553,0.3501390833096937,3,0
rampant,0.8729530192557553,0.3501390833096937,3,0
ranks,0.8729530192557553,0.3501390833096937,3,0
reacted,0.8729530192557553,0.3501390833096937,3,0
refuge,0.8729530192557553,0.3501390833096937,3,0
regroup,0.8729530192557553,0.3501390833096937,3,0
relatively,0.8729530192557553,0.3501390833096937,3,0
reminiscent,0.8729530192557553,0.3501390833096937,3,0
rented,0.8729530192557553,0.3501390833096937,3,0
reserve,0.8729530192557553,0.3501390833096937,3,0
restrain,0.8729530192557553,0.3501390833096937,3,0
rewrite,0.8729530192557553,0.3501390833096937,3,0
rifles,0.8729530192557553,0.3501390833096937,3,0
risking,0.8729530192557553,0.3501390833096937,3,0
risks,0.8729530192557553,0.3501390833096937,3,0
rotten,0.8729530192557553,0.3501390833096937,3,0
russia-united,0.8729530192557553,0.3501390833096937,3,0
russophobe,0.8729530192557553,0.3501390833096937,3,0
saakashvili,0.8729530192557553,0.3501390833096937,3,0
sadistic,0.8729530192557553,0.3501390833096937,3,0
salaries,0.8729530192557553,0.3501390833096937,3,0
scandalous,0.8729530192557553,0.3501390833096937,3,0
scientist,0.8729530192557553,0.3501390833096937,3,0
selective,0.8729530192557553,0.3501390833096937,3,0
separately,0.8729530192557553,0.3501390833096937,3,0
shy,0.8729530192557553,0.3501390833096937,3,0
sievierodonetsk,0.8729530192557553,0.3501390833096937,3,0
sin,0.8729530192557553,0.3501390833096937,3,0
slaughter,0.8729530192557553,0.3501390833096937,3,0
slavic,0.8729530192557553,0.3501390833096937,3,0
slovenia,0.8729530192557553,0.3501390833096937,3,0
smoke,0.8729530192557553,0.3501390833096937,3,0
smuggling,0.8729530192557553,0.3501390833096937,3,0
species,0.8729530192557553,0.3501390833096937,3,0
spectacle,0.8729530192557553,0.3501390833096937,3,0
split,0.8729530192557553,0.3501390833096937,3,0
stakhanov,0.8729530192557553,0.3501390833096937,3,0
stepped,0.8729530192557553,0.3501390833096937,3,0
subordinates,0.8729530192557553,0.3501390833096937,3,0
substance,0.8729530192557553,0.3501390833096937,3,0
suicide,0.8729530192557553,0.3501390833096937,3,0
swastika,0.8729530192557553,0.3501390833096937,3,0
swastikas,0.8729530192557553,0.3501390833096937,3,0
tattoos,0.8729530192557553,0.3501390833096937,3,0
taught,0.8729530192557553,0.3501390833096937,3,0
tears,0.8729530192557553,0.3501390833096937,3,0
ten,0.8729530192557553,0.3501390833096937,3,0
testimonials,0.8729530192557553,0.3501390833096937,3,0
testing,0.8729530192557553,0.3501390833096937,3,0
therein,0.8729530192557553,0.3501390833096937,3,0
togliatti-odesa,0.8729530192557553,0.3501390833096937,3,0
topics,0.8729530192557553,0.3501390833096937,3,0
torchlight,0.8729530192557553,0.3501390833096937,3,0
torpedoed,0.8729530192557553,0.3501390833096937,3,0
transition,0.8729530192557553,0.3501390833096937,3,0
tripartite,0.8729530192557553,0.3501390833096937,3,0
trouble,0.8729530192557553,0.3501390833096937,3,0
turchynov,0.8729530192557553,0.3501390833096937,3,0
turmoil,0.8729530192557553,0.3501390833096937,3,0
twelfth,0.8729530192557553,0.3501390833096937,3,0
unflattering,0.8729530192557553,0.3501390833096937,3,0
unification,0.8729530192557553,0.3501390833096937,3,0
unsubstantiated,0.8729530192557553,0.3501390833096937,3,0
uranium,0.8729530192557553,0.3501390833096937,3,0
utility,0.8729530192557553,0.3501390833096937,3,0
uttered,0.8729530192557553,0.3501390833096937,3,0
valeriy,0.8729530192557553,0.3501390833096937,3,0
varying,0.8729530192557553,0.3501390833096937,3,0
venice,0.8729530192557553,0.3501390833096937,3,0
vice-president,0.8729530192557553,0.3501390833096937,3,0
viet,0.8729530192557553,0.3501390833096937,3,0
vis-à-vis,0.8729530192557553,0.3501390833096937,3,0
voluntarily,0.8729530192557553,0.3501390833096937,3,0
wasted,0.8729530192557553,0.3501390833096937,3,0
wfp,0.8729530192557553,0.3501390833096937,3,0
wherever,0.8729530192557553,0.3501390833096937,3,0
windows,0.8729530192557553,0.3501390833096937,3,0
wiped,0.8729530192557553,0.3501390833096937,3,0
worry,0.8729530192557553,0.3501390833096937,3,0
wreak,0.8729530192557553,0.3501390833096937,3,0
yanukovich,0.8729530192557553,0.3501390833096937,3,0
youth,0.8729530192557553,0.3501390833096937,3,0
zakhar,0.8729530192557553,0.3501390833096937,3,0
zelensky,0.8729530192557553,0.3501390833096937,3,0
exist,0.8667971190195921,0.35184353018985104,14,7
fear,0.8667971190195921,0.35184353018985104,14,7
istanbul,0.8667971190195921,0.35184353018985104,14,7
preparing,0.8667971190195921,0.35184353018985104,14,7
reach,0.8667971190195921,0.35184353018985104,14,7
accounts,0.8446365728004608,0.35807406677475573,9,4
becomes,0.8446365728004608,0.35807406677475573,9,4
corruption,0.8446365728004608,0.35807406677475573,9,4
explosion,0.8446365728004608,0.35807406677475573,9,4
genuinely,0.8446365728004608,0.35807406677475573,9,4
griffiths,0.8446365728004608,0.35807406677475573,9,4
growing,0.8446365728004608,0.35807406677475573,9,4
late,0.8446365728004608,0.35807406677475573,9,4
mean,0.8446365728004608,0.35807406677475573,9,4
one's,0.8446365728004608,0.35807406677475573,9,4
provoke,0.8446365728004608,0.35807406677475573,9,4
acceptable,0.8271590000115133,0.3630953222874874,5,1
accompanied,0.8271590000115133,0.3630953222874874,5,1
assets,0.8271590000115133,0.3630953222874874,5,1
auspices,0.8271590000115133,0.3630953222874874,5,1
bearing,0.8271590000115133,0.3630953222874874,5,1
camera,0.8271590000115133,0.3630953222874874,5,1
canonical,0.8271590000115133,0.3630953222874874,5,1
chancellor,0.8271590000115133,0.3630953222874874,5,1
complicit,0.8271590000115133,0.3630953222874874,5,1
complied,0.8271590000115133,0.3630953222874874,5,1
content,0.8271590000115133,0.3630953222874874,5,1
convincing,0.8271590000115133,0.3630953222874874,5,1
covered,0.8271590000115133,0.3630953222874874,5,1
darya,0.8271590000115133,0.3630953222874874,5,1
deceive,0.8271590000115133,0.3630953222874874,5,1
depriving,0.8271590000115133,0.3630953222874874,5,1
disarm,0.8271590000115133,0.3630953222874874,5,1
drag,0.8271590000115133,0.3630953222874874,5,1
dwell,0.8271590000115133,0.3630953222874874,5,1
feelings,0.8271590000115133,0.3630953222874874,5,1
fund,0.8271590000115133,0.3630953222874874,5,1
goebbels,0.8271590000115133,0.3630953222874874,5,1
heusgen,0.8271590000115133,0.3630953222874874,5,1
historian,0.8271590000115133,0.3630953222874874,5,1
impartiality,0.8271590000115133,0.3630953222874874,5,1
inappropriate,0.8271590000115133,0.3630953222874874,5,1
independently,0.8271590000115133,0.3630953222874874,5,1
long-awaited,0.8271590000115133,0.3630953222874874,5,1
mall,0.8271590000115133,0.3630953222874874,5,1
meantime,0.8271590000115133,0.3630953222874874,5,1
montian,0.8271590000115133,0.3630953222874874,5,1
mutually,0.8271590000115133,0.3630953222874874,5,1
natural,0.8271590000115133,0.3630953222874874,5,1
peacefully,0.8271590000115133,0.3630953222874874,5,1
perished,0.8271590000115133,0.3630953222874874,5,1
pieces,0.8271590000115133,0.3630953222874874,5,1
pity,0.8271590000115133,0.3630953222874874,5,1
placing,0.8271590000115133,0.3630953222874874,5,1
plane,0.8271590000115133,0.3630953222874874,5,1
poorest,0.8271590000115133,0.3630953222874874,5,1
processes,0.8271590000115133,0.3630953222874874,5,1
promise,0.8271590000115133,0.3630953222874874,5,1
race,0.8271590000115133,0.3630953222874874,5,1
radar,0.8271590000115133,0.3630953222874874,5,1
realization,0.8271590000115133,0.3630953222874874,5,1
rebel,0.8271590000115133,0.3630953222874874,5,1
regrettable,0.8271590000115133,0.3630953222874874,5,1
requirement,0.8271590000115133,0.3630953222874874,5,1
shops,0.8271590000115133,0.3630953222874874,5,1
slovakia,0.8271590000115133,0.3630953222874874,5,1
tales,0.8271590000115133,0.3630953222874874,5,1
toys,0.8271590000115133,0.3630953222874874,5,1
tradition,0.8271590000115133,0.3630953222874874,5,1
unbiased,0.8271590000115133,0.3630953222874874,5,1
underscored,0.8271590000115133,0.3630953222874874,5,1
undertaking,0.8271590000115133,0.3630953222874874,5,1
users,0.8271590000115133,0.3630953222874874,5,1
warehouses,0.8271590000115133,0.3630953222874874,5,1
websites,0.8271590000115133,0.3630953222874874,5,1
çevik,0.8271590000115133,0.3630953222874874,5,1
july,0.8200142838309034,0.3651759896092327,41,25
cover,0.8173091011002087,0.36596809792386853,17,9
documents,0.8173091011002087,0.36596809792386853,17,9
investigations,0.8173091011002087,0.36596809792386853,17,9
someone,0.8173091011002087,0.36596809792386853,17,9
process,0.8141171489086254,0.36690580724068433,54,34
party,0.8063308240795184,0.3692072720400975,38,23
march,0.7945318935329364,0.37273328865548827,51,32
care,0.7792274871231213,0.37737750583799035,23,13
earlier,0.7792274871231213,0.37737750583799035,23,13
relations,0.7792274871231213,0.37737750583799035,23,13
established,0.7782157165172758,0.37768739315712185,29,17
per,0.7731541532730867,0.3792430550171413,68,44
#theyarejustchildren,0.7668522800657727,0.3811925895770326,1,0
+,0.7668522800657727,0.3811925895770326,1,0
10-person,0.7668522800657727,0.3811925895770326,1,0
10-year,0.7668522800657727,0.3811925895770326,1,0
103rd,0.7668522800657727,0.3811925895770326,1,0
11-year,0.7668522800657727,0.3811925895770326,1,0
12-year-old,0.7668522800657727,0.3811925895770326,1,0
"120,000-strong",0.7668522800657727,0.3811925895770326,1,0
13-year,0.7668522800657727,0.3811925895770326,1,0
155-millimeter,0.7668522800657727,0.3811925895770326,1,0
155-mm,0.7668522800657727,0.3811925895770326,1,0
17-year-old,0.7668522800657727,0.3811925895770326,1,0
20-year,0.7668522800657727,0.3811925895770326,1,0
2000s,0.7668522800657727,0.3811925895770326,1,0
24-year-old,0.7668522800657727,0.3811925895770326,1,0
25th,0.7668522800657727,0.3811925895770326,1,0
300-kilometer,0.7668522800657727,0.3811925895770326,1,0
36th,0.7668522800657727,0.3811925895770326,1,0
3rd,0.7668522800657727,0.3811925895770326,1,0
50p.m,0.7668522800657727,0.3811925895770326,1,0
60-day,0.7668522800657727,0.3811925895770326,1,0
6pm,0.7668522800657727,0.3811925895770326,1,0
8-year-long,0.7668522800657727,0.3811925895770326,1,0
80-nautical-mile-long,0.7668522800657727,0.3811925895770326,1,0
8th,0.7668522800657727,0.3811925895770326,1,0
a-2777,0.7668522800657727,0.3811925895770326,1,0
abandonment,0.7668522800657727,0.3811925895770326,1,0
abdoulaye,0.7668522800657727,0.3811925895770326,1,0
abducting,0.7668522800657727,0.3811925895770326,1,0
abet,0.7668522800657727,0.3811925895770326,1,0
abolish,0.7668522800657727,0.3811925895770326,1,0
abounds,0.7668522800657727,0.3811925895770326,1,0
above-average-income,0.7668522800657727,0.3811925895770326,1,0
abromavičius,0.7668522800657727,0.3811925895770326,1,0
abstain,0.7668522800657727,0.3811925895770326,1,0
abstention,0.7668522800657727,0.3811925895770326,1,0
absurdity,0.7668522800657727,0.3811925895770326,1,0
accessories,0.7668522800657727,0.3811925895770326,1,0
acclaimed,0.7668522800657727,0.3811925895770326,1,0
accommodate,0.7668522800657727,0.3811925895770326,1,0
accommodations,0.7668522800657727,0.3811925895770326,1,0
accompanying,0.7668522800657727,0.3811925895770326,1,0
accorded,0.7668522800657727,0.3811925895770326,1,0
accreditation,0.7668522800657727,0.3811925895770326,1,0
accumulate,0.7668522800657727,0.3811925895770326,1,0
accumulation,0.7668522800657727,0.3811925895770326,1,0
accursed,0.7668522800657727,0.3811925895770326,1,0
ace,0.7668522800657727,0.3811925895770326,1,0
acerbic,0.7668522800657727,0.3811925895770326,1,0
acquire,0.7668522800657727,0.3811925895770326,1,0
actress,0.7668522800657727,0.3811925895770326,1,0
ad,0.7668522800657727,0.3811925895770326,1,0
adapt,0.7668522800657727,0.3811925895770326,1,0
adapted,0.7668522800657727,0.3811925895770326,1,0
addicted,0.7668522800657727,0.3811925895770326,1,0
adjourn,0.7668522800657727,0.3811925895770326,1,0
adjust,0.7668522800657727,0.3811925895770326,1,0
adjusting,0.7668522800657727,0.3811925895770326,1,0
admirable,0.7668522800657727,0.3811925895770326,1,0
admissible,0.7668522800657727,0.3811925895770326,1,0
adolescents,0.7668522800657727,0.3811925895770326,1,0
adopts,0.7668522800657727,0.3811925895770326,1,0
adult,0.7668522800657727,0.3811925895770326,1,0
advancement,0.7668522800657727,0.3811925895770326,1,0
adversaries,0.7668522800657727,0.3811925895770326,1,0
advertise,0.7668522800657727,0.3811925895770326,1,0
advertisement,0.7668522800657727,0.3811925895770326,1,0
advertising,0.7668522800657727,0.3811925895770326,1,0
advisability,0.7668522800657727,0.3811925895770326,1,0
advises,0.7668522800657727,0.3811925895770326,1,0
advisory,0.7668522800657727,0.3811925895770326,1,0
aegis,0.7668522800657727,0.3811925895770326,1,0
aerospace,0.7668522800657727,0.3811925895770326,1,0
affinity,0.7668522800657727,0.3811925895770326,1,0
affirmation,0.7668522800657727,0.3811925895770326,1,0
afflicted,0.7668522800657727,0.3811925895770326,1,0
afflicting,0.7668522800657727,0.3811925895770326,1,0
againjust,0.7668522800657727,0.3811925895770326,1,0
agence,0.7668522800657727,0.3811925895770326,1,0
agitate,0.7668522800657727,0.3811925895770326,1,0
agitprop,0.7668522800657727,0.3811925895770326,1,0
agm-88,0.7668522800657727,0.3811925895770326,1,0
air-based,0.7668522800657727,0.3811925895770326,1,0
air-traffic,0.7668522800657727,0.3811925895770326,1,0
airfield,0.7668522800657727,0.3811925895770326,1,0
airline,0.7668522800657727,0.3811925895770326,1,0
airliners,0.7668522800657727,0.3811925895770326,1,0
airstrikes,0.7668522800657727,0.3811925895770326,1,0
aivaras,0.7668522800657727,0.3811925895770326,1,0
al-nusra,0.7668522800657727,0.3811925895770326,1,0
al-tabqa,0.7668522800657727,0.3811925895770326,1,0
albanaise,0.7668522800657727,0.3811925895770326,1,0
alerts,0.7668522800657727,0.3811925895770326,1,0
all-night,0.7668522800657727,0.3811925895770326,1,0
all-out,0.7668522800657727,0.3811925895770326,1,0
all-ukraine,0.7668522800657727,0.3811925895770326,1,0
allegation,0.7668522800657727,0.3811925895770326,1,0
allmost,0.7668522800657727,0.3811925895770326,1,0
allocated,0.7668522800657727,0.3811925895770326,1,0
allotted,0.7668522800657727,0.3811925895770326,1,0
aloud,0.7668522800657727,0.3811925895770326,1,0
altar,0.7668522800657727,0.3811925895770326,1,0
alternatively,0.7668522800657727,0.3811925895770326,1,0
aluminium,0.7668522800657727,0.3811925895770326,1,0
amaze,0.7668522800657727,0.3811925895770326,1,0
amazed,0.7668522800657727,0.3811925895770326,1,0
amazingly,0.7668522800657727,0.3811925895770326,1,0
ambiguity,0.7668522800657727,0.3811925895770326,1,0
ambition,0.7668522800657727,0.3811925895770326,1,0
amending,0.7668522800657727,0.3811925895770326,1,0
ammunitions,0.7668522800657727,0.3811925895770326,1,0
amoral,0.7668522800657727,0.3811925895770326,1,0
amounting,0.7668522800657727,0.3811925895770326,1,0
amputations,0.7668522800657727,0.3811925895770326,1,0
amstor,0.7668522800657727,0.3811925895770326,1,0
amused,0.7668522800657727,0.3811925895770326,1,0
amusing,0.7668522800657727,0.3811925895770326,1,0
analogous,0.7668522800657727,0.3811925895770326,1,0
analogy,0.7668522800657727,0.3811925895770326,1,0
analysing,0.7668522800657727,0.3811925895770326,1,0
anarchy,0.7668522800657727,0.3811925895770326,1,0
anatoliy,0.7668522800657727,0.3811925895770326,1,0
ancestor,0.7668522800657727,0.3811925895770326,1,0
andjoy,0.7668522800657727,0.3811925895770326,1,0
andrea,0.7668522800657727,0.3811925895770326,1,0
andrei,0.7668522800657727,0.3811925895770326,1,0
angry,0.7668522800657727,0.3811925895770326,1,0
animosity,0.7668522800657727,0.3811925895770326,1,0
ankara,0.7668522800657727,0.3811925895770326,1,0
anna,0.7668522800657727,0.3811925895770326,1,0
annihilating,0.7668522800657727,0.3811925895770326,1,0
announcements,0.7668522800657727,0.3811925895770326,1,0
annoying,0.7668522800657727,0.3811925895770326,1,0
annually,0.7668522800657727,0.3811925895770326,1,0
anonymous,0.7668522800657727,0.3811925895770326,1,0
antagonize,0.7668522800657727,0.3811925895770326,1,0
anti-crimean,0.7668522800657727,0.3811925895770326,1,0
anti-governmental,0.7668522800657727,0.3811925895770326,1,0
anti-hitler,0.7668522800657727,0.3811925895770326,1,0
anti-human,0.7668522800657727,0.3811925895770326,1,0
anti-national,0.7668522800657727,0.3811925895770326,1,0
anti-people,0.7668522800657727,0.3811925895770326,1,0
anti-radiation,0.7668522800657727,0.3811925895770326,1,0
anti-syrian,0.7668522800657727,0.3811925895770326,1,0
anti-terrorism,0.7668522800657727,0.3811925895770326,1,0
anticipate,0.7668522800657727,0.3811925895770326,1,0
anticipation,0.7668522800657727,0.3811925895770326,1,0
antitank,0.7668522800657727,0.3811925895770326,1,0
anybody,0.7668522800657727,0.3811925895770326,1,0
apakanu,0.7668522800657727,0.3811925895770326,1,0
apalled,0.7668522800657727,0.3811925895770326,1,0
apiece,0.7668522800657727,0.3811925895770326,1,0
apologies,0.7668522800657727,0.3811925895770326,1,0
apologized,0.7668522800657727,0.3811925895770326,1,0
appealing,0.7668522800657727,0.3811925895770326,1,0
apprehend,0.7668522800657727,0.3811925895770326,1,0
apprehended,0.7668522800657727,0.3811925895770326,1,0
approving,0.7668522800657727,0.3811925895770326,1,0
approvingly,0.7668522800657727,0.3811925895770326,1,0
ar1.05p.m,0.7668522800657727,0.3811925895770326,1,0
archaic,0.7668522800657727,0.3811925895770326,1,0
archer,0.7668522800657727,0.3811925895770326,1,0
archipelago,0.7668522800657727,0.3811925895770326,1,0
ardent,0.7668522800657727,0.3811925895770326,1,0
argumentation,0.7668522800657727,0.3811925895770326,1,0
arithmetic,0.7668522800657727,0.3811925895770326,1,0
array,0.7668522800657727,0.3811925895770326,1,0
arrive,0.7668522800657727,0.3811925895770326,1,0
arrow-10,0.7668522800657727,0.3811925895770326,1,0
arsonists,0.7668522800657727,0.3811925895770326,1,0
artery,0.7668522800657727,0.3811925895770326,1,0
articulated,0.7668522800657727,0.3811925895770326,1,0
artyom,0.7668522800657727,0.3811925895770326,1,0
ascertain,0.7668522800657727,0.3811925895770326,1,0
asia-europe,0.7668522800657727,0.3811925895770326,1,0
assassinated,0.7668522800657727,0.3811925895770326,1,0
assassinations,0.7668522800657727,0.3811925895770326,1,0
assaulted,0.7668522800657727,0.3811925895770326,1,0
assaulting,0.7668522800657727,0.3811925895770326,1,0
asserting,0.7668522800657727,0.3811925895770326,1,0
asserts,0.7668522800657727,0.3811925895770326,1,0
assessing,0.7668522800657727,0.3811925895770326,1,0
assiduously,0.7668522800657727,0.3811925895770326,1,0
assign,0.7668522800657727,0.3811925895770326,1,0
assignment,0.7668522800657727,0.3811925895770326,1,0
assimilated,0.7668522800657727,0.3811925895770326,1,0
assistants,0.7668522800657727,0.3811925895770326,1,0
assisted,0.7668522800657727,0.3811925895770326,1,0
assuring,0.7668522800657727,0.3811925895770326,1,0
astonished,0.7668522800657727,0.3811925895770326,1,0
astonishing,0.7668522800657727,0.3811925895770326,1,0
astonishingly,0.7668522800657727,0.3811925895770326,1,0
astonishment,0.7668522800657727,0.3811925895770326,1,0
astounding,0.7668522800657727,0.3811925895770326,1,0
astray,0.7668522800657727,0.3811925895770326,1,0
astronomical,0.7668522800657727,0.3811925895770326,1,0
at1,0.7668522800657727,0.3811925895770326,1,0
at12.25p.m,0.7668522800657727,0.3811925895770326,1,0
atlantic,0.7668522800657727,0.3811925895770326,1,0
atransparent,0.7668522800657727,0.3811925895770326,1,0
attaches,0.7668522800657727,0.3811925895770326,1,0
attain,0.7668522800657727,0.3811925895770326,1,0
attendance,0.7668522800657727,0.3811925895770326,1,0
attendant,0.7668522800657727,0.3811925895770326,1,0
attention-grabbing,0.7668522800657727,0.3811925895770326,1,0
attentively,0.7668522800657727,0.3811925895770326,1,0
attesting,0.7668522800657727,0.3811925895770326,1,0
attract,0.7668522800657727,0.3811925895770326,1,0
attracting,0.7668522800657727,0.3811925895770326,1,0
attributing,0.7668522800657727,0.3811925895770326,1,0
audacity,0.7668522800657727,0.3811925895770326,1,0
auditions,0.7668522800657727,0.3811925895770326,1,0
austin,0.7668522800657727,0.3811925895770326,1,0
authenticity,0.7668522800657727,0.3811925895770326,1,0
authorizing,0.7668522800657727,0.3811925895770326,1,0
automatic,0.7668522800657727,0.3811925895770326,1,0
automatically,0.7668522800657727,0.3811925895770326,1,0
automobile,0.7668522800657727,0.3811925895770326,1,0
avdeyevka,0.7668522800657727,0.3811925895770326,1,0
avenge,0.7668522800657727,0.3811925895770326,1,0
avrutsky,0.7668522800657727,0.3811925895770326,1,0
awkward,0.7668522800657727,0.3811925895770326,1,0
aydar,0.7668522800657727,0.3811925895770326,1,0
azovets,0.7668522800657727,0.3811925895770326,1,0
back-up,0.7668522800657727,0.3811925895770326,1,0
backwards,0.7668522800657727,0.3811925895770326,1,0
bad-faith,0.7668522800657727,0.3811925895770326,1,0
badina,0.7668522800657727,0.3811925895770326,1,0
bae,0.7668522800657727,0.3811925895770326,1,0
bag,0.7668522800657727,0.3811925895770326,1,0
baggage,0.7668522800657727,0.3811925895770326,1,0
baipo,0.7668522800657727,0.3811925895770326,1,0
bakhmut,0.7668522800657727,0.3811925895770326,1,0
balkans,0.7668522800657727,0.3811925895770326,1,0
ballistics,0.7668522800657727,0.3811925895770326,1,0
bamboozle,0.7668522800657727,0.3811925895770326,1,0
bandera-loving,0.7668522800657727,0.3811925895770326,1,0
banderist,0.7668522800657727,0.3811925895770326,1,0
bandied,0.7668522800657727,0.3811925895770326,1,0
bandy,0.7668522800657727,0.3811925895770326,1,0
banners,0.7668522800657727,0.3811925895770326,1,0
bar,0.7668522800657727,0.3811925895770326,1,0
barbarians,0.7668522800657727,0.3811925895770326,1,0
barbarity,0.7668522800657727,0.3811925895770326,1,0
bardin,0.7668522800657727,0.3811925895770326,1,0
bare,0.7668522800657727,0.3811925895770326,1,0
bargain,0.7668522800657727,0.3811925895770326,1,0
bargains,0.7668522800657727,0.3811925895770326,1,0
barrages,0.7668522800657727,0.3811925895770326,1,0
bashkir,0.7668522800657727,0.3811925895770326,1,0
bastards,0.7668522800657727,0.3811925895770326,1,0
battery,0.7668522800657727,0.3811925895770326,1,0
bayonets,0.7668522800657727,0.3811925895770326,1,0
beach,0.7668522800657727,0.3811925895770326,1,0
beasts,0.7668522800657727,0.3811925895770326,1,0
bed,0.7668522800657727,0.3811925895770326,1,0
bedrock,0.7668522800657727,0.3811925895770326,1,0
bedsides,0.7668522800657727,0.3811925895770326,1,0
befall,0.7668522800657727,0.3811925895770326,1,0
begins,0.7668522800657727,0.3811925895770326,1,0
behaving,0.7668522800657727,0.3811925895770326,1,0
beirut,0.7668522800657727,0.3811925895770326,1,0
belarusian,0.7668522800657727,0.3811925895770326,1,0
belaya,0.7668522800657727,0.3811925895770326,1,0
believing,0.7668522800657727,0.3811925895770326,1,0
belogorovka,0.7668522800657727,0.3811925895770326,1,0
belorussians,0.7668522800657727,0.3811925895770326,1,0
belsat,0.7668522800657727,0.3811925895770326,1,0
benchmark,0.7668522800657727,0.3811925895770326,1,0
benefited,0.7668522800657727,0.3811925895770326,1,0
bennett,0.7668522800657727,0.3811925895770326,1,0
beryozka,0.7668522800657727,0.3811925895770326,1,0
beside,0.7668522800657727,0.3811925895770326,1,0
besmirch,0.7668522800657727,0.3811925895770326,1,0
betray,0.7668522800657727,0.3811925895770326,1,0
betrayal,0.7668522800657727,0.3811925895770326,1,0
betting,0.7668522800657727,0.3811925895770326,1,0
beware,0.7668522800657727,0.3811925895770326,1,0
biden,0.7668522800657727,0.3811925895770326,1,0
bilingual,0.7668522800657727,0.3811925895770326,1,0
billboards,0.7668522800657727,0.3811925895770326,1,0
billion-dollar,0.7668522800657727,0.3811925895770326,1,0
birth,0.7668522800657727,0.3811925895770326,1,0
blacklist,0.7668522800657727,0.3811925895770326,1,0
blank,0.7668522800657727,0.3811925895770326,1,0
blaring,0.7668522800657727,0.3811925895770326,1,0
blasphemous,0.7668522800657727,0.3811925895770326,1,0
blasphemously,0.7668522800657727,0.3811925895770326,1,0
blast,0.7668522800657727,0.3811925895770326,1,0
blessing,0.7668522800657727,0.3811925895770326,1,0
bloc's,0.7668522800657727,0.3811925895770326,1,0
bloggers,0.7668522800657727,0.3811925895770326,1,0
blood-letting,0.7668522800657727,0.3811925895770326,1,0
bloodied,0.7668522800657727,0.3811925895770326,1,0
blooming,0.7668522800657727,0.3811925895770326,1,0
blunder,0.7668522800657727,0.3811925895770326,1,0
bm-27,0.7668522800657727,0.3811925895770326,1,0
boasts,0.7668522800657727,0.3811925895770326,1,0
bogd,0.7668522800657727,0.3811925895770326,1,0
boilers,0.7668522800657727,0.3811925895770326,1,0
bolton,0.7668522800657727,0.3811925895770326,1,0
bombarding,0.7668522800657727,0.3811925895770326,1,0
bombastic,0.7668522800657727,0.3811925895770326,1,0
bonuses,0.7668522800657727,0.3811925895770326,1,0
boorish,0.7668522800657727,0.3811925895770326,1,0
boorishness,0.7668522800657727,0.3811925895770326,1,0
boosted,0.7668522800657727,0.3811925895770326,1,0
booth,0.7668522800657727,0.3811925895770326,1,0
bordeaux,0.7668522800657727,0.3811925895770326,1,0
borisenkova,0.7668522800657727,0.3811925895770326,1,0
borys,0.7668522800657727,0.3811925895770326,1,0
bosses,0.7668522800657727,0.3811925895770326,1,0
botched,0.7668522800657727,0.3811925895770326,1,0
bothered,0.7668522800657727,0.3811925895770326,1,0
bottle,0.7668522800657727,0.3811925895770326,1,0
boundary,0.7668522800657727,0.3811925895770326,1,0
boundless,0.7668522800657727,0.3811925895770326,1,0
bout,0.7668522800657727,0.3811925895770326,1,0
boycotts,0.7668522800657727,0.3811925895770326,1,0
bragged,0.7668522800657727,0.3811925895770326,1,0
brags,0.7668522800657727,0.3811925895770326,1,0
brass,0.7668522800657727,0.3811925895770326,1,0
breaching,0.7668522800657727,0.3811925895770326,1,0
breakdown,0.7668522800657727,0.3811925895770326,1,0
breakneck,0.7668522800657727,0.3811925895770326,1,0
breathe,0.7668522800657727,0.3811925895770326,1,0
breathed,0.7668522800657727,0.3811925895770326,1,0
breathing,0.7668522800657727,0.3811925895770326,1,0
brethren,0.7668522800657727,0.3811925895770326,1,0
bridgehead,0.7668522800657727,0.3811925895770326,1,0
brightest,0.7668522800657727,0.3811925895770326,1,0
brilliant,0.7668522800657727,0.3811925895770326,1,0
british-syrian,0.7668522800657727,0.3811925895770326,1,0
broadening,0.7668522800657727,0.3811925895770326,1,0
broadest,0.7668522800657727,0.3811925895770326,1,0
browsing,0.7668522800657727,0.3811925895770326,1,0
bubble,0.7668522800657727,0.3811925895770326,1,0
bucha-style,0.7668522800657727,0.3811925895770326,1,0
bucharest,0.7668522800657727,0.3811925895770326,1,0
buckets,0.7668522800657727,0.3811925895770326,1,0
buda,0.7668522800657727,0.3811925895770326,1,0
budget,0.7668522800657727,0.3811925895770326,1,0
budgets,0.7668522800657727,0.3811925895770326,1,0
buhari,0.7668522800657727,0.3811925895770326,1,0
buk-type,0.7668522800657727,0.3811925895770326,1,0
bulldozers,0.7668522800657727,0.3811925895770326,1,0
bullet-proofjackets,0.7668522800657727,0.3811925895770326,1,0
bully,0.7668522800657727,0.3811925895770326,1,0
bulwark,0.7668522800657727,0.3811925895770326,1,0
bunge,0.7668522800657727,0.3811925895770326,1,0
bureaucrats,0.7668522800657727,0.3811925895770326,1,0
burnings,0.7668522800657727,0.3811925895770326,1,0
burnt,0.7668522800657727,0.3811925895770326,1,0
burst,0.7668522800657727,0.3811925895770326,1,0
buryat,0.7668522800657727,0.3811925895770326,1,0
butkevich,0.7668522800657727,0.3811925895770326,1,0
buyers,0.7668522800657727,0.3811925895770326,1,0
buying,0.7668522800657727,0.3811925895770326,1,0
caches,0.7668522800657727,0.3811925895770326,1,0
caesars,0.7668522800657727,0.3811925895770326,1,0
calculating,0.7668522800657727,0.3811925895770326,1,0
calculation,0.7668522800657727,0.3811925895770326,1,0
calculus,0.7668522800657727,0.3811925895770326,1,0
california,0.7668522800657727,0.3811925895770326,1,0
calmly,0.7668522800657727,0.3811925895770326,1,0
campagin,0.7668522800657727,0.3811925895770326,1,0
cancelled,0.7668522800657727,0.3811925895770326,1,0
candidate's,0.7668522800657727,0.3811925895770326,1,0
cannibalism,0.7668522800657727,0.3811925895770326,1,0
cannons,0.7668522800657727,0.3811925895770326,1,0
capitulate,0.7668522800657727,0.3811925895770326,1,0
carbon,0.7668522800657727,0.3811925895770326,1,0
career,0.7668522800657727,0.3811925895770326,1,0
cares,0.7668522800657727,0.3811925895770326,1,0
caricatured,0.7668522800657727,0.3811925895770326,1,0
carpathian,0.7668522800657727,0.3811925895770326,1,0
carthage,0.7668522800657727,0.3811925895770326,1,0
cast-offs,0.7668522800657727,0.3811925895770326,1,0
caste-based,0.7668522800657727,0.3811925895770326,1,0
castigate,0.7668522800657727,0.3811925895770326,1,0
castrophe,0.7668522800657727,0.3811925895770326,1,0
casts,0.7668522800657727,0.3811925895770326,1,0
cat,0.7668522800657727,0.3811925895770326,1,0
catalonia,0.7668522800657727,0.3811925895770326,1,0
catch,0.7668522800657727,0.3811925895770326,1,0
category,0.7668522800657727,0.3811925895770326,1,0
cato,0.7668522800657727,0.3811925895770326,1,0
cautious,0.7668522800657727,0.3811925895770326,1,0
ceasefires,0.7668522800657727,0.3811925895770326,1,0
ceases,0.7668522800657727,0.3811925895770326,1,0
celebrations,0.7668522800657727,0.3811925895770326,1,0
cellars,0.7668522800657727,0.3811925895770326,1,0
censorship,0.7668522800657727,0.3811925895770326,1,0
censure,0.7668522800657727,0.3811925895770326,1,0
census,0.7668522800657727,0.3811925895770326,1,0
centuria,0.7668522800657727,0.3811925895770326,1,0
centuries-old,0.7668522800657727,0.3811925895770326,1,0
certainty,0.7668522800657727,0.3811925895770326,1,0
certificate,0.7668522800657727,0.3811925895770326,1,0
certificates,0.7668522800657727,0.3811925895770326,1,0
chad,0.7668522800657727,0.3811925895770326,1,0
chagos,0.7668522800657727,0.3811925895770326,1,0
challenging,0.7668522800657727,0.3811925895770326,1,0
chalyi,0.7668522800657727,0.3811925895770326,1,0
champions,0.7668522800657727,0.3811925895770326,1,0
chant,0.7668522800657727,0.3811925895770326,1,0
chaotic,0.7668522800657727,0.3811925895770326,1,0
characteristics,0.7668522800657727,0.3811925895770326,1,0
characterization,0.7668522800657727,0.3811925895770326,1,0
characterizing,0.7668522800657727,0.3811925895770326,1,0
charles,0.7668522800657727,0.3811925895770326,1,0
charts,0.7668522800657727,0.3811925895770326,1,0
chauvinism,0.7668522800657727,0.3811925895770326,1,0
chauvinist,0.7668522800657727,0.3811925895770326,1,0
cheap,0.7668522800657727,0.3811925895770326,1,0
cheaply,0.7668522800657727,0.3811925895770326,1,0
cheered,0.7668522800657727,0.3811925895770326,1,0
chekhov,0.7668522800657727,0.3811925895770326,1,0
chernozem,0.7668522800657727,0.3811925895770326,1,0
chersonesus,0.7668522800657727,0.3811925895770326,1,0
chess,0.7668522800657727,0.3811925895770326,1,0
chessboard,0.7668522800657727,0.3811925895770326,1,0
chests,0.7668522800657727,0.3811925895770326,1,0
chicken,0.7668522800657727,0.3811925895770326,1,0
chicks,0.7668522800657727,0.3811925895770326,1,0
china's,0.7668522800657727,0.3811925895770326,1,0
chisinau,0.7668522800657727,0.3811925895770326,1,0
chlorine,0.7668522800657727,0.3811925895770326,1,0
chord,0.7668522800657727,0.3811925895770326,1,0
christ,0.7668522800657727,0.3811925895770326,1,0
christened,0.7668522800657727,0.3811925895770326,1,0
christianity,0.7668522800657727,0.3811925895770326,1,0
cinema,0.7668522800657727,0.3811925895770326,1,0
circassian,0.7668522800657727,0.3811925895770326,1,0
circle,0.7668522800657727,0.3811925895770326,1,0
circles,0.7668522800657727,0.3811925895770326,1,0
circumspect,0.7668522800657727,0.3811925895770326,1,0
circumvent,0.7668522800657727,0.3811925895770326,1,0
civilian-infrastructure,0.7668522800657727,0.3811925895770326,1,0
civilizational,0.7668522800657727,0.3811925895770326,1,0
civilizations,0.7668522800657727,0.3811925895770326,1,0
clarifying,0.7668522800657727,0.3811925895770326,1,0
clarity,0.7668522800657727,0.3811925895770326,1,0
class,0.7668522800657727,0.3811925895770326,1,0
classified,0.7668522800657727,0.3811925895770326,1,0
classify,0.7668522800657727,0.3811925895770326,1,0
claus,0.7668522800657727,0.3811925895770326,1,0
clause,0.7668522800657727,0.3811925895770326,1,0
cleansed,0.7668522800657727,0.3811925895770326,1,0
clearest,0.7668522800657727,0.3811925895770326,1,0
clergy,0.7668522800657727,0.3811925895770326,1,0
clever,0.7668522800657727,0.3811925895770326,1,0
cliched,0.7668522800657727,0.3811925895770326,1,0
cliché,0.7668522800657727,0.3811925895770326,1,0
climax,0.7668522800657727,0.3811925895770326,1,0
climb,0.7668522800657727,0.3811925895770326,1,0
clockwork,0.7668522800657727,0.3811925895770326,1,0
clout,0.7668522800657727,0.3811925895770326,1,0
clumsiness,0.7668522800657727,0.3811925895770326,1,0
clumsy,0.7668522800657727,0.3811925895770326,1,0
clusters,0.7668522800657727,0.3811925895770326,1,0
co-authored,0.7668522800657727,0.3811925895770326,1,0
co-called,0.7668522800657727,0.3811925895770326,1,0
co-conspirators,0.7668522800657727,0.3811925895770326,1,0
co-operation,0.7668522800657727,0.3811925895770326,1,0
coalitions,0.7668522800657727,0.3811925895770326,1,0
coexist,0.7668522800657727,0.3811925895770326,1,0
coexistence,0.7668522800657727,0.3811925895770326,1,0
cold-blooded,0.7668522800657727,0.3811925895770326,1,0
collaborationists,0.7668522800657727,0.3811925895770326,1,0
collaborator,0.7668522800657727,0.3811925895770326,1,0
collateral,0.7668522800657727,0.3811925895770326,1,0
collegially,0.7668522800657727,0.3811925895770326,1,0
colonies,0.7668522800657727,0.3811925895770326,1,0
colonna,0.7668522800657727,0.3811925895770326,1,0
colour,0.7668522800657727,0.3811925895770326,1,0
colourful,0.7668522800657727,0.3811925895770326,1,0
colours,0.7668522800657727,0.3811925895770326,1,0
combatants,0.7668522800657727,0.3811925895770326,1,0
comfortably,0.7668522800657727,0.3811925895770326,1,0
command-and-control,0.7668522800657727,0.3811925895770326,1,0
commander-in-chief,0.7668522800657727,0.3811925895770326,1,0
commemorates,0.7668522800657727,0.3811925895770326,1,0
commemorating,0.7668522800657727,0.3811925895770326,1,0
commendable,0.7668522800657727,0.3811925895770326,1,0
commending,0.7668522800657727,0.3811925895770326,1,0
commercialization,0.7668522800657727,0.3811925895770326,1,0
commiserate,0.7668522800657727,0.3811925895770326,1,0
commissars,0.7668522800657727,0.3811925895770326,1,0
commissioner's,0.7668522800657727,0.3811925895770326,1,0
common-sense,0.7668522800657727,0.3811925895770326,1,0
commonplace,0.7668522800657727,0.3811925895770326,1,0
communique,0.7668522800657727,0.3811925895770326,1,0
companion,0.7668522800657727,0.3811925895770326,1,0
compassion,0.7668522800657727,0.3811925895770326,1,0
compete,0.7668522800657727,0.3811925895770326,1,0
competencies,0.7668522800657727,0.3811925895770326,1,0
competitiveness,0.7668522800657727,0.3811925895770326,1,0
competitors,0.7668522800657727,0.3811925895770326,1,0
compiled,0.7668522800657727,0.3811925895770326,1,0
compiling,0.7668522800657727,0.3811925895770326,1,0
composed,0.7668522800657727,0.3811925895770326,1,0
compositions,0.7668522800657727,0.3811925895770326,1,0
comprises,0.7668522800657727,0.3811925895770326,1,0
computer,0.7668522800657727,0.3811925895770326,1,0
comrade-in,0.7668522800657727,0.3811925895770326,1,0
concealed,0.7668522800657727,0.3811925895770326,1,0
conceals,0.7668522800657727,0.3811925895770326,1,0
conceived,0.7668522800657727,0.3811925895770326,1,0
concentrate,0.7668522800657727,0.3811925895770326,1,0
concentrates,0.7668522800657727,0.3811925895770326,1,0
concentrating,0.7668522800657727,0.3811925895770326,1,0
concepts,0.7668522800657727,0.3811925895770326,1,0
concession,0.7668522800657727,0.3811925895770326,1,0
concise,0.7668522800657727,0.3811925895770326,1,0
concludes,0.7668522800657727,0.3811925895770326,1,0
concluding,0.7668522800657727,0.3811925895770326,1,0
concord,0.7668522800657727,0.3811925895770326,1,0
concurrently,0.7668522800657727,0.3811925895770326,1,0
condensate,0.7668522800657727,0.3811925895770326,1,0
conducive,0.7668522800657727,0.3811925895770326,1,0
conducts,0.7668522800657727,0.3811925895770326,1,0
conferred,0.7668522800657727,0.3811925895770326,1,0
confidence-building,0.7668522800657727,0.3811925895770326,1,0
confidential,0.7668522800657727,0.3811925895770326,1,0
confidently,0.7668522800657727,0.3811925895770326,1,0
confined,0.7668522800657727,0.3811925895770326,1,0
conflict-torn,0.7668522800657727,0.3811925895770326,1,0
confronted,0.7668522800657727,0.3811925895770326,1,0
confucius,0.7668522800657727,0.3811925895770326,1,0
confusion,0.7668522800657727,0.3811925895770326,1,0
conjecture,0.7668522800657727,0.3811925895770326,1,0
conjectures,0.7668522800657727,0.3811925895770326,1,0
connecting,0.7668522800657727,0.3811925895770326,1,0
connivence,0.7668522800657727,0.3811925895770326,1,0
conquer,0.7668522800657727,0.3811925895770326,1,0
consecutive,0.7668522800657727,0.3811925895770326,1,0
consign,0.7668522800657727,0.3811925895770326,1,0
consist,0.7668522800657727,0.3811925895770326,1,0
consisted,0.7668522800657727,0.3811925895770326,1,0
constantinople,0.7668522800657727,0.3811925895770326,1,0
constititional,0.7668522800657727,0.3811925895770326,1,0
constitutions,0.7668522800657727,0.3811925895770326,1,0
consultants,0.7668522800657727,0.3811925895770326,1,0
consumption,0.7668522800657727,0.3811925895770326,1,0
contemporary,0.7668522800657727,0.3811925895770326,1,0
contemptuously,0.7668522800657727,0.3811925895770326,1,0
contents,0.7668522800657727,0.3811925895770326,1,0
continental,0.7668522800657727,0.3811925895770326,1,0
contours,0.7668522800657727,0.3811925895770326,1,0
contractors,0.7668522800657727,0.3811925895770326,1,0
contractual,0.7668522800657727,0.3811925895770326,1,0
contradicting,0.7668522800657727,0.3811925895770326,1,0
contradiction,0.7668522800657727,0.3811925895770326,1,0
convenience,0.7668522800657727,0.3811925895770326,1,0
converse,0.7668522800657727,0.3811925895770326,1,0
converstations,0.7668522800657727,0.3811925895770326,1,0
convictions,0.7668522800657727,0.3811925895770326,1,0
convinces,0.7668522800657727,0.3811925895770326,1,0
convocation,0.7668522800657727,0.3811925895770326,1,0
cooler,0.7668522800657727,0.3811925895770326,1,0
coordinates,0.7668522800657727,0.3811925895770326,1,0
copied,0.7668522800657727,0.3811925895770326,1,0
copies,0.7668522800657727,0.3811925895770326,1,0
coping,0.7668522800657727,0.3811925895770326,1,0
copy-and-paste,0.7668522800657727,0.3811925895770326,1,0
corporate,0.7668522800657727,0.3811925895770326,1,0
corps,0.7668522800657727,0.3811925895770326,1,0
corrected,0.7668522800657727,0.3811925895770326,1,0
corroborated,0.7668522800657727,0.3811925895770326,1,0
cosmetic,0.7668522800657727,0.3811925895770326,1,0
councillor,0.7668522800657727,0.3811925895770326,1,0
counselling,0.7668522800657727,0.3811925895770326,1,0
counted,0.7668522800657727,0.3811925895770326,1,0
counter-terrorist,0.7668522800657727,0.3811925895770326,1,0
counterpart,0.7668522800657727,0.3811925895770326,1,0
counting,0.7668522800657727,0.3811925895770326,1,0
courtesy,0.7668522800657727,0.3811925895770326,1,0
courtyard,0.7668522800657727,0.3811925895770326,1,0
coveted,0.7668522800657727,0.3811925895770326,1,0
coyly,0.7668522800657727,0.3811925895770326,1,0
crabs,0.7668522800657727,0.3811925895770326,1,0
crackdown,0.7668522800657727,0.3811925895770326,1,0
cradle,0.7668522800657727,0.3811925895770326,1,0
crater,0.7668522800657727,0.3811925895770326,1,0
creative,0.7668522800657727,0.3811925895770326,1,0
creators,0.7668522800657727,0.3811925895770326,1,0
creatures,0.7668522800657727,0.3811925895770326,1,0
credits,0.7668522800657727,0.3811925895770326,1,0
credulously,0.7668522800657727,0.3811925895770326,1,0
creed,0.7668522800657727,0.3811925895770326,1,0
cried,0.7668522800657727,0.3811925895770326,1,0
criminalize,0.7668522800657727,0.3811925895770326,1,0
cringe,0.7668522800657727,0.3811925895770326,1,0
crocodile,0.7668522800657727,0.3811925895770326,1,0
crook,0.7668522800657727,0.3811925895770326,1,0
crop,0.7668522800657727,0.3811925895770326,1,0
cross-border,0.7668522800657727,0.3811925895770326,1,0
cross-line,0.7668522800657727,0.3811925895770326,1,0
crosses,0.7668522800657727,0.3811925895770326,1,0
crowd,0.7668522800657727,0.3811925895770326,1,0
cry,0.7668522800657727,0.3811925895770326,1,0
cryptoexchange,0.7668522800657727,0.3811925895770326,1,0
culmination,0.7668522800657727,0.3811925895770326,1,0
cultivated,0.7668522800657727,0.3811925895770326,1,0
cultures,0.7668522800657727,0.3811925895770326,1,0
curfew,0.7668522800657727,0.3811925895770326,1,0
curious,0.7668522800657727,0.3811925895770326,1,0
curiously,0.7668522800657727,0.3811925895770326,1,0
currencies,0.7668522800657727,0.3811925895770326,1,0
currents,0.7668522800657727,0.3811925895770326,1,0
curricula,0.7668522800657727,0.3811925895770326,1,0
curse,0.7668522800657727,0.3811925895770326,1,0
cursing,0.7668522800657727,0.3811925895770326,1,0
cushy,0.7668522800657727,0.3811925895770326,1,0
cyberschemes,0.7668522800657727,0.3811925895770326,1,0
cycles,0.7668522800657727,0.3811925895770326,1,0
cyclists,0.7668522800657727,0.3811925895770326,1,0
czechs,0.7668522800657727,0.3811925895770326,1,0
daddies,0.7668522800657727,0.3811925895770326,1,0
damages,0.7668522800657727,0.3811925895770326,1,0
dams,0.7668522800657727,0.3811925895770326,1,0
daniels,0.7668522800657727,0.3811925895770326,1,0
darkness,0.7668522800657727,0.3811925895770326,1,0
database,0.7668522800657727,0.3811925895770326,1,0
david,0.7668522800657727,0.3811925895770326,1,0
de-nazify,0.7668522800657727,0.3811925895770326,1,0
de-nazifying,0.7668522800657727,0.3811925895770326,1,0
debacle,0.7668522800657727,0.3811925895770326,1,0
deceitfully,0.7668522800657727,0.3811925895770326,1,0
decline,0.7668522800657727,0.3811925895770326,1,0
decorate,0.7668522800657727,0.3811925895770326,1,0
decorum,0.7668522800657727,0.3811925895770326,1,0
decry,0.7668522800657727,0.3811925895770326,1,0
deems,0.7668522800657727,0.3811925895770326,1,0
deep-seated,0.7668522800657727,0.3811925895770326,1,0
deepened,0.7668522800657727,0.3811925895770326,1,0
deepening,0.7668522800657727,0.3811925895770326,1,0
defamation,0.7668522800657727,0.3811925895770326,1,0
defection,0.7668522800657727,0.3811925895770326,1,0
defence's,0.7668522800657727,0.3811925895770326,1,0
defender,0.7668522800657727,0.3811925895770326,1,0
defining,0.7668522800657727,0.3811925895770326,1,0
definite,0.7668522800657727,0.3811925895770326,1,0
definitive,0.7668522800657727,0.3811925895770326,1,0
definitively,0.7668522800657727,0.3811925895770326,1,0
deftly,0.7668522800657727,0.3811925895770326,1,0
degrade,0.7668522800657727,0.3811925895770326,1,0
degrades,0.7668522800657727,0.3811925895770326,1,0
deigned,0.7668522800657727,0.3811925895770326,1,0
delete,0.7668522800657727,0.3811925895770326,1,0
deleting,0.7668522800657727,0.3811925895770326,1,0
delicately,0.7668522800657727,0.3811925895770326,1,0
delimitation,0.7668522800657727,0.3811925895770326,1,0
delimited,0.7668522800657727,0.3811925895770326,1,0
delirious,0.7668522800657727,0.3811925895770326,1,0
delusion,0.7668522800657727,0.3811925895770326,1,0
delve,0.7668522800657727,0.3811925895770326,1,0
demagogic,0.7668522800657727,0.3811925895770326,1,0
demilitarize,0.7668522800657727,0.3811925895770326,1,0
demilitarizing,0.7668522800657727,0.3811925895770326,1,0
demise,0.7668522800657727,0.3811925895770326,1,0
demography,0.7668522800657727,0.3811925895770326,1,0
demonize,0.7668522800657727,0.3811925895770326,1,0
demoted,0.7668522800657727,0.3811925895770326,1,0
denigrates,0.7668522800657727,0.3811925895770326,1,0
denigration,0.7668522800657727,0.3811925895770326,1,0
denisova's,0.7668522800657727,0.3811925895770326,1,0
denominational,0.7668522800657727,0.3811925895770326,1,0
dense,0.7668522800657727,0.3811925895770326,1,0
departs,0.7668522800657727,0.3811925895770326,1,0
departure,0.7668522800657727,0.3811925895770326,1,0
dependence,0.7668522800657727,0.3811925895770326,1,0
deplore,0.7668522800657727,0.3811925895770326,1,0
depoliticized,0.7668522800657727,0.3811925895770326,1,0
depopulating,0.7668522800657727,0.3811925895770326,1,0
depreciating,0.7668522800657727,0.3811925895770326,1,0
deprives,0.7668522800657727,0.3811925895770326,1,0
derail,0.7668522800657727,0.3811925895770326,1,0
derailing,0.7668522800657727,0.3811925895770326,1,0
descendants,0.7668522800657727,0.3811925895770326,1,0
description,0.7668522800657727,0.3811925895770326,1,0
descriptions,0.7668522800657727,0.3811925895770326,1,0
desecrated,0.7668522800657727,0.3811925895770326,1,0
deserved,0.7668522800657727,0.3811925895770326,1,0
design,0.7668522800657727,0.3811925895770326,1,0
destitution,0.7668522800657727,0.3811925895770326,1,0
destroyer,0.7668522800657727,0.3811925895770326,1,0
destructing,0.7668522800657727,0.3811925895770326,1,0
detailing,0.7668522800657727,0.3811925895770326,1,0
detaining,0.7668522800657727,0.3811925895770326,1,0
determining,0.7668522800657727,0.3811925895770326,1,0
detestable,0.7668522800657727,0.3811925895770326,1,0
detonating,0.7668522800657727,0.3811925895770326,1,0
detonations,0.7668522800657727,0.3811925895770326,1,0
detriment,0.7668522800657727,0.3811925895770326,1,0
devalues,0.7668522800657727,0.3811925895770326,1,0
develops,0.7668522800657727,0.3811925895770326,1,0
deviates,0.7668522800657727,0.3811925895770326,1,0
deviating,0.7668522800657727,0.3811925895770326,1,0
deviation,0.7668522800657727,0.3811925895770326,1,0
devising,0.7668522800657727,0.3811925895770326,1,0
dhl,0.7668522800657727,0.3811925895770326,1,0
dialog,0.7668522800657727,0.3811925895770326,1,0
diamonds,0.7668522800657727,0.3811925895770326,1,0
diaologue,0.7668522800657727,0.3811925895770326,1,0
diaspora,0.7668522800657727,0.3811925895770326,1,0
dictate,0.7668522800657727,0.3811925895770326,1,0
dictating,0.7668522800657727,0.3811925895770326,1,0
differed,0.7668522800657727,0.3811925895770326,1,0
diktat,0.7668522800657727,0.3811925895770326,1,0
dilettantes,0.7668522800657727,0.3811925895770326,1,0
diop,0.7668522800657727,0.3811925895770326,1,0
diplomatically,0.7668522800657727,0.3811925895770326,1,0
director-general,0.7668522800657727,0.3811925895770326,1,0
directors,0.7668522800657727,0.3811925895770326,1,0
disadvantageous,0.7668522800657727,0.3811925895770326,1,0
disagreed,0.7668522800657727,0.3811925895770326,1,0
disagreements,0.7668522800657727,0.3811925895770326,1,0
disagrees,0.7668522800657727,0.3811925895770326,1,0
disbanded,0.7668522800657727,0.3811925895770326,1,0
disbanding,0.7668522800657727,0.3811925895770326,1,0
discernible,0.7668522800657727,0.3811925895770326,1,0
disclosed,0.7668522800657727,0.3811925895770326,1,0
discloses,0.7668522800657727,0.3811925895770326,1,0
disclosures,0.7668522800657727,0.3811925895770326,1,0
discomfiting,0.7668522800657727,0.3811925895770326,1,0
discourse,0.7668522800657727,0.3811925895770326,1,0
discover,0.7668522800657727,0.3811925895770326,1,0
discretion,0.7668522800657727,0.3811925895770326,1,0
discriminate,0.7668522800657727,0.3811925895770326,1,0
discriminated,0.7668522800657727,0.3811925895770326,1,0
discriminating,0.7668522800657727,0.3811925895770326,1,0
disfigured,0.7668522800657727,0.3811925895770326,1,0
disgust,0.7668522800657727,0.3811925895770326,1,0
disingenuously,0.7668522800657727,0.3811925895770326,1,0
disjointed,0.7668522800657727,0.3811925895770326,1,0
dismantled,0.7668522800657727,0.3811925895770326,1,0
dismissing,0.7668522800657727,0.3811925895770326,1,0
dispatch,0.7668522800657727,0.3811925895770326,1,0
dispatcher,0.7668522800657727,0.3811925895770326,1,0
dispatchers,0.7668522800657727,0.3811925895770326,1,0
dispatching,0.7668522800657727,0.3811925895770326,1,0
dispersed,0.7668522800657727,0.3811925895770326,1,0
displacing,0.7668522800657727,0.3811925895770326,1,0
display,0.7668522800657727,0.3811925895770326,1,0
displays,0.7668522800657727,0.3811925895770326,1,0
disprove,0.7668522800657727,0.3811925895770326,1,0
dissatisfaction,0.7668522800657727,0.3811925895770326,1,0
dissuaded,0.7668522800657727,0.3811925895770326,1,0
distancing,0.7668522800657727,0.3811925895770326,1,0
distorting,0.7668522800657727,0.3811925895770326,1,0
distortions,0.7668522800657727,0.3811925895770326,1,0
distorts,0.7668522800657727,0.3811925895770326,1,0
distracting,0.7668522800657727,0.3811925895770326,1,0
distracts,0.7668522800657727,0.3811925895770326,1,0
ditch,0.7668522800657727,0.3811925895770326,1,0
diverse,0.7668522800657727,0.3811925895770326,1,0
diversion,0.7668522800657727,0.3811925895770326,1,0
diversionary,0.7668522800657727,0.3811925895770326,1,0
divert,0.7668522800657727,0.3811925895770326,1,0
diverted,0.7668522800657727,0.3811925895770326,1,0
divorced,0.7668522800657727,0.3811925895770326,1,0
dmytri,0.7668522800657727,0.3811925895770326,1,0
dnipro's,0.7668522800657727,0.3811925895770326,1,0
dnipro-1,0.7668522800657727,0.3811925895770326,1,0
dobropillia,0.7668522800657727,0.3811925895770326,1,0
doctored,0.7668522800657727,0.3811925895770326,1,0
doctrines,0.7668522800657727,0.3811925895770326,1,0
documentary,0.7668522800657727,0.3811925895770326,1,0
documenting,0.7668522800657727,0.3811925895770326,1,0
dogs,0.7668522800657727,0.3811925895770326,1,0
dollar,0.7668522800657727,0.3811925895770326,1,0
dolzhansky,0.7668522800657727,0.3811925895770326,1,0
domestically,0.7668522800657727,0.3811925895770326,1,0
dominated,0.7668522800657727,0.3811925895770326,1,0
donbas-who,0.7668522800657727,0.3811925895770326,1,0
donets-donbas,0.7668522800657727,0.3811925895770326,1,0
donetsk's,0.7668522800657727,0.3811925895770326,1,0
dontsov,0.7668522800657727,0.3811925895770326,1,0
dormant,0.7668522800657727,0.3811925895770326,1,0
dormition,0.7668522800657727,0.3811925895770326,1,0
dormitories,0.7668522800657727,0.3811925895770326,1,0
dose,0.7668522800657727,0.3811925895770326,1,0
doubly,0.7668522800657727,0.3811925895770326,1,0
doyen,0.7668522800657727,0.3811925895770326,1,0
dp210015,0.7668522800657727,0.3811925895770326,1,0
drafters,0.7668522800657727,0.3811925895770326,1,0
drafts,0.7668522800657727,0.3811925895770326,1,0
drawn-out,0.7668522800657727,0.3811925895770326,1,0
dreamed,0.7668522800657727,0.3811925895770326,1,0
dress,0.7668522800657727,0.3811925895770326,1,0
dreyfus,0.7668522800657727,0.3811925895770326,1,0
drills,0.7668522800657727,0.3811925895770326,1,0
drives,0.7668522800657727,0.3811925895770326,1,0
driving,0.7668522800657727,0.3811925895770326,1,0
drowning,0.7668522800657727,0.3811925895770326,1,0
druzhba,0.7668522800657727,0.3811925895770326,1,0
dubbed,0.7668522800657727,0.3811925895770326,1,0
duda,0.7668522800657727,0.3811925895770326,1,0
dudkin,0.7668522800657727,0.3811925895770326,1,0
dug,0.7668522800657727,0.3811925895770326,1,0
dumansky,0.7668522800657727,0.3811925895770326,1,0
dumped,0.7668522800657727,0.3811925895770326,1,0
dungeons,0.7668522800657727,0.3811925895770326,1,0
duplication,0.7668522800657727,0.3811925895770326,1,0
dupont,0.7668522800657727,0.3811925895770326,1,0
durable,0.7668522800657727,0.3811925895770326,1,0
duration,0.7668522800657727,0.3811925895770326,1,0
duty-bound,0.7668522800657727,0.3811925895770326,1,0
dwarfs,0.7668522800657727,0.3811925895770326,1,0
dynamics,0.7668522800657727,0.3811925895770326,1,0
dysfunctional,0.7668522800657727,0.3811925895770326,1,0
dzerzhynsk,0.7668522800657727,0.3811925895770326,1,0
dzhanhirov,0.7668522800657727,0.3811925895770326,1,0
déjà,0.7668522800657727,0.3811925895770326,1,0
earliest,0.7668522800657727,0.3811925895770326,1,0
earmarked,0.7668522800657727,0.3811925895770326,1,0
earned,0.7668522800657727,0.3811925895770326,1,0
earnest,0.7668522800657727,0.3811925895770326,1,0
earning,0.7668522800657727,0.3811925895770326,1,0
easement,0.7668522800657727,0.3811925895770326,1,0
echoes,0.7668522800657727,0.3811925895770326,1,0
echoing,0.7668522800657727,0.3811925895770326,1,0
ecosystem,0.7668522800657727,0.3811925895770326,1,0
ecosystems,0.7668522800657727,0.3811925895770326,1,0
ecstasy,0.7668522800657727,0.3811925895770326,1,0
ecstatic,0.7668522800657727,0.3811925895770326,1,0
edifying,0.7668522800657727,0.3811925895770326,1,0
edit,0.7668522800657727,0.3811925895770326,1,0
editor-in-chief,0.7668522800657727,0.3811925895770326,1,0
educating,0.7668522800657727,0.3811925895770326,1,0
efinition,0.7668522800657727,0.3811925895770326,1,0
egged,0.7668522800657727,0.3811925895770326,1,0
egyptian,0.7668522800657727,0.3811925895770326,1,0
eight-minute-long,0.7668522800657727,0.3811925895770326,1,0
eighteenth,0.7668522800657727,0.3811925895770326,1,0
eighth-grade,0.7668522800657727,0.3811925895770326,1,0
ejected,0.7668522800657727,0.3811925895770326,1,0
elbows,0.7668522800657727,0.3811925895770326,1,0
elegant,0.7668522800657727,0.3811925895770326,1,0
eliasson's,0.7668522800657727,0.3811925895770326,1,0
elicit,0.7668522800657727,0.3811925895770326,1,0
eloquence,0.7668522800657727,0.3811925895770326,1,0
embarrassed,0.7668522800657727,0.3811925895770326,1,0
embarrassing,0.7668522800657727,0.3811925895770326,1,0
embedded,0.7668522800657727,0.3811925895770326,1,0
embodied,0.7668522800657727,0.3811925895770326,1,0
emigration,0.7668522800657727,0.3811925895770326,1,0
eminent,0.7668522800657727,0.3811925895770326,1,0
emissaries,0.7668522800657727,0.3811925895770326,1,0
emmanuel,0.7668522800657727,0.3811925895770326,1,0
empathize,0.7668522800657727,0.3811925895770326,1,0
emphasis,0.7668522800657727,0.3811925895770326,1,0
emphasizes,0.7668522800657727,0.3811925895770326,1,0
emplacement,0.7668522800657727,0.3811925895770326,1,0
enables,0.7668522800657727,0.3811925895770326,1,0
encirclement,0.7668522800657727,0.3811925895770326,1,0
encounter,0.7668522800657727,0.3811925895770326,1,0
encroached,0.7668522800657727,0.3811925895770326,1,0
encroachment,0.7668522800657727,0.3811925895770326,1,0
endangers,0.7668522800657727,0.3811925895770326,1,0
endemic,0.7668522800657727,0.3811925895770326,1,0
endorsement,0.7668522800657727,0.3811925895770326,1,0
enduring,0.7668522800657727,0.3811925895770326,1,0
enforcers,0.7668522800657727,0.3811925895770326,1,0
engages,0.7668522800657727,0.3811925895770326,1,0
enjoyment,0.7668522800657727,0.3811925895770326,1,0
enlist,0.7668522800657727,0.3811925895770326,1,0
enlisted,0.7668522800657727,0.3811925895770326,1,0
enormously,0.7668522800657727,0.3811925895770326,1,0
enquiry,0.7668522800657727,0.3811925895770326,1,0
enslave,0.7668522800657727,0.3811925895770326,1,0
ensued,0.7668522800657727,0.3811925895770326,1,0
enthusiastic,0.7668522800657727,0.3811925895770326,1,0
entrance,0.7668522800657727,0.3811925895770326,1,0
entrenchment,0.7668522800657727,0.3811925895770326,1,0
environs,0.7668522800657727,0.3811925895770326,1,0
envisions,0.7668522800657727,0.3811925895770326,1,0
epicentre,0.7668522800657727,0.3811925895770326,1,0
equate,0.7668522800657727,0.3811925895770326,1,0
equated,0.7668522800657727,0.3811925895770326,1,0
eroded,0.7668522800657727,0.3811925895770326,1,0
erosion,0.7668522800657727,0.3811925895770326,1,0
error,0.7668522800657727,0.3811925895770326,1,0
errors,0.7668522800657727,0.3811925895770326,1,0
eruption,0.7668522800657727,0.3811925895770326,1,0
escaped,0.7668522800657727,0.3811925895770326,1,0
espousing,0.7668522800657727,0.3811925895770326,1,0
establishes,0.7668522800657727,0.3811925895770326,1,0
estimate,0.7668522800657727,0.3811925895770326,1,0
estonian,0.7668522800657727,0.3811925895770326,1,0
estonians,0.7668522800657727,0.3811925895770326,1,0
estuary,0.7668522800657727,0.3811925895770326,1,0
eternally,0.7668522800657727,0.3811925895770326,1,0
euractiv.com,0.7668522800657727,0.3811925895770326,1,0
europol's,0.7668522800657727,0.3811925895770326,1,0
eurostat,0.7668522800657727,0.3811925895770326,1,0
evacuees,0.7668522800657727,0.3811925895770326,1,0
evaluate,0.7668522800657727,0.3811925895770326,1,0
evaluating,0.7668522800657727,0.3811925895770326,1,0
evaluations,0.7668522800657727,0.3811925895770326,1,0
ever-increasing,0.7668522800657727,0.3811925895770326,1,0
evermore,0.7668522800657727,0.3811925895770326,1,0
evtukhova,0.7668522800657727,0.3811925895770326,1,0
exaggeration,0.7668522800657727,0.3811925895770326,1,0
exalted,0.7668522800657727,0.3811925895770326,1,0
exceptionally,0.7668522800657727,0.3811925895770326,1,0
excesses,0.7668522800657727,0.3811925895770326,1,0
excludes,0.7668522800657727,0.3811925895770326,1,0
excursus,0.7668522800657727,0.3811925895770326,1,0
exemplars,0.7668522800657727,0.3811925895770326,1,0
exemptions,0.7668522800657727,0.3811925895770326,1,0
exhaust,0.7668522800657727,0.3811925895770326,1,0
exhausted,0.7668522800657727,0.3811925895770326,1,0
exited,0.7668522800657727,0.3811925895770326,1,0
exits,0.7668522800657727,0.3811925895770326,1,0
exodus,0.7668522800657727,0.3811925895770326,1,0
expediency,0.7668522800657727,0.3811925895770326,1,0
expel,0.7668522800657727,0.3811925895770326,1,0
experiences,0.7668522800657727,0.3811925895770326,1,0
experiments,0.7668522800657727,0.3811925895770326,1,0
expertise,0.7668522800657727,0.3811925895770326,1,0
expired,0.7668522800657727,0.3811925895770326,1,0
exploits,0.7668522800657727,0.3811925895770326,1,0
exponentially,0.7668522800657727,0.3811925895770326,1,0
exposure,0.7668522800657727,0.3811925895770326,1,0
exsanguinate,0.7668522800657727,0.3811925895770326,1,0
extorting,0.7668522800657727,0.3811925895770326,1,0
extortion,0.7668522800657727,0.3811925895770326,1,0
extraction,0.7668522800657727,0.3811925895770326,1,0
extradite,0.7668522800657727,0.3811925895770326,1,0
extraordinarily,0.7668522800657727,0.3811925895770326,1,0
extraterritorial,0.7668522800657727,0.3811925895770326,1,0
eyeglasses,0.7668522800657727,0.3811925895770326,1,0
fables,0.7668522800657727,0.3811925895770326,1,0
fabricating,0.7668522800657727,0.3811925895770326,1,0
fabrication,0.7668522800657727,0.3811925895770326,1,0
facade,0.7668522800657727,0.3811925895770326,1,0
faciliating,0.7668522800657727,0.3811925895770326,1,0
fact-checking,0.7668522800657727,0.3811925895770326,1,0
factual,0.7668522800657727,0.3811925895770326,1,0
faded,0.7668522800657727,0.3811925895770326,1,0
fading,0.7668522800657727,0.3811925895770326,1,0
faina,0.7668522800657727,0.3811925895770326,1,0
fairly,0.7668522800657727,0.3811925895770326,1,0
fait,0.7668522800657727,0.3811925895770326,1,0
faits,0.7668522800657727,0.3811925895770326,1,0
falkland,0.7668522800657727,0.3811925895770326,1,0
fallujah,0.7668522800657727,0.3811925895770326,1,0
falsehoods,0.7668522800657727,0.3811925895770326,1,0
falsify,0.7668522800657727,0.3811925895770326,1,0
falter,0.7668522800657727,0.3811925895770326,1,0
familiarized,0.7668522800657727,0.3811925895770326,1,0
fanfare,0.7668522800657727,0.3811925895770326,1,0
fantasized,0.7668522800657727,0.3811925895770326,1,0
fantastic,0.7668522800657727,0.3811925895770326,1,0
fantastical,0.7668522800657727,0.3811925895770326,1,0
far-right,0.7668522800657727,0.3811925895770326,1,0
farces,0.7668522800657727,0.3811925895770326,1,0
fared,0.7668522800657727,0.3811925895770326,1,0
farsightedness,0.7668522800657727,0.3811925895770326,1,0
farther,0.7668522800657727,0.3811925895770326,1,0
fashionable,0.7668522800657727,0.3811925895770326,1,0
fast,0.7668522800657727,0.3811925895770326,1,0
fast-food,0.7668522800657727,0.3811925895770326,1,0
faster,0.7668522800657727,0.3811925895770326,1,0
fatherland,0.7668522800657727,0.3811925895770326,1,0
fatigued,0.7668522800657727,0.3811925895770326,1,0
faults,0.7668522800657727,0.3811925895770326,1,0
favourably,0.7668522800657727,0.3811925895770326,1,0
favoured,0.7668522800657727,0.3811925895770326,1,0
favours,0.7668522800657727,0.3811925895770326,1,0
fedor,0.7668522800657727,0.3811925895770326,1,0
fedorov,0.7668522800657727,0.3811925895770326,1,0
fedoruk,0.7668522800657727,0.3811925895770326,1,0
fees,0.7668522800657727,0.3811925895770326,1,0
felonious,0.7668522800657727,0.3811925895770326,1,0
ferry,0.7668522800657727,0.3811925895770326,1,0
fervour,0.7668522800657727,0.3811925895770326,1,0
figuratively,0.7668522800657727,0.3811925895770326,1,0
fiimonovie,0.7668522800657727,0.3811925895770326,1,0
file,0.7668522800657727,0.3811925895770326,1,0
filtering,0.7668522800657727,0.3811925895770326,1,0
finalized,0.7668522800657727,0.3811925895770326,1,0
financially,0.7668522800657727,0.3811925895770326,1,0
finno-ugric,0.7668522800657727,0.3811925895770326,1,0
fire-sale,0.7668522800657727,0.3811925895770326,1,0
first-grade,0.7668522800657727,0.3811925895770326,1,0
fistfights,0.7668522800657727,0.3811925895770326,1,0
fixate,0.7668522800657727,0.3811925895770326,1,0
fixated,0.7668522800657727,0.3811925895770326,1,0
fixation,0.7668522800657727,0.3811925895770326,1,0
flank,0.7668522800657727,0.3811925895770326,1,0
flat-out,0.7668522800657727,0.3811925895770326,1,0
flattened,0.7668522800657727,0.3811925895770326,1,0
flaunting,0.7668522800657727,0.3811925895770326,1,0
fledged,0.7668522800657727,0.3811925895770326,1,0
flemings,0.7668522800657727,0.3811925895770326,1,0
flexible,0.7668522800657727,0.3811925895770326,1,0
flickering,0.7668522800657727,0.3811925895770326,1,0
flight-tracking,0.7668522800657727,0.3811925895770326,1,0
flood-prone,0.7668522800657727,0.3811925895770326,1,0
floodgates,0.7668522800657727,0.3811925895770326,1,0
flourish,0.7668522800657727,0.3811925895770326,1,0
flourished,0.7668522800657727,0.3811925895770326,1,0
flourishes,0.7668522800657727,0.3811925895770326,1,0
flouting,0.7668522800657727,0.3811925895770326,1,0
flowery,0.7668522800657727,0.3811925895770326,1,0
flowing,0.7668522800657727,0.3811925895770326,1,0
flown,0.7668522800657727,0.3811925895770326,1,0
flying,0.7668522800657727,0.3811925895770326,1,0
fo,0.7668522800657727,0.3811925895770326,1,0
foisting,0.7668522800657727,0.3811925895770326,1,0
fold,0.7668522800657727,0.3811925895770326,1,0
folklore,0.7668522800657727,0.3811925895770326,1,0
fomin,0.7668522800657727,0.3811925895770326,1,0
foray,0.7668522800657727,0.3811925895770326,1,0
forbidding,0.7668522800657727,0.3811925895770326,1,0
force-fed,0.7668522800657727,0.3811925895770326,1,0
foregoing,0.7668522800657727,0.3811925895770326,1,0
forged,0.7668522800657727,0.3811925895770326,1,0
forgetfulness,0.7668522800657727,0.3811925895770326,1,0
formalize,0.7668522800657727,0.3811925895770326,1,0
formalizing,0.7668522800657727,0.3811925895770326,1,0
forthcoming,0.7668522800657727,0.3811925895770326,1,0
fortifications,0.7668522800657727,0.3811925895770326,1,0
forums,0.7668522800657727,0.3811925895770326,1,0
fotyga,0.7668522800657727,0.3811925895770326,1,0
founder,0.7668522800657727,0.3811925895770326,1,0
foundered,0.7668522800657727,0.3811925895770326,1,0
four-minute,0.7668522800657727,0.3811925895770326,1,0
fourteen,0.7668522800657727,0.3811925895770326,1,0
fract,0.7668522800657727,0.3811925895770326,1,0
frames,0.7668522800657727,0.3811925895770326,1,0
framing,0.7668522800657727,0.3811925895770326,1,0
france's,0.7668522800657727,0.3811925895770326,1,0
france-presse,0.7668522800657727,0.3811925895770326,1,0
francia,0.7668522800657727,0.3811925895770326,1,0
fraud,0.7668522800657727,0.3811925895770326,1,0
fraudulent,0.7668522800657727,0.3811925895770326,1,0
fraughtwith,0.7668522800657727,0.3811925895770326,1,0
freedom-loving,0.7668522800657727,0.3811925895770326,1,0
french-made,0.7668522800657727,0.3811925895770326,1,0
french-mexican,0.7668522800657727,0.3811925895770326,1,0
frenchman,0.7668522800657727,0.3811925895770326,1,0
fried,0.7668522800657727,0.3811925895770326,1,0
frontal,0.7668522800657727,0.3811925895770326,1,0
fruitless,0.7668522800657727,0.3811925895770326,1,0
fueling,0.7668522800657727,0.3811925895770326,1,0
fulfiled,0.7668522800657727,0.3811925895770326,1,0
fuller,0.7668522800657727,0.3811925895770326,1,0
functioned,0.7668522800657727,0.3811925895770326,1,0
funnel,0.7668522800657727,0.3811925895770326,1,0
führer,0.7668522800657727,0.3811925895770326,1,0
g,0.7668522800657727,0.3811925895770326,1,0
galichanets,0.7668522800657727,0.3811925895770326,1,0
galicia,0.7668522800657727,0.3811925895770326,1,0
galychyna,0.7668522800657727,0.3811925895770326,1,0
gamba,0.7668522800657727,0.3811925895770326,1,0
gamble,0.7668522800657727,0.3811925895770326,1,0
gameplay,0.7668522800657727,0.3811925895770326,1,0
gangster,0.7668522800657727,0.3811925895770326,1,0
garage,0.7668522800657727,0.3811925895770326,1,0
garb,0.7668522800657727,0.3811925895770326,1,0
garner,0.7668522800657727,0.3811925895770326,1,0
garrison,0.7668522800657727,0.3811925895770326,1,0
gauls,0.7668522800657727,0.3811925895770326,1,0
gavel,0.7668522800657727,0.3811925895770326,1,0
gaze,0.7668522800657727,0.3811925895770326,1,0
geared,0.7668522800657727,0.3811925895770326,1,0
gen,0.7668522800657727,0.3811925895770326,1,0
generated,0.7668522800657727,0.3811925895770326,1,0
generosity,0.7668522800657727,0.3811925895770326,1,0
generous,0.7668522800657727,0.3811925895770326,1,0
genes,0.7668522800657727,0.3811925895770326,1,0
genie,0.7668522800657727,0.3811925895770326,1,0
george's,0.7668522800657727,0.3811925895770326,1,0
georgievna,0.7668522800657727,0.3811925895770326,1,0
gerashchenko,0.7668522800657727,0.3811925895770326,1,0
gerasymchuk,0.7668522800657727,0.3811925895770326,1,0
get-together,0.7668522800657727,0.3811925895770326,1,0
ghanian,0.7668522800657727,0.3811925895770326,1,0
ghastly,0.7668522800657727,0.3811925895770326,1,0
ghost,0.7668522800657727,0.3811925895770326,1,0
giant,0.7668522800657727,0.3811925895770326,1,0
glass,0.7668522800657727,0.3811925895770326,1,0
glee,0.7668522800657727,0.3811925895770326,1,0
gleefully,0.7668522800657727,0.3811925895770326,1,0
glib,0.7668522800657727,0.3811925895770326,1,0
glimpse,0.7668522800657727,0.3811925895770326,1,0
gloat,0.7668522800657727,0.3811925895770326,1,0
globe-circling,0.7668522800657727,0.3811925895770326,1,0
gloomier,0.7668522800657727,0.3811925895770326,1,0
glossy,0.7668522800657727,0.3811925895770326,1,0
goading,0.7668522800657727,0.3811925895770326,1,0
goebbels's,0.7668522800657727,0.3811925895770326,1,0
goebbels-inspired,0.7668522800657727,0.3811925895770326,1,0
goebbels-style,0.7668522800657727,0.3811925895770326,1,0
golovchino,0.7668522800657727,0.3811925895770326,1,0
good-faith,0.7668522800657727,0.3811925895770326,1,0
gorlovka,0.7668522800657727,0.3811925895770326,1,0
gradual,0.7668522800657727,0.3811925895770326,1,0
graduation,0.7668522800657727,0.3811925895770326,1,0
granaries,0.7668522800657727,0.3811925895770326,1,0
grand,0.7668522800657727,0.3811925895770326,1,0
grants,0.7668522800657727,0.3811925895770326,1,0
grass,0.7668522800657727,0.3811925895770326,1,0
gratified,0.7668522800657727,0.3811925895770326,1,0
grau,0.7668522800657727,0.3811925895770326,1,0
great-grandfathers,0.7668522800657727,0.3811925895770326,1,0
greements,0.7668522800657727,0.3811925895770326,1,0
grenade-launcher,0.7668522800657727,0.3811925895770326,1,0
grew,0.7668522800657727,0.3811925895770326,1,0
grind,0.7668522800657727,0.3811925895770326,1,0
groom,0.7668522800657727,0.3811925895770326,1,0
groundlessly,0.7668522800657727,0.3811925895770326,1,0
groundwork,0.7668522800657727,0.3811925895770326,1,0
guantanamo,0.7668522800657727,0.3811925895770326,1,0
guardianship,0.7668522800657727,0.3811925895770326,1,0
guerrilla,0.7668522800657727,0.3811925895770326,1,0
guy,0.7668522800657727,0.3811925895770326,1,0
h,0.7668522800657727,0.3811925895770326,1,0
habitable,0.7668522800657727,0.3811925895770326,1,0
habits,0.7668522800657727,0.3811925895770326,1,0
haimadatska,0.7668522800657727,0.3811925895770326,1,0
halls,0.7668522800657727,0.3811925895770326,1,0
halting,0.7668522800657727,0.3811925895770326,1,0
halved,0.7668522800657727,0.3811925895770326,1,0
hamlets,0.7668522800657727,0.3811925895770326,1,0
hampered,0.7668522800657727,0.3811925895770326,1,0
hand-in-hand,0.7668522800657727,0.3811925895770326,1,0
handbook,0.7668522800657727,0.3811925895770326,1,0
handlers,0.7668522800657727,0.3811925895770326,1,0
handy,0.7668522800657727,0.3811925895770326,1,0
happenstance,0.7668522800657727,0.3811925895770326,1,0
harboured,0.7668522800657727,0.3811925895770326,1,0
harkens,0.7668522800657727,0.3811925895770326,1,0
harmful,0.7668522800657727,0.3811925895770326,1,0
harmfulness,0.7668522800657727,0.3811925895770326,1,0
harmony,0.7668522800657727,0.3811925895770326,1,0
harnessed,0.7668522800657727,0.3811925895770326,1,0
harpoon,0.7668522800657727,0.3811925895770326,1,0
harshest,0.7668522800657727,0.3811925895770326,1,0
harshly,0.7668522800657727,0.3811925895770326,1,0
hashtag,0.7668522800657727,0.3811925895770326,1,0
hate-filled,0.7668522800657727,0.3811925895770326,1,0
hates,0.7668522800657727,0.3811925895770326,1,0
hating,0.7668522800657727,0.3811925895770326,1,0
hats,0.7668522800657727,0.3811925895770326,1,0
hawks,0.7668522800657727,0.3811925895770326,1,0
head-on,0.7668522800657727,0.3811925895770326,1,0
headache,0.7668522800657727,0.3811925895770326,1,0
headlined,0.7668522800657727,0.3811925895770326,1,0
headquartered,0.7668522800657727,0.3811925895770326,1,0
heart-rending,0.7668522800657727,0.3811925895770326,1,0
heartfelt,0.7668522800657727,0.3811925895770326,1,0
heavy-artillery,0.7668522800657727,0.3811925895770326,1,0
hebrew,0.7668522800657727,0.3811925895770326,1,0
helpful,0.7668522800657727,0.3811925895770326,1,0
heracles,0.7668522800657727,0.3811925895770326,1,0
hesitation,0.7668522800657727,0.3811925895770326,1,0
hide-and-seek,0.7668522800657727,0.3811925895770326,1,0
high-rises,0.7668522800657727,0.3811925895770326,1,0
high-speed,0.7668522800657727,0.3811925895770326,1,0
high-tech,0.7668522800657727,0.3811925895770326,1,0
highs,0.7668522800657727,0.3811925895770326,1,0
hinted,0.7668522800657727,0.3811925895770326,1,0
hired,0.7668522800657727,0.3811925895770326,1,0
historically,0.7668522800657727,0.3811925895770326,1,0
historiographers,0.7668522800657727,0.3811925895770326,1,0
historiography,0.7668522800657727,0.3811925895770326,1,0
hitlerite,0.7668522800657727,0.3811925895770326,1,0
holland's,0.7668522800657727,0.3811925895770326,1,0
home-based,0.7668522800657727,0.3811925895770326,1,0
hometowns,0.7668522800657727,0.3811925895770326,1,0
homs,0.7668522800657727,0.3811925895770326,1,0
honestly,0.7668522800657727,0.3811925895770326,1,0
honoured,0.7668522800657727,0.3811925895770326,1,0
hook,0.7668522800657727,0.3811925895770326,1,0
hopeless,0.7668522800657727,0.3811925895770326,1,0
hopelessly,0.7668522800657727,0.3811925895770326,1,0
horizon,0.7668522800657727,0.3811925895770326,1,0
hormuz,0.7668522800657727,0.3811925895770326,1,0
horrifically,0.7668522800657727,0.3811925895770326,1,0
hostels,0.7668522800657727,0.3811925895770326,1,0
hosting,0.7668522800657727,0.3811925895770326,1,0
hounded,0.7668522800657727,0.3811925895770326,1,0
hour's,0.7668522800657727,0.3811925895770326,1,0
human-made,0.7668522800657727,0.3811925895770326,1,0
humanely,0.7668522800657727,0.3811925895770326,1,0
humanitarianism,0.7668522800657727,0.3811925895770326,1,0
humiliated,0.7668522800657727,0.3811925895770326,1,0
hungarians,0.7668522800657727,0.3811925895770326,1,0
hurled,0.7668522800657727,0.3811925895770326,1,0
hush,0.7668522800657727,0.3811925895770326,1,0
hushed,0.7668522800657727,0.3811925895770326,1,0
hype,0.7668522800657727,0.3811925895770326,1,0
hypocrites,0.7668522800657727,0.3811925895770326,1,0
hysterics,0.7668522800657727,0.3811925895770326,1,0
iceberg,0.7668522800657727,0.3811925895770326,1,0
ideal,0.7668522800657727,0.3811925895770326,1,0
identical,0.7668522800657727,0.3811925895770326,1,0
ideologically,0.7668522800657727,0.3811925895770326,1,0
ideologies,0.7668522800657727,0.3811925895770326,1,0
ideologized,0.7668522800657727,0.3811925895770326,1,0
ideologues,0.7668522800657727,0.3811925895770326,1,0
ifin,0.7668522800657727,0.3811925895770326,1,0
ifit,0.7668522800657727,0.3811925895770326,1,0
ifone,0.7668522800657727,0.3811925895770326,1,0
ifthey,0.7668522800657727,0.3811925895770326,1,0
ifwashington,0.7668522800657727,0.3811925895770326,1,0
ignited,0.7668522800657727,0.3811925895770326,1,0
ignominious,0.7668522800657727,0.3811925895770326,1,0
ignorant,0.7668522800657727,0.3811925895770326,1,0
ijust,0.7668522800657727,0.3811925895770326,1,0
ill-defined,0.7668522800657727,0.3811925895770326,1,0
ill-informed,0.7668522800657727,0.3811925895770326,1,0
ills,0.7668522800657727,0.3811925895770326,1,0
illustrates,0.7668522800657727,0.3811925895770326,1,0
illustrating,0.7668522800657727,0.3811925895770326,1,0
im0novie,0.7668522800657727,0.3811925895770326,1,0
imaginable,0.7668522800657727,0.3811925895770326,1,0
imagination,0.7668522800657727,0.3811925895770326,1,0
imagines,0.7668522800657727,0.3811925895770326,1,0
imbued,0.7668522800657727,0.3811925895770326,1,0
imitation,0.7668522800657727,0.3811925895770326,1,0
imitations,0.7668522800657727,0.3811925895770326,1,0
immoral,0.7668522800657727,0.3811925895770326,1,0
impacting,0.7668522800657727,0.3811925895770326,1,0
impartially,0.7668522800657727,0.3811925895770326,1,0
impeach,0.7668522800657727,0.3811925895770326,1,0
impeachment,0.7668522800657727,0.3811925895770326,1,0
implacably,0.7668522800657727,0.3811925895770326,1,0
implant,0.7668522800657727,0.3811925895770326,1,0
implanted,0.7668522800657727,0.3811925895770326,1,0
implying,0.7668522800657727,0.3811925895770326,1,0
importation,0.7668522800657727,0.3811925895770326,1,0
imported,0.7668522800657727,0.3811925895770326,1,0
importing,0.7668522800657727,0.3811925895770326,1,0
imposition,0.7668522800657727,0.3811925895770326,1,0
impotence,0.7668522800657727,0.3811925895770326,1,0
impressions,0.7668522800657727,0.3811925895770326,1,0
improvements,0.7668522800657727,0.3811925895770326,1,0
improvised,0.7668522800657727,0.3811925895770326,1,0
in-depth,0.7668522800657727,0.3811925895770326,1,0
inabaility,0.7668522800657727,0.3811925895770326,1,0
inadequate,0.7668522800657727,0.3811925895770326,1,0
inadmissibility,0.7668522800657727,0.3811925895770326,1,0
inadmissible,0.7668522800657727,0.3811925895770326,1,0
inadvertently,0.7668522800657727,0.3811925895770326,1,0
incendiary,0.7668522800657727,0.3811925895770326,1,0
inception,0.7668522800657727,0.3811925895770326,1,0
incited,0.7668522800657727,0.3811925895770326,1,0
inciting,0.7668522800657727,0.3811925895770326,1,0
inclinations,0.7668522800657727,0.3811925895770326,1,0
income,0.7668522800657727,0.3811925895770326,1,0
incomes,0.7668522800657727,0.3811925895770326,1,0
incompetent,0.7668522800657727,0.3811925895770326,1,0
incomprehensible,0.7668522800657727,0.3811925895770326,1,0
inconsistency,0.7668522800657727,0.3811925895770326,1,0
inconspicuous,0.7668522800657727,0.3811925895770326,1,0
incorporating,0.7668522800657727,0.3811925895770326,1,0
incorrect,0.7668522800657727,0.3811925895770326,1,0
incredibly,0.7668522800657727,0.3811925895770326,1,0
indignation,0.7668522800657727,0.3811925895770326,1,0
indirectly,0.7668522800657727,0.3811925895770326,1,0
indivisibility,0.7668522800657727,0.3811925895770326,1,0
indoctrinating,0.7668522800657727,0.3811925895770326,1,0
indonesian,0.7668522800657727,0.3811925895770326,1,0
indulge,0.7668522800657727,0.3811925895770326,1,0
industries,0.7668522800657727,0.3811925895770326,1,0
inefficient,0.7668522800657727,0.3811925895770326,1,0
inept,0.7668522800657727,0.3811925895770326,1,0
inexplicable,0.7668522800657727,0.3811925895770326,1,0
infant,0.7668522800657727,0.3811925895770326,1,0
inflammatory,0.7668522800657727,0.3811925895770326,1,0
inflated,0.7668522800657727,0.3811925895770326,1,0
influences,0.7668522800657727,0.3811925895770326,1,0
informing,0.7668522800657727,0.3811925895770326,1,0
infringement,0.7668522800657727,0.3811925895770326,1,0
infringing,0.7668522800657727,0.3811925895770326,1,0
inherently,0.7668522800657727,0.3811925895770326,1,0
initated,0.7668522800657727,0.3811925895770326,1,0
initialled,0.7668522800657727,0.3811925895770326,1,0
injections,0.7668522800657727,0.3811925895770326,1,0
injury,0.7668522800657727,0.3811925895770326,1,0
inkling,0.7668522800657727,0.3811925895770326,1,0
innocence,0.7668522800657727,0.3811925895770326,1,0
innumerable,0.7668522800657727,0.3811925895770326,1,0
inquisition,0.7668522800657727,0.3811925895770326,1,0
inscription,0.7668522800657727,0.3811925895770326,1,0
inseparable,0.7668522800657727,0.3811925895770326,1,0
insistent,0.7668522800657727,0.3811925895770326,1,0
insistently,0.7668522800657727,0.3811925895770326,1,0
insisting,0.7668522800657727,0.3811925895770326,1,0
inspected,0.7668522800657727,0.3811925895770326,1,0
instant,0.7668522800657727,0.3811925895770326,1,0
instituted,0.7668522800657727,0.3811925895770326,1,0
institutionalized,0.7668522800657727,0.3811925895770326,1,0
instructed,0.7668522800657727,0.3811925895770326,1,0
insurmountable,0.7668522800657727,0.3811925895770326,1,0
intact,0.7668522800657727,0.3811925895770326,1,0
integrate,0.7668522800657727,0.3811925895770326,1,0
integrating,0.7668522800657727,0.3811925895770326,1,0
intelligently,0.7668522800657727,0.3811925895770326,1,0
intelligible,0.7668522800657727,0.3811925895770326,1,0
interactions,0.7668522800657727,0.3811925895770326,1,0
interbank,0.7668522800657727,0.3811925895770326,1,0
interfered,0.7668522800657727,0.3811925895770326,1,0
interlinked,0.7668522800657727,0.3811925895770326,1,0
interminably,0.7668522800657727,0.3811925895770326,1,0
internationalists,0.7668522800657727,0.3811925895770326,1,0
internationalmplementing,0.7668522800657727,0.3811925895770326,1,0
interraction,0.7668522800657727,0.3811925895770326,1,0
interrogated,0.7668522800657727,0.3811925895770326,1,0
interrogations,0.7668522800657727,0.3811925895770326,1,0
interrupting,0.7668522800657727,0.3811925895770326,1,0
intervened,0.7668522800657727,0.3811925895770326,1,0
intractability,0.7668522800657727,0.3811925895770326,1,0
intrigue-mongering,0.7668522800657727,0.3811925895770326,1,0
intrinsically,0.7668522800657727,0.3811925895770326,1,0
introduce,0.7668522800657727,0.3811925895770326,1,0
inundated,0.7668522800657727,0.3811925895770326,1,0
invaluable,0.7668522800657727,0.3811925895770326,1,0
investigation's,0.7668522800657727,0.3811925895770326,1,0
inveterate,0.7668522800657727,0.3811925895770326,1,0
invoking,0.7668522800657727,0.3811925895770326,1,0
iota,0.7668522800657727,0.3811925895770326,1,0
iraqi,0.7668522800657727,0.3811925895770326,1,0
iron,0.7668522800657727,0.3811925895770326,1,0
ironic,0.7668522800657727,0.3811925895770326,1,0
irrevocable,0.7668522800657727,0.3811925895770326,1,0
irritation,0.7668522800657727,0.3811925895770326,1,0
israel's,0.7668522800657727,0.3811925895770326,1,0
iunderstand,0.7668522800657727,0.3811925895770326,1,0
izumi,0.7668522800657727,0.3811925895770326,1,0
jamie,0.7668522800657727,0.3811925895770326,1,0
japanese,0.7668522800657727,0.3811925895770326,1,0
jaresko,0.7668522800657727,0.3811925895770326,1,0
javelin,0.7668522800657727,0.3811925895770326,1,0
javelins,0.7668522800657727,0.3811925895770326,1,0
jefferson,0.7668522800657727,0.3811925895770326,1,0
jenča,0.7668522800657727,0.3811925895770326,1,0
jeopardizing,0.7668522800657727,0.3811925895770326,1,0
jesus,0.7668522800657727,0.3811925895770326,1,0
jewellery,0.7668522800657727,0.3811925895770326,1,0
joe,0.7668522800657727,0.3811925895770326,1,0
josep,0.7668522800657727,0.3811925895770326,1,0
journalistic,0.7668522800657727,0.3811925895770326,1,0
joy,0.7668522800657727,0.3811925895770326,1,0
joyfully,0.7668522800657727,0.3811925895770326,1,0
juices,0.7668522800657727,0.3811925895770326,1,0
jump,0.7668522800657727,0.3811925895770326,1,0
jumped,0.7668522800657727,0.3811925895770326,1,0
jumps,0.7668522800657727,0.3811925895770326,1,0
juncture,0.7668522800657727,0.3811925895770326,1,0
junior,0.7668522800657727,0.3811925895770326,1,0
junta's,0.7668522800657727,0.3811925895770326,1,0
justifiable,0.7668522800657727,0.3811925895770326,1,0
justifications,0.7668522800657727,0.3811925895770326,1,0
justifies,0.7668522800657727,0.3811925895770326,1,0
kalynove,0.7668522800657727,0.3811925895770326,1,0
kapirulin,0.7668522800657727,0.3811925895770326,1,0
karelian,0.7668522800657727,0.3811925895770326,1,0
karevin,0.7668522800657727,0.3811925895770326,1,0
karlivka,0.7668522800657727,0.3811925895770326,1,0
kazemirova's,0.7668522800657727,0.3811925895770326,1,0
kentucky,0.7668522800657727,0.3811925895770326,1,0
kettles,0.7668522800657727,0.3811925895770326,1,0
khitailov,0.7668522800657727,0.3811925895770326,1,0
khortytsa,0.7668522800657727,0.3811925895770326,1,0
khrushchev,0.7668522800657727,0.3811925895770326,1,0
kindle,0.7668522800657727,0.3811925895770326,1,0
kira,0.7668522800657727,0.3811925895770326,1,0
kirby,0.7668522800657727,0.3811925895770326,1,0
kirov,0.7668522800657727,0.3811925895770326,1,0
klan,0.7668522800657727,0.3811925895770326,1,0
klitschko,0.7668522800657727,0.3811925895770326,1,0
klux,0.7668522800657727,0.3811925895770326,1,0
knocked,0.7668522800657727,0.3811925895770326,1,0
kommunar,0.7668522800657727,0.3811925895770326,1,0
konopleva,0.7668522800657727,0.3811925895770326,1,0
kornelyuk,0.7668522800657727,0.3811925895770326,1,0
kosovars,0.7668522800657727,0.3811925895770326,1,0
kostyantynivka,0.7668522800657727,0.3811925895770326,1,0
kosyak,0.7668522800657727,0.3811925895770326,1,0
kramatorskaya,0.7668522800657727,0.3811925895770326,1,0
krasna,0.7668522800657727,0.3811925895770326,1,0
krasnoye,0.7668522800657727,0.3811925895770326,1,0
kremennaya,0.7668522800657727,0.3811925895770326,1,0
krynka,0.7668522800657727,0.3811925895770326,1,0
kryvonos,0.7668522800657727,0.3811925895770326,1,0
ku,0.7668522800657727,0.3811925895770326,1,0
kuchma,0.7668522800657727,0.3811925895770326,1,0
kudinova,0.7668522800657727,0.3811925895770326,1,0
kuindzhi,0.7668522800657727,0.3811925895770326,1,0
kurt,0.7668522800657727,0.3811925895770326,1,0
kyiv-2,0.7668522800657727,0.3811925895770326,1,0
kyiv-controlled,0.7668522800657727,0.3811925895770326,1,0
kyiv-l,0.7668522800657727,0.3811925895770326,1,0
kyiv-pechersk,0.7668522800657727,0.3811925895770326,1,0
kyiv-vasylkiv,0.7668522800657727,0.3811925895770326,1,0
kyrylo,0.7668522800657727,0.3811925895770326,1,0
kyslytsya's,0.7668522800657727,0.3811925895770326,1,0
lacks,0.7668522800657727,0.3811925895770326,1,0
laden,0.7668522800657727,0.3811925895770326,1,0
ladies,0.7668522800657727,0.3811925895770326,1,0
lads,0.7668522800657727,0.3811925895770326,1,0
lake,0.7668522800657727,0.3811925895770326,1,0
lamb,0.7668522800657727,0.3811925895770326,1,0
lament,0.7668522800657727,0.3811925895770326,1,0
lamentations,0.7668522800657727,0.3811925895770326,1,0
lamented,0.7668522800657727,0.3811925895770326,1,0
landed,0.7668522800657727,0.3811925895770326,1,0
lane,0.7668522800657727,0.3811925895770326,1,0
languishing,0.7668522800657727,0.3811925895770326,1,0
lapped,0.7668522800657727,0.3811925895770326,1,0
las,0.7668522800657727,0.3811925895770326,1,0
last-minute,0.7668522800657727,0.3811925895770326,1,0
lasted,0.7668522800657727,0.3811925895770326,1,0
laughing,0.7668522800657727,0.3811925895770326,1,0
law-abiding,0.7668522800657727,0.3811925895770326,1,0
lawfulness,0.7668522800657727,0.3811925895770326,1,0
lawmakers,0.7668522800657727,0.3811925895770326,1,0
lazy,0.7668522800657727,0.3811925895770326,1,0
leadership's,0.7668522800657727,0.3811925895770326,1,0
leak,0.7668522800657727,0.3811925895770326,1,0
leaked,0.7668522800657727,0.3811925895770326,1,0
leap,0.7668522800657727,0.3811925895770326,1,0
lebanon,0.7668522800657727,0.3811925895770326,1,0
leftists,0.7668522800657727,0.3811925895770326,1,0
legalized,0.7668522800657727,0.3811925895770326,1,0
legislatively,0.7668522800657727,0.3811925895770326,1,0
legitimizing,0.7668522800657727,0.3811925895770326,1,0
lens,0.7668522800657727,0.3811925895770326,1,0
lethality,0.7668522800657727,0.3811925895770326,1,0
letter's,0.7668522800657727,0.3811925895770326,1,0
leveled,0.7668522800657727,0.3811925895770326,1,0
leveling,0.7668522800657727,0.3811925895770326,1,0
leveraged,0.7668522800657727,0.3811925895770326,1,0
liberal,0.7668522800657727,0.3811925895770326,1,0
liberalize,0.7668522800657727,0.3811925895770326,1,0
liberating,0.7668522800657727,0.3811925895770326,1,0
lies-based,0.7668522800657727,0.3811925895770326,1,0
life-support,0.7668522800657727,0.3811925895770326,1,0
life-sustaining,0.7668522800657727,0.3811925895770326,1,0
lifenews,0.7668522800657727,0.3811925895770326,1,0
lighted,0.7668522800657727,0.3811925895770326,1,0
lightly,0.7668522800657727,0.3811925895770326,1,0
liking,0.7668522800657727,0.3811925895770326,1,0
limb,0.7668522800657727,0.3811925895770326,1,0
limitation,0.7668522800657727,0.3811925895770326,1,0
lion's,0.7668522800657727,0.3811925895770326,1,0
lip,0.7668522800657727,0.3811925895770326,1,0
liquefied,0.7668522800657727,0.3811925895770326,1,0
liquidated,0.7668522800657727,0.3811925895770326,1,0
literary,0.7668522800657727,0.3811925895770326,1,0
litmus,0.7668522800657727,0.3811925895770326,1,0
litvinenko,0.7668522800657727,0.3811925895770326,1,0
ll,0.7668522800657727,0.3811925895770326,1,0
ll-year-old,0.7668522800657727,0.3811925895770326,1,0
lloyd,0.7668522800657727,0.3811925895770326,1,0
loathing,0.7668522800657727,0.3811925895770326,1,0
lob,0.7668522800657727,0.3811925895770326,1,0
logistically,0.7668522800657727,0.3811925895770326,1,0
long-established,0.7668522800657727,0.3811925895770326,1,0
long-overdue,0.7668522800657727,0.3811925895770326,1,0
lord,0.7668522800657727,0.3811925895770326,1,0
louis,0.7668522800657727,0.3811925895770326,1,0
lovely,0.7668522800657727,0.3811925895770326,1,0
loving,0.7668522800657727,0.3811925895770326,1,0
low-grade,0.7668522800657727,0.3811925895770326,1,0
lubkivsky,0.7668522800657727,0.3811925895770326,1,0
lugovaya,0.7668522800657727,0.3811925895770326,1,0
lustration,0.7668522800657727,0.3811925895770326,1,0
lutsenko,0.7668522800657727,0.3811925895770326,1,0
lwouldlike,0.7668522800657727,0.3811925895770326,1,0
lyakh,0.7668522800657727,0.3811925895770326,1,0
lynch,0.7668522800657727,0.3811925895770326,1,0
lynchpin,0.7668522800657727,0.3811925895770326,1,0
lytsenko,0.7668522800657727,0.3811925895770326,1,0
lyudmyla,0.7668522800657727,0.3811925895770326,1,0
m31,0.7668522800657727,0.3811925895770326,1,0
machinations,0.7668522800657727,0.3811925895770326,1,0
made-up,0.7668522800657727,0.3811925895770326,1,0
mafia,0.7668522800657727,0.3811925895770326,1,0
magazines,0.7668522800657727,0.3811925895770326,1,0
magical,0.7668522800657727,0.3811925895770326,1,0
maimings,0.7668522800657727,0.3811925895770326,1,0
majority-russian,0.7668522800657727,0.3811925895770326,1,0
make-up,0.7668522800657727,0.3811925895770326,1,0
makers,0.7668522800657727,0.3811925895770326,1,0
makes-right,0.7668522800657727,0.3811925895770326,1,0
makeup,0.7668522800657727,0.3811925895770326,1,0
maksim,0.7668522800657727,0.3811925895770326,1,0
malawi,0.7668522800657727,0.3811925895770326,1,0
mali,0.7668522800657727,0.3811925895770326,1,0
malice,0.7668522800657727,0.3811925895770326,1,0
malignant,0.7668522800657727,0.3811925895770326,1,0
maltese,0.7668522800657727,0.3811925895770326,1,0
malvinas,0.7668522800657727,0.3811925895770326,1,0
managing,0.7668522800657727,0.3811925895770326,1,0
manifesting,0.7668522800657727,0.3811925895770326,1,0
manned,0.7668522800657727,0.3811925895770326,1,0
manners,0.7668522800657727,0.3811925895770326,1,0
manual,0.7668522800657727,0.3811925895770326,1,0
manufactured,0.7668522800657727,0.3811925895770326,1,0
maps,0.7668522800657727,0.3811925895770326,1,0
marauder,0.7668522800657727,0.3811925895770326,1,0
marauders,0.7668522800657727,0.3811925895770326,1,0
marginalization,0.7668522800657727,0.3811925895770326,1,0
marginalize,0.7668522800657727,0.3811925895770326,1,0
marina,0.7668522800657727,0.3811925895770326,1,0
marketing,0.7668522800657727,0.3811925895770326,1,0
markiyan,0.7668522800657727,0.3811925895770326,1,0
martyrs,0.7668522800657727,0.3811925895770326,1,0
marvel,0.7668522800657727,0.3811925895770326,1,0
marvellous,0.7668522800657727,0.3811925895770326,1,0
masha,0.7668522800657727,0.3811925895770326,1,0
maslyak,0.7668522800657727,0.3811925895770326,1,0
massacred,0.7668522800657727,0.3811925895770326,1,0
masses,0.7668522800657727,0.3811925895770326,1,0
maurras,0.7668522800657727,0.3811925895770326,1,0
maya,0.7668522800657727,0.3811925895770326,1,0
meadia,0.7668522800657727,0.3811925895770326,1,0
meals,0.7668522800657727,0.3811925895770326,1,0
meaningless,0.7668522800657727,0.3811925895770326,1,0
mechanized,0.7668522800657727,0.3811925895770326,1,0
meddle,0.7668522800657727,0.3811925895770326,1,0
mediators,0.7668522800657727,0.3811925895770326,1,0
medication,0.7668522800657727,0.3811925895770326,1,0
medium,0.7668522800657727,0.3811925895770326,1,0
medium-calibre,0.7668522800657727,0.3811925895770326,1,0
mena,0.7668522800657727,0.3811925895770326,1,0
menes,0.7668522800657727,0.3811925895770326,1,0
mentally,0.7668522800657727,0.3811925895770326,1,0
mentor,0.7668522800657727,0.3811925895770326,1,0
mentors,0.7668522800657727,0.3811925895770326,1,0
metadata,0.7668522800657727,0.3811925895770326,1,0
metal,0.7668522800657727,0.3811925895770326,1,0
metallurgical,0.7668522800657727,0.3811925895770326,1,0
methodical,0.7668522800657727,0.3811925895770326,1,0
metropolises,0.7668522800657727,0.3811925895770326,1,0
metropolitan,0.7668522800657727,0.3811925895770326,1,0
mid-january,0.7668522800657727,0.3811925895770326,1,0
middle-income,0.7668522800657727,0.3811925895770326,1,0
midland,0.7668522800657727,0.3811925895770326,1,0
mikhailovka,0.7668522800657727,0.3811925895770326,1,0
mikhnovsky,0.7668522800657727,0.3811925895770326,1,0
military's,0.7668522800657727,0.3811925895770326,1,0
military-purpose,0.7668522800657727,0.3811925895770326,1,0
militiamen,0.7668522800657727,0.3811925895770326,1,0
millennium,0.7668522800657727,0.3811925895770326,1,0
mina,0.7668522800657727,0.3811925895770326,1,0
mine-clearing,0.7668522800657727,0.3811925895770326,1,0
mineral,0.7668522800657727,0.3811925895770326,1,0
mineworkers,0.7668522800657727,0.3811925895770326,1,0
mingle,0.7668522800657727,0.3811925895770326,1,0
minions,0.7668522800657727,0.3811925895770326,1,0
ministries,0.7668522800657727,0.3811925895770326,1,0
minks,0.7668522800657727,0.3811925895770326,1,0
miraculous,0.7668522800657727,0.3811925895770326,1,0
miraculously,0.7668522800657727,0.3811925895770326,1,0
mired,0.7668522800657727,0.3811925895770326,1,0
mironov,0.7668522800657727,0.3811925895770326,1,0
miroslav,0.7668522800657727,0.3811925895770326,1,0
mirrors,0.7668522800657727,0.3811925895770326,1,0
misadventure,0.7668522800657727,0.3811925895770326,1,0
misadventurism,0.7668522800657727,0.3811925895770326,1,0
misanthropes,0.7668522800657727,0.3811925895770326,1,0
misappropriation,0.7668522800657727,0.3811925895770326,1,0
misfiring,0.7668522800657727,0.3811925895770326,1,0
misfit,0.7668522800657727,0.3811925895770326,1,0
misfortune,0.7668522800657727,0.3811925895770326,1,0
misfortunes,0.7668522800657727,0.3811925895770326,1,0
mislead,0.7668522800657727,0.3811925895770326,1,0
misrepresentation,0.7668522800657727,0.3811925895770326,1,0
misstated,0.7668522800657727,0.3811925895770326,1,0
mistook,0.7668522800657727,0.3811925895770326,1,0
mitt,0.7668522800657727,0.3811925895770326,1,0
mlrs,0.7668522800657727,0.3811925895770326,1,0
mob,0.7668522800657727,0.3811925895770326,1,0
mocking,0.7668522800657727,0.3811925895770326,1,0
modernize,0.7668522800657727,0.3811925895770326,1,0
modestly,0.7668522800657727,0.3811925895770326,1,0
modified,0.7668522800657727,0.3811925895770326,1,0
modify,0.7668522800657727,0.3811925895770326,1,0
modus,0.7668522800657727,0.3811925895770326,1,0
molecules,0.7668522800657727,0.3811925895770326,1,0
momentous,0.7668522800657727,0.3811925895770326,1,0
moments,0.7668522800657727,0.3811925895770326,1,0
money-laundering,0.7668522800657727,0.3811925895770326,1,0
mongols,0.7668522800657727,0.3811925895770326,1,0
mongrels,0.7668522800657727,0.3811925895770326,1,0
monopolistic,0.7668522800657727,0.3811925895770326,1,0
monsanto,0.7668522800657727,0.3811925895770326,1,0
monster,0.7668522800657727,0.3811925895770326,1,0
mood,0.7668522800657727,0.3811925895770326,1,0
morale,0.7668522800657727,0.3811925895770326,1,0
moralize,0.7668522800657727,0.3811925895770326,1,0
moratorium,0.7668522800657727,0.3811925895770326,1,0
mordor,0.7668522800657727,0.3811925895770326,1,0
morgue,0.7668522800657727,0.3811925895770326,1,0
moroko,0.7668522800657727,0.3811925895770326,1,0
moschun,0.7668522800657727,0.3811925895770326,1,0
moskal'sko-zhidovskaia,0.7668522800657727,0.3811925895770326,1,0
mother-and-child,0.7668522800657727,0.3811925895770326,1,0
motivates,0.7668522800657727,0.3811925895770326,1,0
motivations,0.7668522800657727,0.3811925895770326,1,0
mouthpieces,0.7668522800657727,0.3811925895770326,1,0
moves,0.7668522800657727,0.3811925895770326,1,0
mr.feltman,0.7668522800657727,0.3811925895770326,1,0
mr.shishkin,0.7668522800657727,0.3811925895770326,1,0
much-praised,0.7668522800657727,0.3811925895770326,1,0
much-publicized,0.7668522800657727,0.3811925895770326,1,0
much-vaunted,0.7668522800657727,0.3811925895770326,1,0
muhammadu,0.7668522800657727,0.3811925895770326,1,0
multi-term,0.7668522800657727,0.3811925895770326,1,0
multiethnic,0.7668522800657727,0.3811925895770326,1,0
multiply,0.7668522800657727,0.3811925895770326,1,0
multiplying,0.7668522800657727,0.3811925895770326,1,0
municipalities,0.7668522800657727,0.3811925895770326,1,0
munition,0.7668522800657727,0.3811925895770326,1,0
muscovite,0.7668522800657727,0.3811925895770326,1,0
muscovites,0.7668522800657727,0.3811925895770326,1,0
musicians,0.7668522800657727,0.3811925895770326,1,0
mykhaylo,0.7668522800657727,0.3811925895770326,1,0
mykolaivka,0.7668522800657727,0.3811925895770326,1,0
myrotvorets,0.7668522800657727,0.3811925895770326,1,0
mystery,0.7668522800657727,0.3811925895770326,1,0
márquez,0.7668522800657727,0.3811925895770326,1,0
naftali,0.7668522800657727,0.3811925895770326,1,0
nakamitsu,0.7668522800657727,0.3811925895770326,1,0
nastya,0.7668522800657727,0.3811925895770326,1,0
natalie,0.7668522800657727,0.3811925895770326,1,0
nation's,0.7668522800657727,0.3811925895770326,1,0
nationalistic,0.7668522800657727,0.3811925895770326,1,0
nautical-mile-wide,0.7668522800657727,0.3811925895770326,1,0
navalny,0.7668522800657727,0.3811925895770326,1,0
nears,0.7668522800657727,0.3811925895770326,1,0
neatly,0.7668522800657727,0.3811925895770326,1,0
needy,0.7668522800657727,0.3811925895770326,1,0
negated,0.7668522800657727,0.3811925895770326,1,0
neglect,0.7668522800657727,0.3811925895770326,1,0
neighbourhods,0.7668522800657727,0.3811925895770326,1,0
neighbourliness,0.7668522800657727,0.3811925895770326,1,0
nekhoteyevka,0.7668522800657727,0.3811925895770326,1,0
neo-nazist,0.7668522800657727,0.3811925895770326,1,0
nervousness,0.7668522800657727,0.3811925895770326,1,0
net,0.7668522800657727,0.3811925895770326,1,0
neutralize,0.7668522800657727,0.3811925895770326,1,0
new-old,0.7668522800657727,0.3811925895770326,1,0
nikita,0.7668522800657727,0.3811925895770326,1,0
nikki,0.7668522800657727,0.3811925895770326,1,0
nikolaevna,0.7668522800657727,0.3811925895770326,1,0
nikolskoye,0.7668522800657727,0.3811925895770326,1,0
nine-year,0.7668522800657727,0.3811925895770326,1,0
nineteenth,0.7668522800657727,0.3811925895770326,1,0
ninety-eight,0.7668522800657727,0.3811925895770326,1,0
ninth-grade,0.7668522800657727,0.3811925895770326,1,0
nizhne,0.7668522800657727,0.3811925895770326,1,0
nly,0.7668522800657727,0.3811925895770326,1,0
no-visa,0.7668522800657727,0.3811925895770326,1,0
nobler,0.7668522800657727,0.3811925895770326,1,0
nogai,0.7668522800657727,0.3811925895770326,1,0
nominated,0.7668522800657727,0.3811925895770326,1,0
non-aggressive,0.7668522800657727,0.3811925895770326,1,0
non-conformity,0.7668522800657727,0.3811925895770326,1,0
non-discriminatory,0.7668522800657727,0.3811925895770326,1,0
non-ethnic,0.7668522800657727,0.3811925895770326,1,0
non-existent,0.7668522800657727,0.3811925895770326,1,0
non-functional,0.7668522800657727,0.3811925895770326,1,0
non-human,0.7668522800657727,0.3811925895770326,1,0
non-implementation,0.7668522800657727,0.3811925895770326,1,0
non-liberal,0.7668522800657727,0.3811925895770326,1,0
non-natives,0.7668522800657727,0.3811925895770326,1,0
non-nuclear,0.7668522800657727,0.3811925895770326,1,0
non-people,0.7668522800657727,0.3811925895770326,1,0
non-radioactive,0.7668522800657727,0.3811925895770326,1,0
non-russophobic,0.7668522800657727,0.3811925895770326,1,0
non-sanctioned,0.7668522800657727,0.3811925895770326,1,0
non-self,0.7668522800657727,0.3811925895770326,1,0
non-transparent,0.7668522800657727,0.3811925895770326,1,0
non-ukrainian,0.7668522800657727,0.3811925895770326,1,0
non-western,0.7668522800657727,0.3811925895770326,1,0
noose,0.7668522800657727,0.3811925895770326,1,0
north-north-east,0.7668522800657727,0.3811925895770326,1,0
north-western,0.7668522800657727,0.3811925895770326,1,0
noses,0.7668522800657727,0.3811925895770326,1,0
notdiscussed,0.7668522800657727,0.3811925895770326,1,0
notions,0.7668522800657727,0.3811925895770326,1,0
notjust,0.7668522800657727,0.3811925895770326,1,0
notoriously,0.7668522800657727,0.3811925895770326,1,0
notwithstanding,0.7668522800657727,0.3811925895770326,1,0
novel,0.7668522800657727,0.3811925895770326,1,0
novembers,0.7668522800657727,0.3811925895770326,1,0
novooleksandrivka,0.7668522800657727,0.3811925895770326,1,0
novoshahtinsk,0.7668522800657727,0.3811925895770326,1,0
novosti,0.7668522800657727,0.3811925895770326,1,0
nsure,0.7668522800657727,0.3811925895770326,1,0
nuance,0.7668522800657727,0.3811925895770326,1,0
numbering,0.7668522800657727,0.3811925895770326,1,0
nurture,0.7668522800657727,0.3811925895770326,1,0
nyzhnia,0.7668522800657727,0.3811925895770326,1,0
obedience,0.7668522800657727,0.3811925895770326,1,0
obediently,0.7668522800657727,0.3811925895770326,1,0
objecting,0.7668522800657727,0.3811925895770326,1,0
objectionable,0.7668522800657727,0.3811925895770326,1,0
obliterate,0.7668522800657727,0.3811925895770326,1,0
oblivion,0.7668522800657727,0.3811925895770326,1,0
obscure,0.7668522800657727,0.3811925895770326,1,0
obstructed,0.7668522800657727,0.3811925895770326,1,0
occasionally,0.7668522800657727,0.3811925895770326,1,0
occurrence,0.7668522800657727,0.3811925895770326,1,0
oddest,0.7668522800657727,0.3811925895770326,1,0
odessa-based,0.7668522800657727,0.3811925895770326,1,0
odessans,0.7668522800657727,0.3811925895770326,1,0
of24,0.7668522800657727,0.3811925895770326,1,0
ofblood,0.7668522800657727,0.3811925895770326,1,0
ofeurope,0.7668522800657727,0.3811925895770326,1,0
offences,0.7668522800657727,0.3811925895770326,1,0
offend,0.7668522800657727,0.3811925895770326,1,0
officialdom,0.7668522800657727,0.3811925895770326,1,0
offing,0.7668522800657727,0.3811925895770326,1,0
offloading,0.7668522800657727,0.3811925895770326,1,0
offshore,0.7668522800657727,0.3811925895770326,1,0
ofhonour,0.7668522800657727,0.3811925895770326,1,0
ofhumanitarian,0.7668522800657727,0.3811925895770326,1,0
ofindividuals,0.7668522800657727,0.3811925895770326,1,0
ofinternal,0.7668522800657727,0.3811925895770326,1,0
ofjournalists,0.7668522800657727,0.3811925895770326,1,0
ofjurisprudence,0.7668522800657727,0.3811925895770326,1,0
ofjustices,0.7668522800657727,0.3811925895770326,1,0
oflaw,0.7668522800657727,0.3811925895770326,1,0
ofother,0.7668522800657727,0.3811925895770326,1,0
ofour,0.7668522800657727,0.3811925895770326,1,0
ofpeoples,0.7668522800657727,0.3811925895770326,1,0
ofprogress,0.7668522800657727,0.3811925895770326,1,0
ofrelief,0.7668522800657727,0.3811925895770326,1,0
ofreport,0.7668522800657727,0.3811925895770326,1,0
ofrussia,0.7668522800657727,0.3811925895770326,1,0
ofrussia's,0.7668522800657727,0.3811925895770326,1,0
oftheir,0.7668522800657727,0.3811925895770326,1,0
ofthem,0.7668522800657727,0.3811925895770326,1,0
oftrust,0.7668522800657727,0.3811925895770326,1,0
ofundesirable,0.7668522800657727,0.3811925895770326,1,0
ofurgent,0.7668522800657727,0.3811925895770326,1,0
ofwhat,0.7668522800657727,0.3811925895770326,1,0
ofwhom,0.7668522800657727,0.3811925895770326,1,0
ofworking,0.7668522800657727,0.3811925895770326,1,0
oh,0.7668522800657727,0.3811925895770326,1,0
oirat,0.7668522800657727,0.3811925895770326,1,0
okaraine's,0.7668522800657727,0.3811925895770326,1,0
okay,0.7668522800657727,0.3811925895770326,1,0
oktyabrskaya,0.7668522800657727,0.3811925895770326,1,0
oligarchical,0.7668522800657727,0.3811925895770326,1,0
olive,0.7668522800657727,0.3811925895770326,1,0
ombudswoman,0.7668522800657727,0.3811925895770326,1,0
ominous,0.7668522800657727,0.3811925895770326,1,0
omits,0.7668522800657727,0.3811925895770326,1,0
omitted,0.7668522800657727,0.3811925895770326,1,0
once-multicultural,0.7668522800657727,0.3811925895770326,1,0
onducting,0.7668522800657727,0.3811925895770326,1,0
one-off,0.7668522800657727,0.3811925895770326,1,0
one-time,0.7668522800657727,0.3811925895770326,1,0
one-word,0.7668522800657727,0.3811925895770326,1,0
onishchenko,0.7668522800657727,0.3811925895770326,1,0
oorth,0.7668522800657727,0.3811925895770326,1,0
op,0.7668522800657727,0.3811925895770326,1,0
opaque,0.7668522800657727,0.3811925895770326,1,0
open-source,0.7668522800657727,0.3811925895770326,1,0
opens,0.7668522800657727,0.3811925895770326,1,0
operandi,0.7668522800657727,0.3811925895770326,1,0
operates,0.7668522800657727,0.3811925895770326,1,0
operation's,0.7668522800657727,0.3811925895770326,1,0
operator,0.7668522800657727,0.3811925895770326,1,0
opportunistic,0.7668522800657727,0.3811925895770326,1,0
oppress,0.7668522800657727,0.3811925895770326,1,0
oppressed,0.7668522800657727,0.3811925895770326,1,0
opt,0.7668522800657727,0.3811925895770326,1,0
optimism,0.7668522800657727,0.3811925895770326,1,0
optimist,0.7668522800657727,0.3811925895770326,1,0
optimists,0.7668522800657727,0.3811925895770326,1,0
orange,0.7668522800657727,0.3811925895770326,1,0
orient,0.7668522800657727,0.3811925895770326,1,0
originator,0.7668522800657727,0.3811925895770326,1,0
orlovka,0.7668522800657727,0.3811925895770326,1,0
osce's,0.7668522800657727,0.3811925895770326,1,0
ostrich-like,0.7668522800657727,0.3811925895770326,1,0
oter,0.7668522800657727,0.3811925895770326,1,0
out-and-out,0.7668522800657727,0.3811925895770326,1,0
outbursts,0.7668522800657727,0.3811925895770326,1,0
outlawed,0.7668522800657727,0.3811925895770326,1,0
outlook,0.7668522800657727,0.3811925895770326,1,0
overlook,0.7668522800657727,0.3811925895770326,1,0
overlooks,0.7668522800657727,0.3811925895770326,1,0
overseas,0.7668522800657727,0.3811925895770326,1,0
oversee,0.7668522800657727,0.3811925895770326,1,0
overshadowed,0.7668522800657727,0.3811925895770326,1,0
overstep,0.7668522800657727,0.3811925895770326,1,0
overstocked,0.7668522800657727,0.3811925895770326,1,0
overtures,0.7668522800657727,0.3811925895770326,1,0
owes,0.7668522800657727,0.3811925895770326,1,0
owned,0.7668522800657727,0.3811925895770326,1,0
owner,0.7668522800657727,0.3811925895770326,1,0
pacification,0.7668522800657727,0.3811925895770326,1,0
pacify,0.7668522800657727,0.3811925895770326,1,0
paedophilia,0.7668522800657727,0.3811925895770326,1,0
paid-for,0.7668522800657727,0.3811925895770326,1,0
painfully,0.7668522800657727,0.3811925895770326,1,0
painstaking,0.7668522800657727,0.3811925895770326,1,0
painstakingly,0.7668522800657727,0.3811925895770326,1,0
pales,0.7668522800657727,0.3811925895770326,1,0
palestinian,0.7668522800657727,0.3811925895770326,1,0
palestinian-israeli,0.7668522800657727,0.3811925895770326,1,0
palm,0.7668522800657727,0.3811925895770326,1,0
pantheon,0.7668522800657727,0.3811925895770326,1,0
paradigm,0.7668522800657727,0.3811925895770326,1,0
paranoid,0.7668522800657727,0.3811925895770326,1,0
paratrooper,0.7668522800657727,0.3811925895770326,1,0
paratroopers,0.7668522800657727,0.3811925895770326,1,0
pardons,0.7668522800657727,0.3811925895770326,1,0
parishes,0.7668522800657727,0.3811925895770326,1,0
parked,0.7668522800657727,0.3811925895770326,1,0
parliament's,0.7668522800657727,0.3811925895770326,1,0
particularities,0.7668522800657727,0.3811925895770326,1,0
partisan,0.7668522800657727,0.3811925895770326,1,0
partizan,0.7668522800657727,0.3811925895770326,1,0
parubiy,0.7668522800657727,0.3811925895770326,1,0
passages,0.7668522800657727,0.3811925895770326,1,0
passion,0.7668522800657727,0.3811925895770326,1,0
passionate,0.7668522800657727,0.3811925895770326,1,0
paths,0.7668522800657727,0.3811925895770326,1,0
patiently,0.7668522800657727,0.3811925895770326,1,0
patriot,0.7668522800657727,0.3811925895770326,1,0
patrolling,0.7668522800657727,0.3811925895770326,1,0
paving,0.7668522800657727,0.3811925895770326,1,0
pavlovsky,0.7668522800657727,0.3811925895770326,1,0
peaceable,0.7668522800657727,0.3811925895770326,1,0
peaceful-sounding,0.7668522800657727,0.3811925895770326,1,0
peacemakers,0.7668522800657727,0.3811925895770326,1,0
peak,0.7668522800657727,0.3811925895770326,1,0
pechorska,0.7668522800657727,0.3811925895770326,1,0
pecial,0.7668522800657727,0.3811925895770326,1,0
peers,0.7668522800657727,0.3811925895770326,1,0
pelting,0.7668522800657727,0.3811925895770326,1,0
pen,0.7668522800657727,0.3811925895770326,1,0
peninsula's,0.7668522800657727,0.3811925895770326,1,0
peremoga,0.7668522800657727,0.3811925895770326,1,0
perevalsk,0.7668522800657727,0.3811925895770326,1,0
performed,0.7668522800657727,0.3811925895770326,1,0
permissible,0.7668522800657727,0.3811925895770326,1,0
permissiveness,0.7668522800657727,0.3811925895770326,1,0
perpetuate,0.7668522800657727,0.3811925895770326,1,0
perplexed,0.7668522800657727,0.3811925895770326,1,0
persecute,0.7668522800657727,0.3811925895770326,1,0
pertinent,0.7668522800657727,0.3811925895770326,1,0
pervasive,0.7668522800657727,0.3811925895770326,1,0
pervomaiske,0.7668522800657727,0.3811925895770326,1,0
peski,0.7668522800657727,0.3811925895770326,1,0
petrovske,0.7668522800657727,0.3811925895770326,1,0
petty,0.7668522800657727,0.3811925895770326,1,0
pfm-1,0.7668522800657727,0.3811925895770326,1,0
pharaoh,0.7668522800657727,0.3811925895770326,1,0
phenomenon,0.7668522800657727,0.3811925895770326,1,0
philanthropists,0.7668522800657727,0.3811925895770326,1,0
philippics,0.7668522800657727,0.3811925895770326,1,0
phobia,0.7668522800657727,0.3811925895770326,1,0
photocopy,0.7668522800657727,0.3811925895770326,1,0
photojournalist,0.7668522800657727,0.3811925895770326,1,0
pick,0.7668522800657727,0.3811925895770326,1,0
pig,0.7668522800657727,0.3811925895770326,1,0
pilgrim,0.7668522800657727,0.3811925895770326,1,0
pinned,0.7668522800657727,0.3811925895770326,1,0
pipe,0.7668522800657727,0.3811925895770326,1,0
pirate,0.7668522800657727,0.3811925895770326,1,0
pirogova,0.7668522800657727,0.3811925895770326,1,0
pitied,0.7668522800657727,0.3811925895770326,1,0
pitted,0.7668522800657727,0.3811925895770326,1,0
pitting,0.7668522800657727,0.3811925895770326,1,0
playbook,0.7668522800657727,0.3811925895770326,1,0
playgrounds,0.7668522800657727,0.3811925895770326,1,0
pleasantly,0.7668522800657727,0.3811925895770326,1,0
plebiscites,0.7668522800657727,0.3811925895770326,1,0
pledged,0.7668522800657727,0.3811925895770326,1,0
plot,0.7668522800657727,0.3811925895770326,1,0
plumbed,0.7668522800657727,0.3811925895770326,1,0
plummeted,0.7668522800657727,0.3811925895770326,1,0
plundering,0.7668522800657727,0.3811925895770326,1,0
plurality,0.7668522800657727,0.3811925895770326,1,0
pluses,0.7668522800657727,0.3811925895770326,1,0
pocket,0.7668522800657727,0.3811925895770326,1,0
pockets,0.7668522800657727,0.3811925895770326,1,0
poetry,0.7668522800657727,0.3811925895770326,1,0
poets,0.7668522800657727,0.3811925895770326,1,0
pohrebynskyy,0.7668522800657727,0.3811925895770326,1,0
pointedly,0.7668522800657727,0.3811925895770326,1,0
poisoned,0.7668522800657727,0.3811925895770326,1,0
poisonings,0.7668522800657727,0.3811925895770326,1,0
poke,0.7668522800657727,0.3811925895770326,1,0
polacks,0.7668522800657727,0.3811925895770326,1,0
poland's,0.7668522800657727,0.3811925895770326,1,0
polarize,0.7668522800657727,0.3811925895770326,1,0
polevaya,0.7668522800657727,0.3811925895770326,1,0
police-state,0.7668522800657727,0.3811925895770326,1,0
policemen,0.7668522800657727,0.3811925895770326,1,0
policymakers,0.7668522800657727,0.3811925895770326,1,0
politicalaffairs,0.7668522800657727,0.3811925895770326,1,0
politician,0.7668522800657727,0.3811925895770326,1,0
politicize,0.7668522800657727,0.3811925895770326,1,0
politicizes,0.7668522800657727,0.3811925895770326,1,0
politicizing,0.7668522800657727,0.3811925895770326,1,0
politicum,0.7668522800657727,0.3811925895770326,1,0
poltava,0.7668522800657727,0.3811925895770326,1,0
poltorak,0.7668522800657727,0.3811925895770326,1,0
pompously,0.7668522800657727,0.3811925895770326,1,0
pontificating,0.7668522800657727,0.3811925895770326,1,0
poorly,0.7668522800657727,0.3811925895770326,1,0
portions,0.7668522800657727,0.3811925895770326,1,0
portraying,0.7668522800657727,0.3811925895770326,1,0
portrays,0.7668522800657727,0.3811925895770326,1,0
positing,0.7668522800657727,0.3811925895770326,1,0
positioning,0.7668522800657727,0.3811925895770326,1,0
positively,0.7668522800657727,0.3811925895770326,1,0
possessed,0.7668522800657727,0.3811925895770326,1,0
post-russian,0.7668522800657727,0.3811925895770326,1,0
posterity,0.7668522800657727,0.3811925895770326,1,0
posters,0.7668522800657727,0.3811925895770326,1,0
posthumously,0.7668522800657727,0.3811925895770326,1,0
posting,0.7668522800657727,0.3811925895770326,1,0
postings,0.7668522800657727,0.3811925895770326,1,0
postponed,0.7668522800657727,0.3811925895770326,1,0
posture,0.7668522800657727,0.3811925895770326,1,0
potgieter,0.7668522800657727,0.3811925895770326,1,0
pour,0.7668522800657727,0.3811925895770326,1,0
powerfully,0.7668522800657727,0.3811925895770326,1,0
practiced,0.7668522800657727,0.3811925895770326,1,0
pragmatic,0.7668522800657727,0.3811925895770326,1,0
pre-maidan,0.7668522800657727,0.3811925895770326,1,0
pre-winter,0.7668522800657727,0.3811925895770326,1,0
preaching,0.7668522800657727,0.3811925895770326,1,0
preamble,0.7668522800657727,0.3811925895770326,1,0
precedence,0.7668522800657727,0.3811925895770326,1,0
precepts,0.7668522800657727,0.3811925895770326,1,0
precursor,0.7668522800657727,0.3811925895770326,1,0
predetermined,0.7668522800657727,0.3811925895770326,1,0
predicated,0.7668522800657727,0.3811925895770326,1,0
predictable,0.7668522800657727,0.3811925895770326,1,0
predominantly,0.7668522800657727,0.3811925895770326,1,0
preferable,0.7668522800657727,0.3811925895770326,1,0
preferably,0.7668522800657727,0.3811925895770326,1,0
preferring,0.7668522800657727,0.3811925895770326,1,0
prefers,0.7668522800657727,0.3811925895770326,1,0
prehistory,0.7668522800657727,0.3811925895770326,1,0
preschools,0.7668522800657727,0.3811925895770326,1,0
prescribed,0.7668522800657727,0.3811925895770326,1,0
prescribes,0.7668522800657727,0.3811925895770326,1,0
present-day,0.7668522800657727,0.3811925895770326,1,0
presentable,0.7668522800657727,0.3811925895770326,1,0
presidency's,0.7668522800657727,0.3811925895770326,1,0
presupposes,0.7668522800657727,0.3811925895770326,1,0
prevailing,0.7668522800657727,0.3811925895770326,1,0
priceless,0.7668522800657727,0.3811925895770326,1,0
primacy,0.7668522800657727,0.3811925895770326,1,0
prioritizing,0.7668522800657727,0.3811925895770326,1,0
privacy,0.7668522800657727,0.3811925895770326,1,0
privately,0.7668522800657727,0.3811925895770326,1,0
pro-maidan,0.7668522800657727,0.3811925895770326,1,0
problematic,0.7668522800657727,0.3811925895770326,1,0
processions,0.7668522800657727,0.3811925895770326,1,0
proclamations,0.7668522800657727,0.3811925895770326,1,0
producing,0.7668522800657727,0.3811925895770326,1,0
profaning,0.7668522800657727,0.3811925895770326,1,0
professionalism,0.7668522800657727,0.3811925895770326,1,0
professionals,0.7668522800657727,0.3811925895770326,1,0
profitability,0.7668522800657727,0.3811925895770326,1,0
profiting,0.7668522800657727,0.3811925895770326,1,0
programmed,0.7668522800657727,0.3811925895770326,1,0
progressive,0.7668522800657727,0.3811925895770326,1,0
prohibiting,0.7668522800657727,0.3811925895770326,1,0
prohibitive,0.7668522800657727,0.3811925895770326,1,0
proliferate,0.7668522800657727,0.3811925895770326,1,0
proliferation,0.7668522800657727,0.3811925895770326,1,0
promotes,0.7668522800657727,0.3811925895770326,1,0
prone,0.7668522800657727,0.3811925895770326,1,0
pronoun,0.7668522800657727,0.3811925895770326,1,0
pronounced,0.7668522800657727,0.3811925895770326,1,0
prop,0.7668522800657727,0.3811925895770326,1,0
propelling,0.7668522800657727,0.3811925895770326,1,0
prophecies,0.7668522800657727,0.3811925895770326,1,0
propounded,0.7668522800657727,0.3811925895770326,1,0
prosecuting,0.7668522800657727,0.3811925895770326,1,0
prosecutors,0.7668522800657727,0.3811925895770326,1,0
protectorate,0.7668522800657727,0.3811925895770326,1,0
protectors,0.7668522800657727,0.3811925895770326,1,0
protocols,0.7668522800657727,0.3811925895770326,1,0
provincialism,0.7668522800657727,0.3811925895770326,1,0
prudence,0.7668522800657727,0.3811925895770326,1,0
prussia,0.7668522800657727,0.3811925895770326,1,0
pryazovskyi,0.7668522800657727,0.3811925895770326,1,0
pseudo,0.7668522800657727,0.3811925895770326,1,0
pseudo-facts,0.7668522800657727,0.3811925895770326,1,0
pseudo-friends,0.7668522800657727,0.3811925895770326,1,0
pseudo-historians,0.7668522800657727,0.3811925895770326,1,0
pseudo-human,0.7668522800657727,0.3811925895770326,1,0
pseudo-investigation,0.7668522800657727,0.3811925895770326,1,0
pseudo-justice,0.7668522800657727,0.3811925895770326,1,0
pseudo-peacekeeping,0.7668522800657727,0.3811925895770326,1,0
psychiatric,0.7668522800657727,0.3811925895770326,1,0
ptoukha,0.7668522800657727,0.3811925895770326,1,0
publicist,0.7668522800657727,0.3811925895770326,1,0
publictly,0.7668522800657727,0.3811925895770326,1,0
publishes,0.7668522800657727,0.3811925895770326,1,0
puerto,0.7668522800657727,0.3811925895770326,1,0
pumped,0.7668522800657727,0.3811925895770326,1,0
punched,0.7668522800657727,0.3811925895770326,1,0
pure,0.7668522800657727,0.3811925895770326,1,0
purges,0.7668522800657727,0.3811925895770326,1,0
purifying,0.7668522800657727,0.3811925895770326,1,0
purported,0.7668522800657727,0.3811925895770326,1,0
pursing,0.7668522800657727,0.3811925895770326,1,0
pushcha-vodytsya,0.7668522800657727,0.3811925895770326,1,0
pushkin,0.7668522800657727,0.3811925895770326,1,0
put-up,0.7668522800657727,0.3811925895770326,1,0
qualities,0.7668522800657727,0.3811925895770326,1,0
quantities,0.7668522800657727,0.3811925895770326,1,0
queries,0.7668522800657727,0.3811925895770326,1,0
questionable,0.7668522800657727,0.3811925895770326,1,0
quibble,0.7668522800657727,0.3811925895770326,1,0
r,0.7668522800657727,0.3811925895770326,1,0
rada's,0.7668522800657727,0.3811925895770326,1,0
radicalism,0.7668522800657727,0.3811925895770326,1,0
radicalization,0.7668522800657727,0.3811925895770326,1,0
rage,0.7668522800657727,0.3811925895770326,1,0
ragovka,0.7668522800657727,0.3811925895770326,1,0
rail,0.7668522800657727,0.3811925895770326,1,0
raining,0.7668522800657727,0.3811925895770326,1,0
rajka,0.7668522800657727,0.3811925895770326,1,0
rake,0.7668522800657727,0.3811925895770326,1,0
ram,0.7668522800657727,0.3811925895770326,1,0
ramaphosa,0.7668522800657727,0.3811925895770326,1,0
ramesh,0.7668522800657727,0.3811925895770326,1,0
ranges,0.7668522800657727,0.3811925895770326,1,0
ranked,0.7668522800657727,0.3811925895770326,1,0
ranking,0.7668522800657727,0.3811925895770326,1,0
rapidly,0.7668522800657727,0.3811925895770326,1,0
rapporteur,0.7668522800657727,0.3811925895770326,1,0
ratcheting,0.7668522800657727,0.3811925895770326,1,0
rates,0.7668522800657727,0.3811925895770326,1,0
ratings,0.7668522800657727,0.3811925895770326,1,0
ratio,0.7668522800657727,0.3811925895770326,1,0
razoni,0.7668522800657727,0.3811925895770326,1,0
re-establishment,0.7668522800657727,0.3811925895770326,1,0
reactions,0.7668522800657727,0.3811925895770326,1,0
reactive,0.7668522800657727,0.3811925895770326,1,0
readers,0.7668522800657727,0.3811925895770326,1,0
readily,0.7668522800657727,0.3811925895770326,1,0
reaffirmation,0.7668522800657727,0.3811925895770326,1,0
reagan,0.7668522800657727,0.3811925895770326,1,0
reagents,0.7668522800657727,0.3811925895770326,1,0
realignment,0.7668522800657727,0.3811925895770326,1,0
realists,0.7668522800657727,0.3811925895770326,1,0
realty,0.7668522800657727,0.3811925895770326,1,0
reap,0.7668522800657727,0.3811925895770326,1,0
rear,0.7668522800657727,0.3811925895770326,1,0
rear-guard,0.7668522800657727,0.3811925895770326,1,0
rearming,0.7668522800657727,0.3811925895770326,1,0
rebutted,0.7668522800657727,0.3811925895770326,1,0
recapturing,0.7668522800657727,0.3811925895770326,1,0
recebt,0.7668522800657727,0.3811925895770326,1,0
recipe,0.7668522800657727,0.3811925895770326,1,0
recipes,0.7668522800657727,0.3811925895770326,1,0
reciprocate,0.7668522800657727,0.3811925895770326,1,0
recommit,0.7668522800657727,0.3811925895770326,1,0
reconnecting,0.7668522800657727,0.3811925895770326,1,0
reconsideration,0.7668522800657727,0.3811925895770326,1,0
recounting,0.7668522800657727,0.3811925895770326,1,0
recruit,0.7668522800657727,0.3811925895770326,1,0
redemption,0.7668522800657727,0.3811925895770326,1,0
redistribution,0.7668522800657727,0.3811925895770326,1,0
redoubled,0.7668522800657727,0.3811925895770326,1,0
redrawing,0.7668522800657727,0.3811925895770326,1,0
reeks,0.7668522800657727,0.3811925895770326,1,0
reflection,0.7668522800657727,0.3811925895770326,1,0
refletcts,0.7668522800657727,0.3811925895770326,1,0
reformatted,0.7668522800657727,0.3811925895770326,1,0
refresh,0.7668522800657727,0.3811925895770326,1,0
refutations,0.7668522800657727,0.3811925895770326,1,0
refuting,0.7668522800657727,0.3811925895770326,1,0
regards,0.7668522800657727,0.3811925895770326,1,0
regime's's,0.7668522800657727,0.3811925895770326,1,0
regimes,0.7668522800657727,0.3811925895770326,1,0
regretfully,0.7668522800657727,0.3811925895770326,1,0
regrouping,0.7668522800657727,0.3811925895770326,1,0
rehearsal,0.7668522800657727,0.3811925895770326,1,0
reign,0.7668522800657727,0.3811925895770326,1,0
reined,0.7668522800657727,0.3811925895770326,1,0
reinstate,0.7668522800657727,0.3811925895770326,1,0
reinstating,0.7668522800657727,0.3811925895770326,1,0
reiterateamostimportant,0.7668522800657727,0.3811925895770326,1,0
rejoices,0.7668522800657727,0.3811925895770326,1,0
relates,0.7668522800657727,0.3811925895770326,1,0
relaunch,0.7668522800657727,0.3811925895770326,1,0
relaxed,0.7668522800657727,0.3811925895770326,1,0
relished,0.7668522800657727,0.3811925895770326,1,0
reluctantly,0.7668522800657727,0.3811925895770326,1,0
relying,0.7668522800657727,0.3811925895770326,1,0
remaining,0.7668522800657727,0.3811925895770326,1,0
remark,0.7668522800657727,0.3811925895770326,1,0
remedial,0.7668522800657727,0.3811925895770326,1,0
remembering,0.7668522800657727,0.3811925895770326,1,0
remembers,0.7668522800657727,0.3811925895770326,1,0
remonstrations,0.7668522800657727,0.3811925895770326,1,0
remorse,0.7668522800657727,0.3811925895770326,1,0
renders,0.7668522800657727,0.3811925895770326,1,0
renewing,0.7668522800657727,0.3811925895770326,1,0
renounce,0.7668522800657727,0.3811925895770326,1,0
renowned,0.7668522800657727,0.3811925895770326,1,0
reopened,0.7668522800657727,0.3811925895770326,1,0
repainted,0.7668522800657727,0.3811925895770326,1,0
repaired,0.7668522800657727,0.3811925895770326,1,0
repatriating,0.7668522800657727,0.3811925895770326,1,0
repayments,0.7668522800657727,0.3811925895770326,1,0
repealed,0.7668522800657727,0.3811925895770326,1,0
repented,0.7668522800657727,0.3811925895770326,1,0
repetitions,0.7668522800657727,0.3811925895770326,1,0
replacing,0.7668522800657727,0.3811925895770326,1,0
replicated,0.7668522800657727,0.3811925895770326,1,0
replied,0.7668522800657727,0.3811925895770326,1,0
reprehensible,0.7668522800657727,0.3811925895770326,1,0
represssions,0.7668522800657727,0.3811925895770326,1,0
repudiated,0.7668522800657727,0.3811925895770326,1,0
repugnant,0.7668522800657727,0.3811925895770326,1,0
repurposed,0.7668522800657727,0.3811925895770326,1,0
reputational,0.7668522800657727,0.3811925895770326,1,0
requisite,0.7668522800657727,0.3811925895770326,1,0
requisitioned,0.7668522800657727,0.3811925895770326,1,0
requisitioning,0.7668522800657727,0.3811925895770326,1,0
rescinded,0.7668522800657727,0.3811925895770326,1,0
rescuers,0.7668522800657727,0.3811925895770326,1,0
researchers,0.7668522800657727,0.3811925895770326,1,0
reselling,0.7668522800657727,0.3811925895770326,1,0
resembling,0.7668522800657727,0.3811925895770326,1,0
reserved,0.7668522800657727,0.3811925895770326,1,0
resided,0.7668522800657727,0.3811925895770326,1,0
resnikov,0.7668522800657727,0.3811925895770326,1,0
resonate,0.7668522800657727,0.3811925895770326,1,0
resounding,0.7668522800657727,0.3811925895770326,1,0
resoundingly,0.7668522800657727,0.3811925895770326,1,0
resource's,0.7668522800657727,0.3811925895770326,1,0
restaurant,0.7668522800657727,0.3811925895770326,1,0
restricting,0.7668522800657727,0.3811925895770326,1,0
resupplying,0.7668522800657727,0.3811925895770326,1,0
resurgence,0.7668522800657727,0.3811925895770326,1,0
resurrect,0.7668522800657727,0.3811925895770326,1,0
retaliate,0.7668522800657727,0.3811925895770326,1,0
retarded,0.7668522800657727,0.3811925895770326,1,0
retransmission,0.7668522800657727,0.3811925895770326,1,0
retransmitting,0.7668522800657727,0.3811925895770326,1,0
retribution,0.7668522800657727,0.3811925895770326,1,0
reult,0.7668522800657727,0.3811925895770326,1,0
reva,0.7668522800657727,0.3811925895770326,1,0
revere,0.7668522800657727,0.3811925895770326,1,0
reveres,0.7668522800657727,0.3811925895770326,1,0
reviewing,0.7668522800657727,0.3811925895770326,1,0
revised,0.7668522800657727,0.3811925895770326,1,0
revision,0.7668522800657727,0.3811925895770326,1,0
revisit,0.7668522800657727,0.3811925895770326,1,0
revisited,0.7668522800657727,0.3811925895770326,1,0
revocation,0.7668522800657727,0.3811925895770326,1,0
revoked,0.7668522800657727,0.3811925895770326,1,0
revoking,0.7668522800657727,0.3811925895770326,1,0
rewriting,0.7668522800657727,0.3811925895770326,1,0
rewritten,0.7668522800657727,0.3811925895770326,1,0
ria,0.7668522800657727,0.3811925895770326,1,0
ribbons,0.7668522800657727,0.3811925895770326,1,0
rico,0.7668522800657727,0.3811925895770326,1,0
right-wingers,0.7668522800657727,0.3811925895770326,1,0
righted,0.7668522800657727,0.3811925895770326,1,0
rigid,0.7668522800657727,0.3811925895770326,1,0
rivalling,0.7668522800657727,0.3811925895770326,1,0
rivals,0.7668522800657727,0.3811925895770326,1,0
rivière,0.7668522800657727,0.3811925895770326,1,0
rob,0.7668522800657727,0.3811925895770326,1,0
robberies,0.7668522800657727,0.3811925895770326,1,0
robbery,0.7668522800657727,0.3811925895770326,1,0
roberto,0.7668522800657727,0.3811925895770326,1,0
robust,0.7668522800657727,0.3811925895770326,1,0
rocchelli,0.7668522800657727,0.3811925895770326,1,0
roma,0.7668522800657727,0.3811925895770326,1,0
romanian,0.7668522800657727,0.3811925895770326,1,0
romanians,0.7668522800657727,0.3811925895770326,1,0
romney,0.7668522800657727,0.3811925895770326,1,0
roof,0.7668522800657727,0.3811925895770326,1,0
roping,0.7668522800657727,0.3811925895770326,1,0
rosselkhozbank,0.7668522800657727,0.3811925895770326,1,0
rough,0.7668522800657727,0.3811925895770326,1,0
roughly,0.7668522800657727,0.3811925895770326,1,0
rozsadky,0.7668522800657727,0.3811925895770326,1,0
rt,0.7668522800657727,0.3811925895770326,1,0
ruban,0.7668522800657727,0.3811925895770326,1,0
rubber,0.7668522800657727,0.3811925895770326,1,0
rubric,0.7668522800657727,0.3811925895770326,1,0
run-up,0.7668522800657727,0.3811925895770326,1,0
rupture,0.7668522800657727,0.3811925895770326,1,0
rush,0.7668522800657727,0.3811925895770326,1,0
russia-ukraine,0.7668522800657727,0.3811925895770326,1,0
russianjournalists,0.7668522800657727,0.3811925895770326,1,0
russkies,0.7668522800657727,0.3811925895770326,1,0
russophobia-based,0.7668522800657727,0.3811925895770326,1,0
ruthenians,0.7668522800657727,0.3811925895770326,1,0
ruthlessly,0.7668522800657727,0.3811925895770326,1,0
saboteur,0.7668522800657727,0.3811925895770326,1,0
sacrificing,0.7668522800657727,0.3811925895770326,1,0
sacrilege,0.7668522800657727,0.3811925895770326,1,0
sadder,0.7668522800657727,0.3811925895770326,1,0
saddest,0.7668522800657727,0.3811925895770326,1,0
sadjik,0.7668522800657727,0.3811925895770326,1,0
sadjik's,0.7668522800657727,0.3811925895770326,1,0
safeguards,0.7668522800657727,0.3811925895770326,1,0
sailing,0.7668522800657727,0.3811925895770326,1,0
sakha,0.7668522800657727,0.3811925895770326,1,0
sales,0.7668522800657727,0.3811925895770326,1,0
salutes,0.7668522800657727,0.3811925895770326,1,0
salvage,0.7668522800657727,0.3811925895770326,1,0
salvoes,0.7668522800657727,0.3811925895770326,1,0
sang,0.7668522800657727,0.3811925895770326,1,0
santa,0.7668522800657727,0.3811925895770326,1,0
sarcophagus,0.7668522800657727,0.3811925895770326,1,0
satisfying,0.7668522800657727,0.3811925895770326,1,0
saturation,0.7668522800657727,0.3811925895770326,1,0
savchishin,0.7668522800657727,0.3811925895770326,1,0
savenkova,0.7668522800657727,0.3811925895770326,1,0
saviour,0.7668522800657727,0.3811925895770326,1,0
scaling,0.7668522800657727,0.3811925895770326,1,0
scanty,0.7668522800657727,0.3811925895770326,1,0
scatters,0.7668522800657727,0.3811925895770326,1,0
scene,0.7668522800657727,0.3811925895770326,1,0
schadenfreude,0.7668522800657727,0.3811925895770326,1,0
schism,0.7668522800657727,0.3811925895770326,1,0
schismatic,0.7668522800657727,0.3811925895770326,1,0
schoolgirls,0.7668522800657727,0.3811925895770326,1,0
schooling,0.7668522800657727,0.3811925895770326,1,0
sciences,0.7668522800657727,0.3811925895770326,1,0
scientifically,0.7668522800657727,0.3811925895770326,1,0
score,0.7668522800657727,0.3811925895770326,1,0
scornfully,0.7668522800657727,0.3811925895770326,1,0
scotland,0.7668522800657727,0.3811925895770326,1,0
scramble,0.7668522800657727,0.3811925895770326,1,0
scratch,0.7668522800657727,0.3811925895770326,1,0
screen,0.7668522800657727,0.3811925895770326,1,0
screws,0.7668522800657727,0.3811925895770326,1,0
scrupulously,0.7668522800657727,0.3811925895770326,1,0
scud,0.7668522800657727,0.3811925895770326,1,0
sculpted,0.7668522800657727,0.3811925895770326,1,0
scythians,0.7668522800657727,0.3811925895770326,1,0
sea's,0.7668522800657727,0.3811925895770326,1,0
seafarers,0.7668522800657727,0.3811925895770326,1,0
searching,0.7668522800657727,0.3811925895770326,1,0
seasonal,0.7668522800657727,0.3811925895770326,1,0
seasoned,0.7668522800657727,0.3811925895770326,1,0
seating,0.7668522800657727,0.3811925895770326,1,0
secession,0.7668522800657727,0.3811925895770326,1,0
seemingly,0.7668522800657727,0.3811925895770326,1,0
seizes,0.7668522800657727,0.3811925895770326,1,0
selection,0.7668522800657727,0.3811925895770326,1,0
self-aggrandize,0.7668522800657727,0.3811925895770326,1,0
self-created,0.7668522800657727,0.3811925895770326,1,0
self-destruction,0.7668522800657727,0.3811925895770326,1,0
self-explanatory,0.7668522800657727,0.3811925895770326,1,0
self-imposed,0.7668522800657727,0.3811925895770326,1,0
self-propelled,0.7668522800657727,0.3811925895770326,1,0
self-serving,0.7668522800657727,0.3811925895770326,1,0
selfish,0.7668522800657727,0.3811925895770326,1,0
sellers,0.7668522800657727,0.3811925895770326,1,0
selling,0.7668522800657727,0.3811925895770326,1,0
semen,0.7668522800657727,0.3811925895770326,1,0
semenchenko,0.7668522800657727,0.3811925895770326,1,0
seminar,0.7668522800657727,0.3811925895770326,1,0
senator,0.7668522800657727,0.3811925895770326,1,0
sensational,0.7668522800657727,0.3811925895770326,1,0
september's,0.7668522800657727,0.3811925895770326,1,0
sequential,0.7668522800657727,0.3811925895770326,1,0
serbs,0.7668522800657727,0.3811925895770326,1,0
seredyna,0.7668522800657727,0.3811925895770326,1,0
sergeevna,0.7668522800657727,0.3811925895770326,1,0
sergei,0.7668522800657727,0.3811925895770326,1,0
sergeyev's,0.7668522800657727,0.3811925895770326,1,0
seriousness,0.7668522800657727,0.3811925895770326,1,0
sermons,0.7668522800657727,0.3811925895770326,1,0
servicing,0.7668522800657727,0.3811925895770326,1,0
servility,0.7668522800657727,0.3811925895770326,1,0
seventeen,0.7668522800657727,0.3811925895770326,1,0
seventh-grade,0.7668522800657727,0.3811925895770326,1,0
seventieth,0.7668522800657727,0.3811925895770326,1,0
seventy,0.7668522800657727,0.3811925895770326,1,0
seventy-eight,0.7668522800657727,0.3811925895770326,1,0
seventy-second,0.7668522800657727,0.3811925895770326,1,0
severity,0.7668522800657727,0.3811925895770326,1,0
severodonetsk,0.7668522800657727,0.3811925895770326,1,0
seversky,0.7668522800657727,0.3811925895770326,1,0
sew,0.7668522800657727,0.3811925895770326,1,0
sewer,0.7668522800657727,0.3811925895770326,1,0
sh-915,0.7668522800657727,0.3811925895770326,1,0
shades,0.7668522800657727,0.3811925895770326,1,0
shake,0.7668522800657727,0.3811925895770326,1,0
shaking,0.7668522800657727,0.3811925895770326,1,0
shallow,0.7668522800657727,0.3811925895770326,1,0
shamedfacedly,0.7668522800657727,0.3811925895770326,1,0
shaped,0.7668522800657727,0.3811925895770326,1,0
shapovalova,0.7668522800657727,0.3811925895770326,1,0
shea,0.7668522800657727,0.3811925895770326,1,0
shebekino,0.7668522800657727,0.3811925895770326,1,0
shedding,0.7668522800657727,0.3811925895770326,1,0
sheet,0.7668522800657727,0.3811925895770326,1,0
shelves,0.7668522800657727,0.3811925895770326,1,0
sheremet,0.7668522800657727,0.3811925895770326,1,0
sherman,0.7668522800657727,0.3811925895770326,1,0
shibboleths,0.7668522800657727,0.3811925895770326,1,0
shifts,0.7668522800657727,0.3811925895770326,1,0
shilka,0.7668522800657727,0.3811925895770326,1,0
shiny,0.7668522800657727,0.3811925895770326,1,0
shirokino,0.7668522800657727,0.3811925895770326,1,0
shockingly,0.7668522800657727,0.3811925895770326,1,0
shocks,0.7668522800657727,0.3811925895770326,1,0
shook,0.7668522800657727,0.3811925895770326,1,0
shoots,0.7668522800657727,0.3811925895770326,1,0
shores,0.7668522800657727,0.3811925895770326,1,0
short-sighted,0.7668522800657727,0.3811925895770326,1,0
shoulders,0.7668522800657727,0.3811925895770326,1,0
shoved,0.7668522800657727,0.3811925895770326,1,0
shoving,0.7668522800657727,0.3811925895770326,1,0
shower,0.7668522800657727,0.3811925895770326,1,0
shrapnel,0.7668522800657727,0.3811925895770326,1,0
shubin,0.7668522800657727,0.3811925895770326,1,0
shudder,0.7668522800657727,0.3811925895770326,1,0
sickle,0.7668522800657727,0.3811925895770326,1,0
side's,0.7668522800657727,0.3811925895770326,1,0
sidelined,0.7668522800657727,0.3811925895770326,1,0
sidelines,0.7668522800657727,0.3811925895770326,1,0
sidelining,0.7668522800657727,0.3811925895770326,1,0
sidestepped,0.7668522800657727,0.3811925895770326,1,0
sigh,0.7668522800657727,0.3811925895770326,1,0
sightings,0.7668522800657727,0.3811925895770326,1,0
silenced,0.7668522800657727,0.3811925895770326,1,0
simon,0.7668522800657727,0.3811925895770326,1,0
simpler,0.7668522800657727,0.3811925895770326,1,0
simplest,0.7668522800657727,0.3811925895770326,1,0
simplicity,0.7668522800657727,0.3811925895770326,1,0
singular,0.7668522800657727,0.3811925895770326,1,0
sins,0.7668522800657727,0.3811925895770326,1,0
sirovatka,0.7668522800657727,0.3811925895770326,1,0
sister,0.7668522800657727,0.3811925895770326,1,0
sixty-fifth,0.7668522800657727,0.3811925895770326,1,0
skins,0.7668522800657727,0.3811925895770326,1,0
skripal,0.7668522800657727,0.3811925895770326,1,0
skripals,0.7668522800657727,0.3811925895770326,1,0
skvortsov,0.7668522800657727,0.3811925895770326,1,0
skyrocketing,0.7668522800657727,0.3811925895770326,1,0
slash,0.7668522800657727,0.3811925895770326,1,0
slavishly,0.7668522800657727,0.3811925895770326,1,0
slide,0.7668522800657727,0.3811925895770326,1,0
sliding,0.7668522800657727,0.3811925895770326,1,0
slightest,0.7668522800657727,0.3811925895770326,1,0
sloganeering,0.7668522800657727,0.3811925895770326,1,0
sloppy,0.7668522800657727,0.3811925895770326,1,0
slovak,0.7668522800657727,0.3811925895770326,1,0
slowness,0.7668522800657727,0.3811925895770326,1,0
small-arms,0.7668522800657727,0.3811925895770326,1,0
smallest,0.7668522800657727,0.3811925895770326,1,0
smeloye,0.7668522800657727,0.3811925895770326,1,0
smoothly,0.7668522800657727,0.3811925895770326,1,0
smugglers,0.7668522800657727,0.3811925895770326,1,0
snake,0.7668522800657727,0.3811925895770326,1,0
snap,0.7668522800657727,0.3811925895770326,1,0
sneering,0.7668522800657727,0.3811925895770326,1,0
snuffed,0.7668522800657727,0.3811925895770326,1,0
sober,0.7668522800657727,0.3811925895770326,1,0
soccer,0.7668522800657727,0.3811925895770326,1,0
societies,0.7668522800657727,0.3811925895770326,1,0
sofia,0.7668522800657727,0.3811925895770326,1,0
sokilnyky,0.7668522800657727,0.3811925895770326,1,0
solakha,0.7668522800657727,0.3811925895770326,1,0
solemnly,0.7668522800657727,0.3811925895770326,1,0
someday,0.7668522800657727,0.3811925895770326,1,0
south-west,0.7668522800657727,0.3811925895770326,1,0
spake,0.7668522800657727,0.3811925895770326,1,0
spaniards,0.7668522800657727,0.3811925895770326,1,0
spanish,0.7668522800657727,0.3811925895770326,1,0
sparked,0.7668522800657727,0.3811925895770326,1,0
spartak,0.7668522800657727,0.3811925895770326,1,0
spaso-preobrazhensky,0.7668522800657727,0.3811925895770326,1,0
speakership,0.7668522800657727,0.3811925895770326,1,0
spearheaded,0.7668522800657727,0.3811925895770326,1,0
spears,0.7668522800657727,0.3811925895770326,1,0
specify,0.7668522800657727,0.3811925895770326,1,0
spectacular,0.7668522800657727,0.3811925895770326,1,0
speculate,0.7668522800657727,0.3811925895770326,1,0
speculating,0.7668522800657727,0.3811925895770326,1,0
spelling,0.7668522800657727,0.3811925895770326,1,0
spelt,0.7668522800657727,0.3811925895770326,1,0
spends,0.7668522800657727,0.3811925895770326,1,0
spew,0.7668522800657727,0.3811925895770326,1,0
spews,0.7668522800657727,0.3811925895770326,1,0
spilling,0.7668522800657727,0.3811925895770326,1,0
spinning,0.7668522800657727,0.3811925895770326,1,0
spiritual,0.7668522800657727,0.3811925895770326,1,0
spiteful,0.7668522800657727,0.3811925895770326,1,0
spokesman,0.7668522800657727,0.3811925895770326,1,0
spontaneous,0.7668522800657727,0.3811925895770326,1,0
sports,0.7668522800657727,0.3811925895770326,1,0
sportsmen,0.7668522800657727,0.3811925895770326,1,0
sprung,0.7668522800657727,0.3811925895770326,1,0
spurred,0.7668522800657727,0.3811925895770326,1,0
spying,0.7668522800657727,0.3811925895770326,1,0
squabble,0.7668522800657727,0.3811925895770326,1,0
squabbled,0.7668522800657727,0.3811925895770326,1,0
squads,0.7668522800657727,0.3811925895770326,1,0
squander,0.7668522800657727,0.3811925895770326,1,0
squeezed,0.7668522800657727,0.3811925895770326,1,0
squeezing,0.7668522800657727,0.3811925895770326,1,0
staffed,0.7668522800657727,0.3811925895770326,1,0
stagings,0.7668522800657727,0.3811925895770326,1,0
stain,0.7668522800657727,0.3811925895770326,1,0
stakhanaov,0.7668522800657727,0.3811925895770326,1,0
stalled,0.7668522800657727,0.3811925895770326,1,0
stamp,0.7668522800657727,0.3811925895770326,1,0
stamps,0.7668522800657727,0.3811925895770326,1,0
stand-off,0.7668522800657727,0.3811925895770326,1,0
standstill,0.7668522800657727,0.3811925895770326,1,0
star,0.7668522800657727,0.3811925895770326,1,0
staring,0.7668522800657727,0.3811925895770326,1,0
staromykhailivka,0.7668522800657727,0.3811925895770326,1,0
startling,0.7668522800657727,0.3811925895770326,1,0
state-wide,0.7668522800657727,0.3811925895770326,1,0
stateless,0.7668522800657727,0.3811925895770326,1,0
states-led,0.7668522800657727,0.3811925895770326,1,0
states-made,0.7668522800657727,0.3811925895770326,1,0
station's,0.7668522800657727,0.3811925895770326,1,0
steamrollered,0.7668522800657727,0.3811925895770326,1,0
steinmeyer,0.7668522800657727,0.3811925895770326,1,0
stems,0.7668522800657727,0.3811925895770326,1,0
step-by-step,0.7668522800657727,0.3811925895770326,1,0
steppes,0.7668522800657727,0.3811925895770326,1,0
sticking,0.7668522800657727,0.3811925895770326,1,0
sticks,0.7668522800657727,0.3811925895770326,1,0
stillness,0.7668522800657727,0.3811925895770326,1,0
stinger,0.7668522800657727,0.3811925895770326,1,0
stingers,0.7668522800657727,0.3811925895770326,1,0
stipulates,0.7668522800657727,0.3811925895770326,1,0
stole,0.7668522800657727,0.3811925895770326,1,0
stoltenberg,0.7668522800657727,0.3811925895770326,1,0
stomachs,0.7668522800657727,0.3811925895770326,1,0
stone,0.7668522800657727,0.3811925895770326,1,0
stones,0.7668522800657727,0.3811925895770326,1,0
stonewalling,0.7668522800657727,0.3811925895770326,1,0
stooped,0.7668522800657727,0.3811925895770326,1,0
stooping,0.7668522800657727,0.3811925895770326,1,0
storing,0.7668522800657727,0.3811925895770326,1,0
storm-troopers,0.7668522800657727,0.3811925895770326,1,0
storming,0.7668522800657727,0.3811925895770326,1,0
straits,0.7668522800657727,0.3811925895770326,1,0
stray,0.7668522800657727,0.3811925895770326,1,0
straying,0.7668522800657727,0.3811925895770326,1,0
strela-10,0.7668522800657727,0.3811925895770326,1,0
strengthens,0.7668522800657727,0.3811925895770326,1,0
strippers,0.7668522800657727,0.3811925895770326,1,0
structural,0.7668522800657727,0.3811925895770326,1,0
struggled,0.7668522800657727,0.3811925895770326,1,0
stubborn,0.7668522800657727,0.3811925895770326,1,0
studied,0.7668522800657727,0.3811925895770326,1,0
studiously,0.7668522800657727,0.3811925895770326,1,0
stuff,0.7668522800657727,0.3811925895770326,1,0
stupidity,0.7668522800657727,0.3811925895770326,1,0
stymie,0.7668522800657727,0.3811925895770326,1,0
sub-divisions,0.7668522800657727,0.3811925895770326,1,0
sub-humans,0.7668522800657727,0.3811925895770326,1,0
sub-species,0.7668522800657727,0.3811925895770326,1,0
sub-units,0.7668522800657727,0.3811925895770326,1,0
subdivision,0.7668522800657727,0.3811925895770326,1,0
subgroup,0.7668522800657727,0.3811925895770326,1,0
subhuman,0.7668522800657727,0.3811925895770326,1,0
subhumans,0.7668522800657727,0.3811925895770326,1,0
subjugate,0.7668522800657727,0.3811925895770326,1,0
submunitions,0.7668522800657727,0.3811925895770326,1,0
subordinate,0.7668522800657727,0.3811925895770326,1,0
subordinated,0.7668522800657727,0.3811925895770326,1,0
subscribe,0.7668522800657727,0.3811925895770326,1,0
subsidiaries,0.7668522800657727,0.3811925895770326,1,0
substations,0.7668522800657727,0.3811925895770326,1,0
substituted,0.7668522800657727,0.3811925895770326,1,0
subtract,0.7668522800657727,0.3811925895770326,1,0
subverted,0.7668522800657727,0.3811925895770326,1,0
subverting,0.7668522800657727,0.3811925895770326,1,0
successes,0.7668522800657727,0.3811925895770326,1,0
successors,0.7668522800657727,0.3811925895770326,1,0
sudden,0.7668522800657727,0.3811925895770326,1,0
sudzha,0.7668522800657727,0.3811925895770326,1,0
suffocate,0.7668522800657727,0.3811925895770326,1,0
suffocating,0.7668522800657727,0.3811925895770326,1,0
suicidal,0.7668522800657727,0.3811925895770326,1,0
suitability,0.7668522800657727,0.3811925895770326,1,0
summarized,0.7668522800657727,0.3811925895770326,1,0
summoned,0.7668522800657727,0.3811925895770326,1,0
sumska,0.7668522800657727,0.3811925895770326,1,0
superficial,0.7668522800657727,0.3811925895770326,1,0
supermarkets,0.7668522800657727,0.3811925895770326,1,0
suportkina,0.7668522800657727,0.3811925895770326,1,0
supplant,0.7668522800657727,0.3811925895770326,1,0
supplemented,0.7668522800657727,0.3811925895770326,1,0
suppose,0.7668522800657727,0.3811925895770326,1,0
suppresion,0.7668522800657727,0.3811925895770326,1,0
suprun,0.7668522800657727,0.3811925895770326,1,0
surge,0.7668522800657727,0.3811925895770326,1,0
surkov,0.7668522800657727,0.3811925895770326,1,0
surprises,0.7668522800657727,0.3811925895770326,1,0
surreal,0.7668522800657727,0.3811925895770326,1,0
surrendering,0.7668522800657727,0.3811925895770326,1,0
surveys,0.7668522800657727,0.3811925895770326,1,0
sushko,0.7668522800657727,0.3811925895770326,1,0
svatove,0.7668522800657727,0.3811925895770326,1,0
svitlodarsk,0.7668522800657727,0.3811925895770326,1,0
swat,0.7668522800657727,0.3811925895770326,1,0
swill,0.7668522800657727,0.3811925895770326,1,0
swing,0.7668522800657727,0.3811925895770326,1,0
switched,0.7668522800657727,0.3811925895770326,1,0
sylvie,0.7668522800657727,0.3811925895770326,1,0
sympathized,0.7668522800657727,0.3811925895770326,1,0
sympathizers,0.7668522800657727,0.3811925895770326,1,0
sympathizing,0.7668522800657727,0.3811925895770326,1,0
synonym,0.7668522800657727,0.3811925895770326,1,0
tables,0.7668522800657727,0.3811925895770326,1,0
tabloid,0.7668522800657727,0.3811925895770326,1,0
tacit,0.7668522800657727,0.3811925895770326,1,0
tagliavini,0.7668522800657727,0.3811925895770326,1,0
taiwan,0.7668522800657727,0.3811925895770326,1,0
taksyur,0.7668522800657727,0.3811925895770326,1,0
tale,0.7668522800657727,0.3811925895770326,1,0
taliban,0.7668522800657727,0.3811925895770326,1,0
talivka,0.7668522800657727,0.3811925895770326,1,0
tall,0.7668522800657727,0.3811925895770326,1,0
tallied,0.7668522800657727,0.3811925895770326,1,0
tallinn,0.7668522800657727,0.3811925895770326,1,0
tame,0.7668522800657727,0.3811925895770326,1,0
tangle,0.7668522800657727,0.3811925895770326,1,0
tantrum,0.7668522800657727,0.3811925895770326,1,0
tarnished,0.7668522800657727,0.3811925895770326,1,0
tarnishing,0.7668522800657727,0.3811925895770326,1,0
tatar-mongolian,0.7668522800657727,0.3811925895770326,1,0
tatarskiyand,0.7668522800657727,0.3811925895770326,1,0
taxation,0.7668522800657727,0.3811925895770326,1,0
tearing,0.7668522800657727,0.3811925895770326,1,0
technocrats,0.7668522800657727,0.3811925895770326,1,0
technologies,0.7668522800657727,0.3811925895770326,1,0
teenager,0.7668522800657727,0.3811925895770326,1,0
telecommunication,0.7668522800657727,0.3811925895770326,1,0
telegraph,0.7668522800657727,0.3811925895770326,1,0
temirov,0.7668522800657727,0.3811925895770326,1,0
temon,0.7668522800657727,0.3811925895770326,1,0
temptation,0.7668522800657727,0.3811925895770326,1,0
tent,0.7668522800657727,0.3811925895770326,1,0
tenuous,0.7668522800657727,0.3811925895770326,1,0
termed,0.7668522800657727,0.3811925895770326,1,0
terrorized,0.7668522800657727,0.3811925895770326,1,0
tested,0.7668522800657727,0.3811925895770326,1,0
thackeray,0.7668522800657727,0.3811925895770326,1,0
thales,0.7668522800657727,0.3811925895770326,1,0
themes,0.7668522800657727,0.3811925895770326,1,0
then-comedian,0.7668522800657727,0.3811925895770326,1,0
then-spokesperson,0.7668522800657727,0.3811925895770326,1,0
theoretical,0.7668522800657727,0.3811925895770326,1,0
thepermanentrepresentativeof,0.7668522800657727,0.3811925895770326,1,0
thesis,0.7668522800657727,0.3811925895770326,1,0
thieves,0.7668522800657727,0.3811925895770326,1,0
thirty-fourth,0.7668522800657727,0.3811925895770326,1,0
thoroughness,0.7668522800657727,0.3811925895770326,1,0
thoughtful,0.7668522800657727,0.3811925895770326,1,0
thoughtfully,0.7668522800657727,0.3811925895770326,1,0
thread,0.7668522800657727,0.3811925895770326,1,0
threefold,0.7668522800657727,0.3811925895770326,1,0
threw,0.7668522800657727,0.3811925895770326,1,0
thrive,0.7668522800657727,0.3811925895770326,1,0
thriving,0.7668522800657727,0.3811925895770326,1,0
throat,0.7668522800657727,0.3811925895770326,1,0
throes,0.7668522800657727,0.3811925895770326,1,0
thrust,0.7668522800657727,0.3811925895770326,1,0
thwarting,0.7668522800657727,0.3811925895770326,1,0
tick,0.7668522800657727,0.3811925895770326,1,0
tide,0.7668522800657727,0.3811925895770326,1,0
tidy,0.7668522800657727,0.3811925895770326,1,0
tie,0.7668522800657727,0.3811925895770326,1,0
tightening,0.7668522800657727,0.3811925895770326,1,0
till,0.7668522800657727,0.3811925895770326,1,0
timeliness,0.7668522800657727,0.3811925895770326,1,0
timer,0.7668522800657727,0.3811925895770326,1,0
timidly,0.7668522800657727,0.3811925895770326,1,0
tinged,0.7668522800657727,0.3811925895770326,1,0
tinkering,0.7668522800657727,0.3811925895770326,1,0
tip,0.7668522800657727,0.3811925895770326,1,0
tirades,0.7668522800657727,0.3811925895770326,1,0
titled,0.7668522800657727,0.3811925895770326,1,0
tkachev,0.7668522800657727,0.3811925895770326,1,0
togliatti,0.7668522800657727,0.3811925895770326,1,0
togliatti-odessa,0.7668522800657727,0.3811925895770326,1,0
tolstoy,0.7668522800657727,0.3811925895770326,1,0
tome,0.7668522800657727,0.3811925895770326,1,0
ton,0.7668522800657727,0.3811925895770326,1,0
toppled,0.7668522800657727,0.3811925895770326,1,0
tops,0.7668522800657727,0.3811925895770326,1,0
torch-bearing,0.7668522800657727,0.3811925895770326,1,0
torch-carrying,0.7668522800657727,0.3811925895770326,1,0
tornado,0.7668522800657727,0.3811925895770326,1,0
tortures,0.7668522800657727,0.3811925895770326,1,0
toughen,0.7668522800657727,0.3811925895770326,1,0
toughened,0.7668522800657727,0.3811925895770326,1,0
touted,0.7668522800657727,0.3811925895770326,1,0
town's,0.7668522800657727,0.3811925895770326,1,0
townships,0.7668522800657727,0.3811925895770326,1,0
toynberg-frandzen,0.7668522800657727,0.3811925895770326,1,0
trademark,0.7668522800657727,0.3811925895770326,1,0
trainers,0.7668522800657727,0.3811925895770326,1,0
traitors,0.7668522800657727,0.3811925895770326,1,0
trajectory,0.7668522800657727,0.3811925895770326,1,0
tranquility,0.7668522800657727,0.3811925895770326,1,0
transcripts,0.7668522800657727,0.3811925895770326,1,0
transfiguration,0.7668522800657727,0.3811925895770326,1,0
transforming,0.7668522800657727,0.3811925895770326,1,0
translations,0.7668522800657727,0.3811925895770326,1,0
translators,0.7668522800657727,0.3811925895770326,1,0
transmission,0.7668522800657727,0.3811925895770326,1,0
transmitted,0.7668522800657727,0.3811925895770326,1,0
transnational,0.7668522800657727,0.3811925895770326,1,0
transparently,0.7668522800657727,0.3811925895770326,1,0
transpired,0.7668522800657727,0.3811925895770326,1,0
transpiring,0.7668522800657727,0.3811925895770326,1,0
transporting,0.7668522800657727,0.3811925895770326,1,0
treason,0.7668522800657727,0.3811925895770326,1,0
treating,0.7668522800657727,0.3811925895770326,1,0
triad,0.7668522800657727,0.3811925895770326,1,0
tribune,0.7668522800657727,0.3811925895770326,1,0
trident,0.7668522800657727,0.3811925895770326,1,0
tripped,0.7668522800657727,0.3811925895770326,1,0
tripping,0.7668522800657727,0.3811925895770326,1,0
trite,0.7668522800657727,0.3811925895770326,1,0
triumph,0.7668522800657727,0.3811925895770326,1,0
trivial,0.7668522800657727,0.3811925895770326,1,0
trotsky,0.7668522800657727,0.3811925895770326,1,0
troubled,0.7668522800657727,0.3811925895770326,1,0
trubled,0.7668522800657727,0.3811925895770326,1,0
truces,0.7668522800657727,0.3811925895770326,1,0
truckers,0.7668522800657727,0.3811925895770326,1,0
trumpeted,0.7668522800657727,0.3811925895770326,1,0
trusting,0.7668522800657727,0.3811925895770326,1,0
tsybulska,0.7668522800657727,0.3811925895770326,1,0
tsyganenko,0.7668522800657727,0.3811925895770326,1,0
tuesday,0.7668522800657727,0.3811925895770326,1,0
turbulence,0.7668522800657727,0.3811925895770326,1,0
turchenko,0.7668522800657727,0.3811925895770326,1,0
turks,0.7668522800657727,0.3811925895770326,1,0
turn-out,0.7668522800657727,0.3811925895770326,1,0
tutelage,0.7668522800657727,0.3811925895770326,1,0
tweeted,0.7668522800657727,0.3811925895770326,1,0
tweets,0.7668522800657727,0.3811925895770326,1,0
twenty-fifth,0.7668522800657727,0.3811925895770326,1,0
twenty-one,0.7668522800657727,0.3811925895770326,1,0
twisting,0.7668522800657727,0.3811925895770326,1,0
twitter,0.7668522800657727,0.3811925895770326,1,0
two-fold,0.7668522800657727,0.3811925895770326,1,0
two-minute,0.7668522800657727,0.3811925895770326,1,0
two-year-old,0.7668522800657727,0.3811925895770326,1,0
tyahnybok,0.7668522800657727,0.3811925895770326,1,0
tyotkino,0.7668522800657727,0.3811925895770326,1,0
uefa,0.7668522800657727,0.3811925895770326,1,0
ukraine-wide,0.7668522800657727,0.3811925895770326,1,0
ukrainian-polish,0.7668522800657727,0.3811925895770326,1,0
ukrainianization,0.7668522800657727,0.3811925895770326,1,0
ukrainized,0.7668522800657727,0.3811925895770326,1,0
ulana,0.7668522800657727,0.3811925895770326,1,0
ultra-nationalism,0.7668522800657727,0.3811925895770326,1,0
ultra-radical,0.7668522800657727,0.3811925895770326,1,0
ultra-right-wing,0.7668522800657727,0.3811925895770326,1,0
ultranationalists,0.7668522800657727,0.3811925895770326,1,0
umpteenth,0.7668522800657727,0.3811925895770326,1,0
unacceptability,0.7668522800657727,0.3811925895770326,1,0
unaccompanied,0.7668522800657727,0.3811925895770326,1,0
unaffordable,0.7668522800657727,0.3811925895770326,1,0
unambiguously,0.7668522800657727,0.3811925895770326,1,0
unanswered,0.7668522800657727,0.3811925895770326,1,0
unashamedly,0.7668522800657727,0.3811925895770326,1,0
unbecoming,0.7668522800657727,0.3811925895770326,1,0
unblocked,0.7668522800657727,0.3811925895770326,1,0
unblocking,0.7668522800657727,0.3811925895770326,1,0
unchr,0.7668522800657727,0.3811925895770326,1,0
uncivilized,0.7668522800657727,0.3811925895770326,1,0
uncommonly,0.7668522800657727,0.3811925895770326,1,0
unconvincing,0.7668522800657727,0.3811925895770326,1,0
unconvincingly,0.7668522800657727,0.3811925895770326,1,0
uncover,0.7668522800657727,0.3811925895770326,1,0
uncritically,0.7668522800657727,0.3811925895770326,1,0
underhand,0.7668522800657727,0.3811925895770326,1,0
underlined,0.7668522800657727,0.3811925895770326,1,0
underlines,0.7668522800657727,0.3811925895770326,1,0
underpins,0.7668522800657727,0.3811925895770326,1,0
underscores,0.7668522800657727,0.3811925895770326,1,0
understandably,0.7668522800657727,0.3811925895770326,1,0
undertakes,0.7668522800657727,0.3811925895770326,1,0
unenviable,0.7668522800657727,0.3811925895770326,1,0
unexpected,0.7668522800657727,0.3811925895770326,1,0
unfailing,0.7668522800657727,0.3811925895770326,1,0
unfailingly,0.7668522800657727,0.3811925895770326,1,0
unfamiliar,0.7668522800657727,0.3811925895770326,1,0
unfavourable,0.7668522800657727,0.3811925895770326,1,0
unfinished,0.7668522800657727,0.3811925895770326,1,0
unfrozen,0.7668522800657727,0.3811925895770326,1,0
unfulfilled,0.7668522800657727,0.3811925895770326,1,0
unhcr,0.7668522800657727,0.3811925895770326,1,0
unheard-of,0.7668522800657727,0.3811925895770326,1,0
unhelpful,0.7668522800657727,0.3811925895770326,1,0
unian,0.7668522800657727,0.3811925895770326,1,0
uninformed,0.7668522800657727,0.3811925895770326,1,0
unintentionally,0.7668522800657727,0.3811925895770326,1,0
uninvestigated,0.7668522800657727,0.3811925895770326,1,0
union-ukraine-russia,0.7668522800657727,0.3811925895770326,1,0
unipolar,0.7668522800657727,0.3811925895770326,1,0
unitednations,0.7668522800657727,0.3811925895770326,1,0
uniting,0.7668522800657727,0.3811925895770326,1,0
universes,0.7668522800657727,0.3811925895770326,1,0
universities,0.7668522800657727,0.3811925895770326,1,0
unjustifiably,0.7668522800657727,0.3811925895770326,1,0
unloaded,0.7668522800657727,0.3811925895770326,1,0
unnecessarily,0.7668522800657727,0.3811925895770326,1,0
unnoticeable,0.7668522800657727,0.3811925895770326,1,0
unnoticed,0.7668522800657727,0.3811925895770326,1,0
unobtainable,0.7668522800657727,0.3811925895770326,1,0
unpalatable,0.7668522800657727,0.3811925895770326,1,0
unqualified,0.7668522800657727,0.3811925895770326,1,0
unquestionable,0.7668522800657727,0.3811925895770326,1,0
unrealizable,0.7668522800657727,0.3811925895770326,1,0
unrecognizably,0.7668522800657727,0.3811925895770326,1,0
unrecognized,0.7668522800657727,0.3811925895770326,1,0
unresolved,0.7668522800657727,0.3811925895770326,1,0
unrivalled,0.7668522800657727,0.3811925895770326,1,0
unrolled,0.7668522800657727,0.3811925895770326,1,0
unseemly,0.7668522800657727,0.3811925895770326,1,0
unsuccessfully,0.7668522800657727,0.3811925895770326,1,0
untenable,0.7668522800657727,0.3811925895770326,1,0
unveiled,0.7668522800657727,0.3811925895770326,1,0
unwieldiness,0.7668522800657727,0.3811925895770326,1,0
unwitting,0.7668522800657727,0.3811925895770326,1,0
unwittingly,0.7668522800657727,0.3811925895770326,1,0
unworthy,0.7668522800657727,0.3811925895770326,1,0
uproar,0.7668522800657727,0.3811925895770326,1,0
upset,0.7668522800657727,0.3811925895770326,1,0
upshot,0.7668522800657727,0.3811925895770326,1,0
upside,0.7668522800657727,0.3811925895770326,1,0
upwards,0.7668522800657727,0.3811925895770326,1,0
ural,0.7668522800657727,0.3811925895770326,1,0
ursula,0.7668522800657727,0.3811925895770326,1,0
usefully,0.7668522800657727,0.3811925895770326,1,0
usefulness,0.7668522800657727,0.3811925895770326,1,0
utilize,0.7668522800657727,0.3811925895770326,1,0
uzbekistan,0.7668522800657727,0.3811925895770326,1,0
vacated,0.7668522800657727,0.3811925895770326,1,0
valentina,0.7668522800657727,0.3811925895770326,1,0
valery,0.7668522800657727,0.3811925895770326,1,0
valérie,0.7668522800657727,0.3811925895770326,1,0
vanishing,0.7668522800657727,0.3811925895770326,1,0
vanity,0.7668522800657727,0.3811925895770326,1,0
vanquish,0.7668522800657727,0.3811925895770326,1,0
vasilievna,0.7668522800657727,0.3811925895770326,1,0
vassal,0.7668522800657727,0.3811925895770326,1,0
vassals,0.7668522800657727,0.3811925895770326,1,0
vegas,0.7668522800657727,0.3811925895770326,1,0
vengeance,0.7668522800657727,0.3811925895770326,1,0
verbal,0.7668522800657727,0.3811925895770326,1,0
verbale,0.7668522800657727,0.3811925895770326,1,0
verbatim,0.7668522800657727,0.3811925895770326,1,0
verges,0.7668522800657727,0.3811925895770326,1,0
veritable,0.7668522800657727,0.3811925895770326,1,0
veronika,0.7668522800657727,0.3811925895770326,1,0
versa,0.7668522800657727,0.3811925895770326,1,0
verses,0.7668522800657727,0.3811925895770326,1,0
viagra,0.7668522800657727,0.3811925895770326,1,0
vice,0.7668522800657727,0.3811925895770326,1,0
victimization,0.7668522800657727,0.3811925895770326,1,0
victor,0.7668522800657727,0.3811925895770326,1,0
victorious,0.7668522800657727,0.3811925895770326,1,0
video-taped,0.7668522800657727,0.3811925895770326,1,0
vigilant,0.7668522800657727,0.3811925895770326,1,0
vigorous,0.7668522800657727,0.3811925895770326,1,0
vilnius,0.7668522800657727,0.3811925895770326,1,0
vincent,0.7668522800657727,0.3811925895770326,1,0
vindman,0.7668522800657727,0.3811925895770326,1,0
vis-a-vis,0.7668522800657727,0.3811925895770326,1,0
vividly,0.7668522800657727,0.3811925895770326,1,0
vladimirovich,0.7668522800657727,0.3811925895770326,1,0
vladislav,0.7668522800657727,0.3811925895770326,1,0
vladlen,0.7668522800657727,0.3811925895770326,1,0
volatile,0.7668522800657727,0.3811925895770326,1,0
volha,0.7668522800657727,0.3811925895770326,1,0
volhynia,0.7668522800657727,0.3811925895770326,1,0
voloshin,0.7668522800657727,0.3811925895770326,1,0
vreshchuk,0.7668522800657727,0.3811925895770326,1,0
vrublevsky,0.7668522800657727,0.3811925895770326,1,0
vrublevskyi,0.7668522800657727,0.3811925895770326,1,0
vu,0.7668522800657727,0.3811925895770326,1,0
vyshinsky,0.7668522800657727,0.3811925895770326,1,0
waffen-ss,0.7668522800657727,0.3811925895770326,1,0
waking,0.7668522800657727,0.3811925895770326,1,0
walled,0.7668522800657727,0.3811925895770326,1,0
walloons,0.7668522800657727,0.3811925895770326,1,0
wanting,0.7668522800657727,0.3811925895770326,1,0
war-risk,0.7668522800657727,0.3811925895770326,1,0
warily,0.7668522800657727,0.3811925895770326,1,0
warrant,0.7668522800657727,0.3811925895770326,1,0
warring,0.7668522800657727,0.3811925895770326,1,0
wary,0.7668522800657727,0.3811925895770326,1,0
washington's,0.7668522800657727,0.3811925895770326,1,0
watches,0.7668522800657727,0.3811925895770326,1,0
water-level,0.7668522800657727,0.3811925895770326,1,0
waves,0.7668522800657727,0.3811925895770326,1,0
waving,0.7668522800657727,0.3811925895770326,1,0
wax,0.7668522800657727,0.3811925895770326,1,0
way-have,0.7668522800657727,0.3811925895770326,1,0
weakened,0.7668522800657727,0.3811925895770326,1,0
wealthier,0.7668522800657727,0.3811925895770326,1,0
wealthy,0.7668522800657727,0.3811925895770326,1,0
webpage,0.7668522800657727,0.3811925895770326,1,0
wedding,0.7668522800657727,0.3811925895770326,1,0
weight,0.7668522800657727,0.3811925895770326,1,0
weighty,0.7668522800657727,0.3811925895770326,1,0
welcoming,0.7668522800657727,0.3811925895770326,1,0
well-aligned,0.7668522800657727,0.3811925895770326,1,0
well-fed,0.7668522800657727,0.3811925895770326,1,0
well-rehearsed,0.7668522800657727,0.3811925895770326,1,0
well-versed,0.7668522800657727,0.3811925895770326,1,0
welt,0.7668522800657727,0.3811925895770326,1,0
west-orchestrated,0.7668522800657727,0.3811925895770326,1,0
westeren,0.7668522800657727,0.3811925895770326,1,0
western-made,0.7668522800657727,0.3811925895770326,1,0
western-style,0.7668522800657727,0.3811925895770326,1,0
western-supported,0.7668522800657727,0.3811925895770326,1,0
westerner,0.7668522800657727,0.3811925895770326,1,0
whate,0.7668522800657727,0.3811925895770326,1,0
wherewithal,0.7668522800657727,0.3811925895770326,1,0
whichever,0.7668522800657727,0.3811925895770326,1,0
whichthe,0.7668522800657727,0.3811925895770326,1,0
whims,0.7668522800657727,0.3811925895770326,1,0
whip,0.7668522800657727,0.3811925895770326,1,0
whipped,0.7668522800657727,0.3811925895770326,1,0
whispering,0.7668522800657727,0.3811925895770326,1,0
whitewashing,0.7668522800657727,0.3811925895770326,1,0
whomever,0.7668522800657727,0.3811925895770326,1,0
wide-scale,0.7668522800657727,0.3811925895770326,1,0
wielded,0.7668522800657727,0.3811925895770326,1,0
wiesenthal,0.7668522800657727,0.3811925895770326,1,0
wikipedia,0.7668522800657727,0.3811925895770326,1,0
william,0.7668522800657727,0.3811925895770326,1,0
wind,0.7668522800657727,0.3811925895770326,1,0
window,0.7668522800657727,0.3811925895770326,1,0
winter's,0.7668522800657727,0.3811925895770326,1,0
wishful,0.7668522800657727,0.3811925895770326,1,0
wooded,0.7668522800657727,0.3811925895770326,1,0
woods,0.7668522800657727,0.3811925895770326,1,0
worsened,0.7668522800657727,0.3811925895770326,1,0
worship,0.7668522800657727,0.3811925895770326,1,0
worshippers,0.7668522800657727,0.3811925895770326,1,0
worthless,0.7668522800657727,0.3811925895770326,1,0
wouldjust,0.7668522800657727,0.3811925895770326,1,0
wounds,0.7668522800657727,0.3811925895770326,1,0
wreaked,0.7668522800657727,0.3811925895770326,1,0
wreckage,0.7668522800657727,0.3811925895770326,1,0
wresting,0.7668522800657727,0.3811925895770326,1,0
writ,0.7668522800657727,0.3811925895770326,1,0
wrongdoings,0.7668522800657727,0.3811925895770326,1,0
wrongly,0.7668522800657727,0.3811925895770326,1,0
wrung,0.7668522800657727,0.3811925895770326,1,0
yan,0.7668522800657727,0.3811925895770326,1,0
year-old,0.7668522800657727,0.3811925895770326,1,0
yelchenko's,0.7668522800657727,0.3811925895770326,1,0
yell,0.7668522800657727,0.3811925895770326,1,0
yermak,0.7668522800657727,0.3811925895770326,1,0
yids,0.7668522800657727,0.3811925895770326,1,0
yielding,0.7668522800657727,0.3811925895770326,1,0
younis,0.7668522800657727,0.3811925895770326,1,0
yugoslav,0.7668522800657727,0.3811925895770326,1,0
yugoslavia's,0.7668522800657727,0.3811925895770326,1,0
zabolotskiy,0.7668522800657727,0.3811925895770326,1,0
zagorodniuk,0.7668522800657727,0.3811925895770326,1,0
zagreb,0.7668522800657727,0.3811925895770326,1,0
zaichenko,0.7668522800657727,0.3811925895770326,1,0
zaluzhny,0.7668522800657727,0.3811925895770326,1,0
zbigniew,0.7668522800657727,0.3811925895770326,1,0
zealous,0.7668522800657727,0.3811925895770326,1,0
zhabichevo,0.7668522800657727,0.3811925895770326,1,0
zheleznaya,0.7668522800657727,0.3811925895770326,1,0
zhuk,0.7668522800657727,0.3811925895770326,1,0
ziobro,0.7668522800657727,0.3811925895770326,1,0
zugres,0.7668522800657727,0.3811925895770326,1,0
â,0.7668522800657727,0.3811925895770326,1,0
matter,0.7570156027840733,0.38426409880731105,45,28
leadership,0.7467292844319867,0.38751373848291737,55,35
accept,0.7429529927780065,0.38871656821681155,12,6
elected,0.7429529927780065,0.38871656821681155,12,6
historic,0.7429529927780065,0.38871656821681155,12,6
ministers,0.7429529927780065,0.38871656821681155,12,6
noted,0.7429529927780065,0.38871656821681155,12,6
opposite,0.7429529927780065,0.38871656821681155,12,6
populations,0.7429529927780065,0.38871656821681155,12,6
unlike,0.7429529927780065,0.38871656821681155,12,6
via,0.7429529927780065,0.38871656821681155,12,6
wrong,0.7429529927780065,0.38871656821681155,12,6
consider,0.7393270886299746,0.3898765209066323,42,26
everything,0.7059495054358276,0.4007917662874655,59,38
aviation,0.6957311449032461,0.4042218199053781,15,8
happen,0.6957311449032461,0.4042218199053781,15,8
leaving,0.6957311449032461,0.4042218199053781,15,8
otherwise,0.6957311449032461,0.4042218199053781,15,8
sexual,0.6957311449032461,0.4042218199053781,15,8
ask,0.6838120094401504,0.4082771549243729,56,36
corridors,0.6737960061247784,0.4117312688294047,18,10
effect,0.6737960061247784,0.4117312688294047,18,10
establishing,0.6737960061247784,0.4117312688294047,18,10
raised,0.6737960061247784,0.4117312688294047,18,10
value,0.6737960061247784,0.4117312688294047,18,10
plans,0.6658621405798621,0.4144979837299224,24,14
casualties,0.6656543856535764,0.4145708011932575,21,12
scenario,0.6656543856535764,0.4145708011932575,21,12
anti-terrorist,0.6191141892354851,0.4313766493181427,10,5
appear,0.6191141892354851,0.4313766493181427,10,5
cut,0.6191141892354851,0.4313766493181427,10,5
fell,0.6191141892354851,0.4313766493181427,10,5
journalist,0.6191141892354851,0.4313766493181427,10,5
materials,0.6191141892354851,0.4313766493181427,10,5
meanwhile,0.6191141892354851,0.4313766493181427,10,5
prohibited,0.6191141892354851,0.4313766493181427,10,5
targets,0.6103707668339693,0.4346482440304774,34,21
beginning,0.6023616621740974,0.43767836105647673,54,35
amendments,0.6009236731896883,0.43822581978387753,8,3
electoral,0.6009236731896883,0.43822581978387753,8,3
facility,0.6009236731896883,0.43822581978387753,8,3
fellow,0.6009236731896883,0.43822581978387753,8,3
hysteria,0.6009236731896883,0.43822581978387753,8,3
insisted,0.6009236731896883,0.43822581978387753,8,3
negative,0.6009236731896883,0.43822581978387753,8,3
obtain,0.6009236731896883,0.43822581978387753,8,3
online,0.6009236731896883,0.43822581978387753,8,3
proclaimed,0.6009236731896883,0.43822581978387753,8,3
prove,0.6009236731896883,0.43822581978387753,8,3
takes,0.6009236731896883,0.43822581978387753,8,3
ultimately,0.6009236731896883,0.43822581978387753,8,3
line,0.5935305816315601,0.4410571030332381,61,40
so-called,0.5807923818843754,0.4460019000464138,111,76
conflict,0.5788416144162634,0.44676672961143293,93,63
accused,0.5748392622669657,0.4483423049765737,13,7
convened,0.5748392622669657,0.4483423049765737,13,7
practical,0.5748392622669657,0.4483423049765737,13,7
blockade,0.5583357069694055,0.4549315897690298,22,13
calls,0.5583357069694055,0.4549315897690298,22,13
none,0.5583357069694055,0.4549315897690298,22,13
society,0.5583357069694055,0.4549315897690298,22,13
backdrop,0.5541426120042556,0.4566299480851761,19,11
contrary,0.5541426120042556,0.4566299480851761,19,11
first,0.5456480854496816,0.46010135652956263,112,77
geneva,0.5360676005490012,0.4640670250648472,35,22
stated,0.5127744793718323,0.47394026549042423,42,27
front,0.4986269925105026,0.4801040317638433,29,18
positions,0.4986269925105026,0.4801040317638433,29,18
arrived,0.4952807080488886,0.4815811103605936,8,4
cite,0.4952807080488886,0.4815811103605936,8,4
evacuate,0.4952807080488886,0.4815811103605936,8,4
financing,0.4952807080488886,0.4815811103605936,8,4
grant,0.4952807080488886,0.4815811103605936,8,4
ireland,0.4952807080488886,0.4815811103605936,8,4
released,0.4952807080488886,0.4815811103605936,8,4
resumption,0.4952807080488886,0.4815811103605936,8,4
stress,0.4952807080488886,0.4815811103605936,8,4
telling,0.4952807080488886,0.4815811103605936,8,4
unfounded,0.4952807080488886,0.4815811103605936,8,4
assured,0.4809493595781158,0.48799261017304296,6,2
backed,0.4809493595781158,0.48799261017304296,6,2
background,0.4809493595781158,0.48799261017304296,6,2
basement,0.4809493595781158,0.48799261017304296,6,2
berlin,0.4809493595781158,0.48799261017304296,6,2
chain,0.4809493595781158,0.48799261017304296,6,2
consent,0.4809493595781158,0.48799261017304296,6,2
deploying,0.4809493595781158,0.48799261017304296,6,2
districts,0.4809493595781158,0.48799261017304296,6,2
easier,0.4809493595781158,0.48799261017304296,6,2
episode,0.4809493595781158,0.48799261017304296,6,2
expert,0.4809493595781158,0.48799261017304296,6,2
formats,0.4809493595781158,0.48799261017304296,6,2
friendly,0.4809493595781158,0.48799261017304296,6,2
hitting,0.4809493595781158,0.48799261017304296,6,2
ideas,0.4809493595781158,0.48799261017304296,6,2
illustration,0.4809493595781158,0.48799261017304296,6,2
likely,0.4809493595781158,0.48799261017304296,6,2
malaysian,0.4809493595781158,0.48799261017304296,6,2
murders,0.4809493595781158,0.48799261017304296,6,2
parallel,0.4809493595781158,0.48799261017304296,6,2
pose,0.4809493595781158,0.48799261017304296,6,2
preceded,0.4809493595781158,0.48799261017304296,6,2
prosecution,0.4809493595781158,0.48799261017304296,6,2
regrettably,0.4809493595781158,0.48799261017304296,6,2
reporting,0.4809493595781158,0.48799261017304296,6,2
rosemary,0.4809493595781158,0.48799261017304296,6,2
runs,0.4809493595781158,0.48799261017304296,6,2
stating,0.4809493595781158,0.48799261017304296,6,2
tied,0.4809493595781158,0.48799261017304296,6,2
transportation,0.4809493595781158,0.48799261017304296,6,2
trend,0.4809493595781158,0.48799261017304296,6,2
warning,0.4809493595781158,0.48799261017304296,6,2
withdrawn,0.4809493595781158,0.48799261017304296,6,2
take,0.47847296647124415,0.4891148154058955,103,71
months,0.4692044797602065,0.49335337284808456,36,23
keep,0.4664499820954281,0.49462489223072814,23,14
repeat,0.4664499820954281,0.49462489223072814,23,14
battlefield,0.45499385019401356,0.4999729452655929,11,6
channels,0.45499385019401356,0.4999729452655929,11,6
closed,0.45499385019401356,0.4999729452655929,11,6
detention,0.45499385019401356,0.4999729452655929,11,6
entered,0.45499385019401356,0.4999729452655929,11,6
native,0.45499385019401356,0.4999729452655929,11,6
policies,0.45499385019401356,0.4999729452655929,11,6
sitting,0.45499385019401356,0.4999729452655929,11,6
situations,0.45499385019401356,0.4999729452655929,11,6
subjected,0.45499385019401356,0.4999729452655929,11,6
best,0.4538754152199036,0.5005003038018776,20,12
deputy,0.4538754152199036,0.5005003038018776,20,12
else,0.4538754152199036,0.5005003038018776,20,12
multiple,0.4538754152199036,0.5005003038018776,20,12
needed,0.4538754152199036,0.5005003038018776,20,12
serious,0.4486777238970762,0.5029635519205939,50,33
confirmed,0.4479220010814805,0.50332341829741,33,21
list,0.4479220010814805,0.50332341829741,33,21
received,0.4479220010814805,0.50332341829741,33,21
hostilities,0.4453775005527563,0.504538319335351,17,10
neighbours,0.4453775005527563,0.504538319335351,17,10
hide,0.4437346219158832,0.5053253984900112,14,8
lines,0.4437346219158832,0.5053253984900112,14,8
resulted,0.4437346219158832,0.5053253984900112,14,8
seek,0.4437346219158832,0.5053253984900112,14,8
referendum,0.4271105869320832,0.5134101557663073,30,19
time,0.4270820948584865,0.5134242042161747,180,128
legitimate,0.38762306667854624,0.5335514723140565,24,15
services,0.38762306667854624,0.5335514723140565,24,15
s,0.3800796149063932,0.5375606308833479,55,37
taken,0.3702813327547721,0.5428509576212082,66,45
announced,0.36957350132648786,0.5432368382644307,21,13
abundant,0.365606377013746,0.5454089640215112,4,1
accumulated,0.365606377013746,0.5454089640215112,4,1
activist,0.365606377013746,0.5454089640215112,4,1
acute,0.365606377013746,0.5454089640215112,4,1
advised,0.365606377013746,0.5454089640215112,4,1
answers,0.365606377013746,0.5454089640215112,4,1
anti-semitic,0.365606377013746,0.5454089640215112,4,1
assert,0.365606377013746,0.5454089640215112,4,1
assuming,0.365606377013746,0.5454089640215112,4,1
average,0.365606377013746,0.5454089640215112,4,1
balanced,0.365606377013746,0.5454089640215112,4,1
banning,0.365606377013746,0.5454089640215112,4,1
beat,0.365606377013746,0.5454089640215112,4,1
blinken,0.365606377013746,0.5454089640215112,4,1
calibre,0.365606377013746,0.5454089640215112,4,1
coincide,0.365606377013746,0.5454089640215112,4,1
commented,0.365606377013746,0.5454089640215112,4,1
communications,0.365606377013746,0.5454089640215112,4,1
contributed,0.365606377013746,0.5454089640215112,4,1
convenient,0.365606377013746,0.5454089640215112,4,1
corn,0.365606377013746,0.5454089640215112,4,1
counteroffensive,0.365606377013746,0.5454089640215112,4,1
defensive,0.365606377013746,0.5454089640215112,4,1
delayed,0.365606377013746,0.5454089640215112,4,1
demonstrations,0.365606377013746,0.5454089640215112,4,1
distorted,0.365606377013746,0.5454089640215112,4,1
drew,0.365606377013746,0.5454089640215112,4,1
elect,0.365606377013746,0.5454089640215112,4,1
encountered,0.365606377013746,0.5454089640215112,4,1
equally,0.365606377013746,0.5454089640215112,4,1
excellent,0.365606377013746,0.5454089640215112,4,1
experiencing,0.365606377013746,0.5454089640215112,4,1
explanations,0.365606377013746,0.5454089640215112,4,1
fantasies,0.365606377013746,0.5454089640215112,4,1
favourite,0.365606377013746,0.5454089640215112,4,1
feed,0.365606377013746,0.5454089640215112,4,1
finland,0.365606377013746,0.5454089640215112,4,1
followers,0.365606377013746,0.5454089640215112,4,1
foundation,0.365606377013746,0.5454089640215112,4,1
frequently,0.365606377013746,0.5454089640215112,4,1
gradually,0.365606377013746,0.5454089640215112,4,1
grey,0.365606377013746,0.5454089640215112,4,1
hate,0.365606377013746,0.5454089640215112,4,1
hot,0.365606377013746,0.5454089640215112,4,1
hypocritically,0.365606377013746,0.5454089640215112,4,1
indifferent,0.365606377013746,0.5454089640215112,4,1
injuries,0.365606377013746,0.5454089640215112,4,1
instrument,0.365606377013746,0.5454089640215112,4,1
intensifying,0.365606377013746,0.5454089640215112,4,1
interaction,0.365606377013746,0.5454089640215112,4,1
iryna,0.365606377013746,0.5454089640215112,4,1
judicial,0.365606377013746,0.5454089640215112,4,1
khan,0.365606377013746,0.5454089640215112,4,1
knew,0.365606377013746,0.5454089640215112,4,1
kupyansk,0.365606377013746,0.5454089640215112,4,1
lysychansk,0.365606377013746,0.5454089640215112,4,1
mark,0.365606377013746,0.5454089640215112,4,1
martin,0.365606377013746,0.5454089640215112,4,1
naked,0.365606377013746,0.5454089640215112,4,1
network,0.365606377013746,0.5454089640215112,4,1
originally,0.365606377013746,0.5454089640215112,4,1
outskirts,0.365606377013746,0.5454089640215112,4,1
pandemic,0.365606377013746,0.5454089640215112,4,1
placement,0.365606377013746,0.5454089640215112,4,1
possibly,0.365606377013746,0.5454089640215112,4,1
premises,0.365606377013746,0.5454089640215112,4,1
pretend,0.365606377013746,0.5454089640215112,4,1
pretending,0.365606377013746,0.5454089640215112,4,1
recalled,0.365606377013746,0.5454089640215112,4,1
reflects,0.365606377013746,0.5454089640215112,4,1
regain,0.365606377013746,0.5454089640215112,4,1
rejecting,0.365606377013746,0.5454089640215112,4,1
remarkable,0.365606377013746,0.5454089640215112,4,1
remote,0.365606377013746,0.5454089640215112,4,1
replaced,0.365606377013746,0.5454089640215112,4,1
section,0.365606377013746,0.5454089640215112,4,1
seemed,0.365606377013746,0.5454089640215112,4,1
shamelessly,0.365606377013746,0.5454089640215112,4,1
slowly,0.365606377013746,0.5454089640215112,4,1
specialists,0.365606377013746,0.5454089640215112,4,1
steadily,0.365606377013746,0.5454089640215112,4,1
stream,0.365606377013746,0.5454089640215112,4,1
stripped,0.365606377013746,0.5454089640215112,4,1
subversive,0.365606377013746,0.5454089640215112,4,1
sweden,0.365606377013746,0.5454089640215112,4,1
switzerland,0.365606377013746,0.5454089640215112,4,1
teach,0.365606377013746,0.5454089640215112,4,1
tenth,0.365606377013746,0.5454089640215112,4,1
theory,0.365606377013746,0.5454089640215112,4,1
tongue,0.365606377013746,0.5454089640215112,4,1
traditional,0.365606377013746,0.5454089640215112,4,1
tremendous,0.365606377013746,0.5454089640215112,4,1
ukranian,0.365606377013746,0.5454089640215112,4,1
ultimatum,0.365606377013746,0.5454089640215112,4,1
unclear,0.365606377013746,0.5454089640215112,4,1
university,0.365606377013746,0.5454089640215112,4,1
warnings,0.365606377013746,0.5454089640215112,4,1
zerihoun,0.365606377013746,0.5454089640215112,4,1
account,0.3639828492161933,0.5463025406243499,31,20
expressed,0.3639828492161933,0.5463025406243499,31,20
attempt,0.35355063490146915,0.552110050847245,45,30
agree,0.3534311740930112,0.552177222621673,18,11
conclusions,0.3534311740930112,0.552177222621673,18,11
observers,0.3534311740930112,0.552177222621673,18,11
carry,0.34038705303712263,0.5596058927432204,15,9
historical,0.34038705303712263,0.5596058927432204,15,9
added,0.3368642176977659,0.5616448716257465,9,5
advantage,0.3368642176977659,0.5616448716257465,9,5
anti-aircraft,0.3368642176977659,0.5616448716257465,9,5
commercial,0.3368642176977659,0.5616448716257465,9,5
contribution,0.3368642176977659,0.5616448716257465,9,5
culture,0.3368642176977659,0.5616448716257465,9,5
denied,0.3368642176977659,0.5616448716257465,9,5
domestic,0.3368642176977659,0.5616448716257465,9,5
eve,0.3368642176977659,0.5616448716257465,9,5
except,0.3368642176977659,0.5616448716257465,9,5
guided,0.3368642176977659,0.5616448716257465,9,5
helped,0.3368642176977659,0.5616448716257465,9,5
little,0.3368642176977659,0.5616448716257465,9,5
map,0.3368642176977659,0.5616448716257465,9,5
occur,0.3368642176977659,0.5616448716257465,9,5
opposed,0.3368642176977659,0.5616448716257465,9,5
tactical,0.3368642176977659,0.5616448716257465,9,5
woman,0.3368642176977659,0.5616448716257465,9,5
lot,0.33288575699731787,0.5639647703091972,12,7
met,0.33288575699731787,0.5639647703091972,12,7
resolving,0.33288575699731787,0.5639647703091972,12,7
southern,0.33288575699731787,0.5639647703091972,12,7
whatever,0.33288575699731787,0.5639647703091972,12,7
willing,0.33288575699731787,0.5639647703091972,12,7
reached,0.3199440640528332,0.5716412623446203,25,16
despite,0.31161787442237077,0.576689085792149,64,44
back,0.3096726036815413,0.5778811583003337,46,31
one,0.30947348731205904,0.5780034543799656,288,210
presidency,0.3082942338352167,0.5787288026667217,32,21
focus,0.2985761590985263,0.5847764209732598,22,14
holding,0.2985761590985263,0.5847764209732598,22,14
accepted,0.28739904351449724,0.5918921256446853,7,3
accession,0.28739904351449724,0.5918921256446853,7,3
anti-personnel,0.28739904351449724,0.5918921256446853,7,3
aspirations,0.28739904351449724,0.5918921256446853,7,3
basically,0.28739904351449724,0.5918921256446853,7,3
belgium,0.28739904351449724,0.5918921256446853,7,3
bus,0.28739904351449724,0.5918921256446853,7,3
demilitarization,0.28739904351449724,0.5918921256446853,7,3
hopes,0.28739904351449724,0.5918921256446853,7,3
hostile,0.28739904351449724,0.5918921256446853,7,3
items,0.28739904351449724,0.5918921256446853,7,3
kostiantynivka,0.28739904351449724,0.5918921256446853,7,3
learn,0.28739904351449724,0.5918921256446853,7,3
placed,0.28739904351449724,0.5918921256446853,7,3
played,0.28739904351449724,0.5918921256446853,7,3
receiving,0.28739904351449724,0.5918921256446853,7,3
refer,0.28739904351449724,0.5918921256446853,7,3
repression,0.28739904351449724,0.5918921256446853,7,3
settle,0.28739904351449724,0.5918921256446853,7,3
silent,0.28739904351449724,0.5918921256446853,7,3
unwillingness,0.28739904351449724,0.5918921256446853,7,3
whereby,0.28739904351449724,0.5918921256446853,7,3
yes,0.28739904351449724,0.5918921256446853,7,3
negotiations,0.2850378551828886,0.593418079709664,29,19
particularly,0.2850378551828886,0.593418079709664,29,19
shot,0.2850378551828886,0.593418079709664,29,19
destroy,0.2779216989733906,0.5980666554795162,19,12
requested,0.2779216989733906,0.5980666554795162,19,12
72nd,0.27571176729889457,0.5995257512541211,2,0
aboard,0.27571176729889457,0.5995257512541211,2,0
absorb,0.27571176729889457,0.5995257512541211,2,0
abstaining,0.27571176729889457,0.5995257512541211,2,0
abstentions,0.27571176729889457,0.5995257512541211,2,0
abusing,0.27571176729889457,0.5995257512541211,2,0
academy,0.27571176729889457,0.5995257512541211,2,0
accepting,0.27571176729889457,0.5995257512541211,2,0
accompli,0.27571176729889457,0.5995257512541211,2,0
accomplice,0.27571176729889457,0.5995257512541211,2,0
accounted,0.27571176729889457,0.5995257512541211,2,0
addresses,0.27571176729889457,0.5995257512541211,2,0
admissions,0.27571176729889457,0.5995257512541211,2,0
advances,0.27571176729889457,0.5995257512541211,2,0
adventure,0.27571176729889457,0.5995257512541211,2,0
adventurism,0.27571176729889457,0.5995257512541211,2,0
advisor,0.27571176729889457,0.5995257512541211,2,0
affair,0.27571176729889457,0.5995257512541211,2,0
ages,0.27571176729889457,0.5995257512541211,2,0
agro-industrial,0.27571176729889457,0.5995257512541211,2,0
aired,0.27571176729889457,0.5995257512541211,2,0
aliens,0.27571176729889457,0.5995257512541211,2,0
allegiance,0.27571176729889457,0.5995257512541211,2,0
alleging,0.27571176729889457,0.5995257512541211,2,0
almaz-antey,0.27571176729889457,0.5995257512541211,2,0
altered,0.27571176729889457,0.5995257512541211,2,0
amnesties,0.27571176729889457,0.5995257512541211,2,0
ample,0.27571176729889457,0.5995257512541211,2,0
analysed,0.27571176729889457,0.5995257512541211,2,0
anastasia,0.27571176729889457,0.5995257512541211,2,0
ancestors,0.27571176729889457,0.5995257512541211,2,0
andorra,0.27571176729889457,0.5995257512541211,2,0
andrey,0.27571176729889457,0.5995257512541211,2,0
angela,0.27571176729889457,0.5995257512541211,2,0
animal,0.27571176729889457,0.5995257512541211,2,0
annalena,0.27571176729889457,0.5995257512541211,2,0
annulled,0.27571176729889457,0.5995257512541211,2,0
answered,0.27571176729889457,0.5995257512541211,2,0
anti-tank,0.27571176729889457,0.5995257512541211,2,0
antigua,0.27571176729889457,0.5995257512541211,2,0
antisemitism,0.27571176729889457,0.5995257512541211,2,0
anton,0.27571176729889457,0.5995257512541211,2,0
antonovka,0.27571176729889457,0.5995257512541211,2,0
anymore,0.27571176729889457,0.5995257512541211,2,0
appearing,0.27571176729889457,0.5995257512541211,2,0
appliances,0.27571176729889457,0.5995257512541211,2,0
applications,0.27571176729889457,0.5995257512541211,2,0
appropriately,0.27571176729889457,0.5995257512541211,2,0
arakhamia,0.27571176729889457,0.5995257512541211,2,0
arena,0.27571176729889457,0.5995257512541211,2,0
arestovych,0.27571176729889457,0.5995257512541211,2,0
arisen,0.27571176729889457,0.5995257512541211,2,0
arises,0.27571176729889457,0.5995257512541211,2,0
artists,0.27571176729889457,0.5995257512541211,2,0
ascribed,0.27571176729889457,0.5995257512541211,2,0
attached,0.27571176729889457,0.5995257512541211,2,0
attribute,0.27571176729889457,0.5995257512541211,2,0
australian,0.27571176729889457,0.5995257512541211,2,0
avakov,0.27571176729889457,0.5995257512541211,2,0
aviv,0.27571176729889457,0.5995257512541211,2,0
avoiding,0.27571176729889457,0.5995257512541211,2,0
bahamas,0.27571176729889457,0.5995257512541211,2,0
band,0.27571176729889457,0.5995257512541211,2,0
bandera's,0.27571176729889457,0.5995257512541211,2,0
banderists,0.27571176729889457,0.5995257512541211,2,0
bands,0.27571176729889457,0.5995257512541211,2,0
bankrupt,0.27571176729889457,0.5995257512541211,2,0
bankruptcy,0.27571176729889457,0.5995257512541211,2,0
bans,0.27571176729889457,0.5995257512541211,2,0
barbados,0.27571176729889457,0.5995257512541211,2,0
barbuda,0.27571176729889457,0.5995257512541211,2,0
bargaining,0.27571176729889457,0.5995257512541211,2,0
barna,0.27571176729889457,0.5995257512541211,2,0
baselessly,0.27571176729889457,0.5995257512541211,2,0
bashfully,0.27571176729889457,0.5995257512541211,2,0
bay,0.27571176729889457,0.5995257512541211,2,0
beating,0.27571176729889457,0.5995257512541211,2,0
beautiful,0.27571176729889457,0.5995257512541211,2,0
bebik's,0.27571176729889457,0.5995257512541211,2,0
begs,0.27571176729889457,0.5995257512541211,2,0
belgrade,0.27571176729889457,0.5995257512541211,2,0
beliefs,0.27571176729889457,0.5995257512541211,2,0
belize,0.27571176729889457,0.5995257512541211,2,0
beneficial,0.27571176729889457,0.5995257512541211,2,0
beneficiaries,0.27571176729889457,0.5995257512541211,2,0
berezhnaya,0.27571176729889457,0.5995257512541211,2,0
bewilderment,0.27571176729889457,0.5995257512541211,2,0
bills,0.27571176729889457,0.5995257512541211,2,0
bitch,0.27571176729889457,0.5995257512541211,2,0
bitter,0.27571176729889457,0.5995257512541211,2,0
blinded,0.27571176729889457,0.5995257512541211,2,0
blindly,0.27571176729889457,0.5995257512541211,2,0
bloodbath,0.27571176729889457,0.5995257512541211,2,0
blowing,0.27571176729889457,0.5995257512541211,2,0
bombarded,0.27571176729889457,0.5995257512541211,2,0
borne,0.27571176729889457,0.5995257512541211,2,0
borrowed,0.27571176729889457,0.5995257512541211,2,0
bosnia,0.27571176729889457,0.5995257512541211,2,0
botswana,0.27571176729889457,0.5995257512541211,2,0
box,0.27571176729889457,0.5995257512541211,2,0
boys,0.27571176729889457,0.5995257512541211,2,0
bragging,0.27571176729889457,0.5995257512541211,2,0
brandishing,0.27571176729889457,0.5995257512541211,2,0
brazen,0.27571176729889457,0.5995257512541211,2,0
break-up,0.27571176729889457,0.5995257512541211,2,0
brianka,0.27571176729889457,0.5995257512541211,2,0
britain's,0.27571176729889457,0.5995257512541211,2,0
budanov,0.27571176729889457,0.5995257512541211,2,0
bureaucratic,0.27571176729889457,0.5995257512541211,2,0
buses,0.27571176729889457,0.5995257512541211,2,0
buzina,0.27571176729889457,0.5995257512541211,2,0
caesar,0.27571176729889457,0.5995257512541211,2,0
cafés,0.27571176729889457,0.5995257512541211,2,0
carriers,0.27571176729889457,0.5995257512541211,2,0
catholic,0.27571176729889457,0.5995257512541211,2,0
cauterize,0.27571176729889457,0.5995257512541211,2,0
center,0.27571176729889457,0.5995257512541211,2,0
centralized,0.27571176729889457,0.5995257512541211,2,0
ceremony,0.27571176729889457,0.5995257512541211,2,0
cetera,0.27571176729889457,0.5995257512541211,2,0
chanting,0.27571176729889457,0.5995257512541211,2,0
character,0.27571176729889457,0.5995257512541211,2,0
chile,0.27571176729889457,0.5995257512541211,2,0
chip,0.27571176729889457,0.5995257512541211,2,0
circulating,0.27571176729889457,0.5995257512541211,2,0
clarified,0.27571176729889457,0.5995257512541211,2,0
clash,0.27571176729889457,0.5995257512541211,2,0
classic,0.27571176729889457,0.5995257512541211,2,0
cliche's,0.27571176729889457,0.5995257512541211,2,0
clients,0.27571176729889457,0.5995257512541211,2,0
clinging,0.27571176729889457,0.5995257512541211,2,0
cnn,0.27571176729889457,0.5995257512541211,2,0
coercion,0.27571176729889457,0.5995257512541211,2,0
cohen,0.27571176729889457,0.5995257512541211,2,0
coincides,0.27571176729889457,0.5995257512541211,2,0
collaboration,0.27571176729889457,0.5995257512541211,2,0
collaborationism,0.27571176729889457,0.5995257512541211,2,0
collapsed,0.27571176729889457,0.5995257512541211,2,0
colleague's,0.27571176729889457,0.5995257512541211,2,0
collection,0.27571176729889457,0.5995257512541211,2,0
colonialism,0.27571176729889457,0.5995257512541211,2,0
coloured,0.27571176729889457,0.5995257512541211,2,0
comfortable,0.27571176729889457,0.5995257512541211,2,0
commentators,0.27571176729889457,0.5995257512541211,2,0
commodity,0.27571176729889457,0.5995257512541211,2,0
communicated,0.27571176729889457,0.5995257512541211,2,0
competing,0.27571176729889457,0.5995257512541211,2,0
complies,0.27571176729889457,0.5995257512541211,2,0
comprised,0.27571176729889457,0.5995257512541211,2,0
concentrated,0.27571176729889457,0.5995257512541211,2,0
conferences,0.27571176729889457,0.5995257512541211,2,0
conflicting,0.27571176729889457,0.5995257512541211,2,0
confrontational,0.27571176729889457,0.5995257512541211,2,0
conservative,0.27571176729889457,0.5995257512541211,2,0
consulates,0.27571176729889457,0.5995257512541211,2,0
consulted,0.27571176729889457,0.5995257512541211,2,0
consume,0.27571176729889457,0.5995257512541211,2,0
contingents,0.27571176729889457,0.5995257512541211,2,0
convincingly,0.27571176729889457,0.5995257512541211,2,0
cool,0.27571176729889457,0.5995257512541211,2,0
cooperated,0.27571176729889457,0.5995257512541211,2,0
corresponding,0.27571176729889457,0.5995257512541211,2,0
counterproductive,0.27571176729889457,0.5995257512541211,2,0
countless,0.27571176729889457,0.5995257512541211,2,0
covenant,0.27571176729889457,0.5995257512541211,2,0
crashed,0.27571176729889457,0.5995257512541211,2,0
crimea's,0.27571176729889457,0.5995257512541211,2,0
criminally,0.27571176729889457,0.5995257512541211,2,0
criterion,0.27571176729889457,0.5995257512541211,2,0
crossfire,0.27571176729889457,0.5995257512541211,2,0
culprits,0.27571176729889457,0.5995257512541211,2,0
cunning,0.27571176729889457,0.5995257512541211,2,0
curiosity,0.27571176729889457,0.5995257512541211,2,0
cuts,0.27571176729889457,0.5995257512541211,2,0
czechia,0.27571176729889457,0.5995257512541211,2,0
damn,0.27571176729889457,0.5995257512541211,2,0
de-escalating,0.27571176729889457,0.5995257512541211,2,0
de-ukrainize,0.27571176729889457,0.5995257512541211,2,0
debris,0.27571176729889457,0.5995257512541211,2,0
debt,0.27571176729889457,0.5995257512541211,2,0
debunked,0.27571176729889457,0.5995257512541211,2,0
deceit,0.27571176729889457,0.5995257512541211,2,0
declares,0.27571176729889457,0.5995257512541211,2,0
declassified,0.27571176729889457,0.5995257512541211,2,0
decrees,0.27571176729889457,0.5995257512541211,2,0
deeper,0.27571176729889457,0.5995257512541211,2,0
default,0.27571176729889457,0.5995257512541211,2,0
defense,0.27571176729889457,0.5995257512541211,2,0
define,0.27571176729889457,0.5995257512541211,2,0
degrees,0.27571176729889457,0.5995257512541211,2,0
deign,0.27571176729889457,0.5995257512541211,2,0
demarcation,0.27571176729889457,0.5995257512541211,2,0
denazification,0.27571176729889457,0.5995257512541211,2,0
departments,0.27571176729889457,0.5995257512541211,2,0
depleted,0.27571176729889457,0.5995257512541211,2,0
deplorable,0.27571176729889457,0.5995257512541211,2,0
der,0.27571176729889457,0.5995257512541211,2,0
descended,0.27571176729889457,0.5995257512541211,2,0
detachments,0.27571176729889457,0.5995257512541211,2,0
dictated,0.27571176729889457,0.5995257512541211,2,0
differences,0.27571176729889457,0.5995257512541211,2,0
difficulty,0.27571176729889457,0.5995257512541211,2,0
digital,0.27571176729889457,0.5995257512541211,2,0
dignified,0.27571176729889457,0.5995257512541211,2,0
diligently,0.27571176729889457,0.5995257512541211,2,0
diminish,0.27571176729889457,0.5995257512541211,2,0
disappoint,0.27571176729889457,0.5995257512541211,2,0
disastrous,0.27571176729889457,0.5995257512541211,2,0
disavowed,0.27571176729889457,0.5995257512541211,2,0
disbursement,0.27571176729889457,0.5995257512541211,2,0
discarded,0.27571176729889457,0.5995257512541211,2,0
disclose,0.27571176729889457,0.5995257512541211,2,0
discovery,0.27571176729889457,0.5995257512541211,2,0
disgraceful,0.27571176729889457,0.5995257512541211,2,0
disguised,0.27571176729889457,0.5995257512541211,2,0
dished,0.27571176729889457,0.5995257512541211,2,0
displayed,0.27571176729889457,0.5995257512541211,2,0
dispute,0.27571176729889457,0.5995257512541211,2,0
disputing,0.27571176729889457,0.5995257512541211,2,0
divided,0.27571176729889457,0.5995257512541211,2,0
dnepropetrovsk,0.27571176729889457,0.5995257512541211,2,0
dnieper,0.27571176729889457,0.5995257512541211,2,0
dominance,0.27571176729889457,0.5995257512541211,2,0
donetskyi,0.27571176729889457,0.5995257512541211,2,0
doomed,0.27571176729889457,0.5995257512541211,2,0
dossier,0.27571176729889457,0.5995257512541211,2,0
downstream,0.27571176729889457,0.5995257512541211,2,0
efficiency,0.27571176729889457,0.5995257512541211,2,0
egging,0.27571176729889457,0.5995257512541211,2,0
egregiously,0.27571176729889457,0.5995257512541211,2,0
electric,0.27571176729889457,0.5995257512541211,2,0
elementary,0.27571176729889457,0.5995257512541211,2,0
elena,0.27571176729889457,0.5995257512541211,2,0
eleventh,0.27571176729889457,0.5995257512541211,2,0
embarked,0.27571176729889457,0.5995257512541211,2,0
embassy,0.27571176729889457,0.5995257512541211,2,0
embraced,0.27571176729889457,0.5995257512541211,2,0
emergence,0.27571176729889457,0.5995257512541211,2,0
emotional,0.27571176729889457,0.5995257512541211,2,0
emotions,0.27571176729889457,0.5995257512541211,2,0
emphasizing,0.27571176729889457,0.5995257512541211,2,0
employing,0.27571176729889457,0.5995257512541211,2,0
enacting,0.27571176729889457,0.5995257512541211,2,0
enactment,0.27571176729889457,0.5995257512541211,2,0
encountering,0.27571176729889457,0.5995257512541211,2,0
endorse,0.27571176729889457,0.5995257512541211,2,0
enlightened,0.27571176729889457,0.5995257512541211,2,0
enrich,0.27571176729889457,0.5995257512541211,2,0
ensures,0.27571176729889457,0.5995257512541211,2,0
entangled,0.27571176729889457,0.5995257512541211,2,0
escalating,0.27571176729889457,0.5995257512541211,2,0
et,0.27571176729889457,0.5995257512541211,2,0
etc,0.27571176729889457,0.5995257512541211,2,0
eu's,0.27571176729889457,0.5995257512541211,2,0
euphoria,0.27571176729889457,0.5995257512541211,2,0
evacuations,0.27571176729889457,0.5995257512541211,2,0
evolving,0.27571176729889457,0.5995257512541211,2,0
exaggerated,0.27571176729889457,0.5995257512541211,2,0
examining,0.27571176729889457,0.5995257512541211,2,0
expedient,0.27571176729889457,0.5995257512541211,2,0
expensive,0.27571176729889457,0.5995257512541211,2,0
exploding,0.27571176729889457,0.5995257512541211,2,0
expressly,0.27571176729889457,0.5995257512541211,2,0
extras,0.27571176729889457,0.5995257512541211,2,0
fans,0.27571176729889457,0.5995257512541211,2,0
far-fetched,0.27571176729889457,0.5995257512541211,2,0
fates,0.27571176729889457,0.5995257512541211,2,0
fearing,0.27571176729889457,0.5995257512541211,2,0
fears,0.27571176729889457,0.5995257512541211,2,0
federated,0.27571176729889457,0.5995257512541211,2,0
feedback,0.27571176729889457,0.5995257512541211,2,0
fiasco,0.27571176729889457,0.5995257512541211,2,0
fictional,0.27571176729889457,0.5995257512541211,2,0
fiji,0.27571176729889457,0.5995257512541211,2,0
filatov,0.27571176729889457,0.5995257512541211,2,0
flats,0.27571176729889457,0.5995257512541211,2,0
flouted,0.27571176729889457,0.5995257512541211,2,0
foment,0.27571176729889457,0.5995257512541211,2,0
fomenting,0.27571176729889457,0.5995257512541211,2,0
foot,0.27571176729889457,0.5995257512541211,2,0
footnote,0.27571176729889457,0.5995257512541211,2,0
forefathers,0.27571176729889457,0.5995257512541211,2,0
forefront,0.27571176729889457,0.5995257512541211,2,0
forgot,0.27571176729889457,0.5995257512541211,2,0
fortuitous,0.27571176729889457,0.5995257512541211,2,0
four-party,0.27571176729889457,0.5995257512541211,2,0
françois,0.27571176729889457,0.5995257512541211,2,0
fratricidal,0.27571176729889457,0.5995257512541211,2,0
fraught,0.27571176729889457,0.5995257512541211,2,0
frenzied,0.27571176729889457,0.5995257512541211,2,0
frenzy,0.27571176729889457,0.5995257512541211,2,0
ftx,0.27571176729889457,0.5995257512541211,2,0
fulfilment,0.27571176729889457,0.5995257512541211,2,0
gambia,0.27571176729889457,0.5995257512541211,2,0
genghis,0.27571176729889457,0.5995257512541211,2,0
gentlemen,0.27571176729889457,0.5995257512541211,2,0
gibraltar,0.27571176729889457,0.5995257512541211,2,0
gil,0.27571176729889457,0.5995257512541211,2,0
glad,0.27571176729889457,0.5995257512541211,2,0
glorified,0.27571176729889457,0.5995257512541211,2,0
glorify,0.27571176729889457,0.5995257512541211,2,0
gloss,0.27571176729889457,0.5995257512541211,2,0
goaded,0.27571176729889457,0.5995257512541211,2,0
good-neighbourliness,0.27571176729889457,0.5995257512541211,2,0
grabbing,0.27571176729889457,0.5995257512541211,2,0
graveyard,0.27571176729889457,0.5995257512541211,2,0
grievances,0.27571176729889457,0.5995257512541211,2,0
grown,0.27571176729889457,0.5995257512541211,2,0
guatemala,0.27571176729889457,0.5995257512541211,2,0
gubarev,0.27571176729889457,0.5995257512541211,2,0
guidance,0.27571176729889457,0.5995257512541211,2,0
guinea,0.27571176729889457,0.5995257512541211,2,0
hackers,0.27571176729889457,0.5995257512541211,2,0
halit,0.27571176729889457,0.5995257512541211,2,0
hang,0.27571176729889457,0.5995257512541211,2,0
hangars,0.27571176729889457,0.5995257512541211,2,0
havoc,0.27571176729889457,0.5995257512541211,2,0
heeding,0.27571176729889457,0.5995257512541211,2,0
helmets,0.27571176729889457,0.5995257512541211,2,0
hence,0.27571176729889457,0.5995257512541211,2,0
herzegovina,0.27571176729889457,0.5995257512541211,2,0
high-rise,0.27571176729889457,0.5995257512541211,2,0
hint,0.27571176729889457,0.5995257512541211,2,0
hinting,0.27571176729889457,0.5995257512541211,2,0
hoping,0.27571176729889457,0.5995257512541211,2,0
hornet's,0.27571176729889457,0.5995257512541211,2,0
hotbed,0.27571176729889457,0.5995257512541211,2,0
hotel,0.27571176729889457,0.5995257512541211,2,0
hotheads,0.27571176729889457,0.5995257512541211,2,0
hungry,0.27571176729889457,0.5995257512541211,2,0
hunt,0.27571176729889457,0.5995257512541211,2,0
hunts,0.27571176729889457,0.5995257512541211,2,0
hurry,0.27571176729889457,0.5995257512541211,2,0
hurt,0.27571176729889457,0.5995257512541211,2,0
hyperbole,0.27571176729889457,0.5995257512541211,2,0
hysterical,0.27571176729889457,0.5995257512541211,2,0
iceland,0.27571176729889457,0.5995257512541211,2,0
ideally,0.27571176729889457,0.5995257512541211,2,0
idols,0.27571176729889457,0.5995257512541211,2,0
idyllic,0.27571176729889457,0.5995257512541211,2,0
ifi,0.27571176729889457,0.5995257512541211,2,0
ill-treatment,0.27571176729889457,0.5995257512541211,2,0
imagery,0.27571176729889457,0.5995257512541211,2,0
import,0.27571176729889457,0.5995257512541211,2,0
imports,0.27571176729889457,0.5995257512541211,2,0
imprisoned,0.27571176729889457,0.5995257512541211,2,0
indulged,0.27571176729889457,0.5995257512541211,2,0
inextricably,0.27571176729889457,0.5995257512541211,2,0
injustice,0.27571176729889457,0.5995257512541211,2,0
insignias,0.27571176729889457,0.5995257512541211,2,0
insofar,0.27571176729889457,0.5995257512541211,2,0
instituting,0.27571176729889457,0.5995257512541211,2,0
instruction,0.27571176729889457,0.5995257512541211,2,0
intensify,0.27571176729889457,0.5995257512541211,2,0
intents,0.27571176729889457,0.5995257512541211,2,0
interpreted,0.27571176729889457,0.5995257512541211,2,0
interpreters,0.27571176729889457,0.5995257512541211,2,0
interrupted,0.27571176729889457,0.5995257512541211,2,0
intoxication,0.27571176729889457,0.5995257512541211,2,0
introductory,0.27571176729889457,0.5995257512541211,2,0
invective,0.27571176729889457,0.5995257512541211,2,0
investing,0.27571176729889457,0.5995257512541211,2,0
invisible,0.27571176729889457,0.5995257512541211,2,0
iranians,0.27571176729889457,0.5995257512541211,2,0
isil,0.27571176729889457,0.5995257512541211,2,0
isis,0.27571176729889457,0.5995257512541211,2,0
itinerary,0.27571176729889457,0.5995257512541211,2,0
jamaica,0.27571176729889457,0.5995257512541211,2,0
joke,0.27571176729889457,0.5995257512541211,2,0
judged,0.27571176729889457,0.5995257512541211,2,0
jungle,0.27571176729889457,0.5995257512541211,2,0
kalashnikovs,0.27571176729889457,0.5995257512541211,2,0
kerry,0.27571176729889457,0.5995257512541211,2,0
kicking,0.27571176729889457,0.5995257512541211,2,0
kiribati,0.27571176729889457,0.5995257512541211,2,0
knowingly,0.27571176729889457,0.5995257512541211,2,0
korea,0.27571176729889457,0.5995257512541211,2,0
kosovar,0.27571176729889457,0.5995257512541211,2,0
kovalchuk,0.27571176729889457,0.5995257512541211,2,0
kuwait,0.27571176729889457,0.5995257512541211,2,0
labelled,0.27571176729889457,0.5995257512541211,2,0
lacked,0.27571176729889457,0.5995257512541211,2,0
lamenting,0.27571176729889457,0.5995257512541211,2,0
large-calibre,0.27571176729889457,0.5995257512541211,2,0
latent,0.27571176729889457,0.5995257512541211,2,0
lecturing,0.27571176729889457,0.5995257512541211,2,0
legion,0.27571176729889457,0.5995257512541211,2,0
legislative,0.27571176729889457,0.5995257512541211,2,0
legitimized,0.27571176729889457,0.5995257512541211,2,0
lengthy,0.27571176729889457,0.5995257512541211,2,0
lepestok,0.27571176729889457,0.5995257512541211,2,0
lesotho,0.27571176729889457,0.5995257512541211,2,0
leyen,0.27571176729889457,0.5995257512541211,2,0
liberia,0.27571176729889457,0.5995257512541211,2,0
liechtenstein,0.27571176729889457,0.5995257512541211,2,0
lieutenant,0.27571176729889457,0.5995257512541211,2,0
liked,0.27571176729889457,0.5995257512541211,2,0
links,0.27571176729889457,0.5995257512541211,2,0
listing,0.27571176729889457,0.5995257512541211,2,0
literal,0.27571176729889457,0.5995257512541211,2,0
lofty,0.27571176729889457,0.5995257512541211,2,0
looters,0.27571176729889457,0.5995257512541211,2,0
loudest,0.27571176729889457,0.5995257512541211,2,0
loyal,0.27571176729889457,0.5995257512541211,2,0
lyall,0.27571176729889457,0.5995257512541211,2,0
lyrical,0.27571176729889457,0.5995257512541211,2,0
m142,0.27571176729889457,0.5995257512541211,2,0
madman,0.27571176729889457,0.5995257512541211,2,0
madness,0.27571176729889457,0.5995257512541211,2,0
magwenya,0.27571176729889457,0.5995257512541211,2,0
maim,0.27571176729889457,0.5995257512541211,2,0
mangush,0.27571176729889457,0.5995257512541211,2,0
maniacal,0.27571176729889457,0.5995257512541211,2,0
manuals,0.27571176729889457,0.5995257512541211,2,0
manufacturer,0.27571176729889457,0.5995257512541211,2,0
manufacturers,0.27571176729889457,0.5995257512541211,2,0
marched,0.27571176729889457,0.5995257512541211,2,0
markings,0.27571176729889457,0.5995257512541211,2,0
marshall,0.27571176729889457,0.5995257512541211,2,0
matches,0.27571176729889457,0.5995257512541211,2,0
mayotte,0.27571176729889457,0.5995257512541211,2,0
mcintyre,0.27571176729889457,0.5995257512541211,2,0
meat-grinder,0.27571176729889457,0.5995257512541211,2,0
mentality,0.27571176729889457,0.5995257512541211,2,0
mentees,0.27571176729889457,0.5995257512541211,2,0
mexican,0.27571176729889457,0.5995257512541211,2,0
micronesia,0.27571176729889457,0.5995257512541211,2,0
mikko,0.27571176729889457,0.5995257512541211,2,0
militia-controlled,0.27571176729889457,0.5995257512541211,2,0
millimetres,0.27571176729889457,0.5995257512541211,2,0
mirotvorets,0.27571176729889457,0.5995257512541211,2,0
mirror,0.27571176729889457,0.5995257512541211,2,0
miserable,0.27571176729889457,0.5995257512541211,2,0
mixed,0.27571176729889457,0.5995257512541211,2,0
mlrss,0.27571176729889457,0.5995257512541211,2,0
mobilizations,0.27571176729889457,0.5995257512541211,2,0
mocked,0.27571176729889457,0.5995257512541211,2,0
modelled,0.27571176729889457,0.5995257512541211,2,0
models,0.27571176729889457,0.5995257512541211,2,0
momentum,0.27571176729889457,0.5995257512541211,2,0
monaco,0.27571176729889457,0.5995257512541211,2,0
monasteries,0.27571176729889457,0.5995257512541211,2,0
mongol,0.27571176729889457,0.5995257512541211,2,0
montenegro,0.27571176729889457,0.5995257512541211,2,0
monument,0.27571176729889457,0.5995257512541211,2,0
monuments,0.27571176729889457,0.5995257512541211,2,0
multipolar,0.27571176729889457,0.5995257512541211,2,0
multitude,0.27571176729889457,0.5995257512541211,2,0
mythical,0.27571176729889457,0.5995257512541211,2,0
nations-russia,0.27571176729889457,0.5995257512541211,2,0
negation,0.27571176729889457,0.5995257512541211,2,0
negotiators,0.27571176729889457,0.5995257512541211,2,0
nervous,0.27571176729889457,0.5995257512541211,2,0
nest,0.27571176729889457,0.5995257512541211,2,0
niger,0.27571176729889457,0.5995257512541211,2,0
non-compliance,0.27571176729889457,0.5995257512541211,2,0
north-westerly,0.27571176729889457,0.5995257512541211,2,0
novosibirsk,0.27571176729889457,0.5995257512541211,2,0
nuland,0.27571176729889457,0.5995257512541211,2,0
obama,0.27571176729889457,0.5995257512541211,2,0
obituaries,0.27571176729889457,0.5995257512541211,2,0
objected,0.27571176729889457,0.5995257512541211,2,0
objection,0.27571176729889457,0.5995257512541211,2,0
obstinately,0.27571176729889457,0.5995257512541211,2,0
odious,0.27571176729889457,0.5995257512541211,2,0
oleksandrovych,0.27571176729889457,0.5995257512541211,2,0
oleksiy,0.27571176729889457,0.5995257512541211,2,0
oles,0.27571176729889457,0.5995257512541211,2,0
orderly,0.27571176729889457,0.5995257512541211,2,0
ousted,0.27571176729889457,0.5995257512541211,2,0
outraged,0.27571176729889457,0.5995257512541211,2,0
outrages,0.27571176729889457,0.5995257512541211,2,0
overrun,0.27571176729889457,0.5995257512541211,2,0
overstepped,0.27571176729889457,0.5995257512541211,2,0
overthrown,0.27571176729889457,0.5995257512541211,2,0
overtly,0.27571176729889457,0.5995257512541211,2,0
owners,0.27571176729889457,0.5995257512541211,2,0
packed,0.27571176729889457,0.5995257512541211,2,0
painting,0.27571176729889457,0.5995257512541211,2,0
palau,0.27571176729889457,0.5995257512541211,2,0
panacea,0.27571176729889457,0.5995257512541211,2,0
panama,0.27571176729889457,0.5995257512541211,2,0
pander,0.27571176729889457,0.5995257512541211,2,0
papua,0.27571176729889457,0.5995257512541211,2,0
paraguay,0.27571176729889457,0.5995257512541211,2,0
parenthetically,0.27571176729889457,0.5995257512541211,2,0
parliamentarians,0.27571176729889457,0.5995257512541211,2,0
participant,0.27571176729889457,0.5995257512541211,2,0
patronage,0.27571176729889457,0.5995257512541211,2,0
pavel,0.27571176729889457,0.5995257512541211,2,0
peacemaker,0.27571176729889457,0.5995257512541211,2,0
penalties,0.27571176729889457,0.5995257512541211,2,0
pencil,0.27571176729889457,0.5995257512541211,2,0
pensioners,0.27571176729889457,0.5995257512541211,2,0
pentagon,0.27571176729889457,0.5995257512541211,2,0
perfidious,0.27571176729889457,0.5995257512541211,2,0
performance,0.27571176729889457,0.5995257512541211,2,0
performances,0.27571176729889457,0.5995257512541211,2,0
personality,0.27571176729889457,0.5995257512541211,2,0
pertains,0.27571176729889457,0.5995257512541211,2,0
peru,0.27571176729889457,0.5995257512541211,2,0
phenomena,0.27571176729889457,0.5995257512541211,2,0
philosophy,0.27571176729889457,0.5995257512541211,2,0
phosphorous,0.27571176729889457,0.5995257512541211,2,0
photographic,0.27571176729889457,0.5995257512541211,2,0
pin,0.27571176729889457,0.5995257512541211,2,0
platforms,0.27571176729889457,0.5995257512541211,2,0
plight,0.27571176729889457,0.5995257512541211,2,0
plundered,0.27571176729889457,0.5995257512541211,2,0
podolyak,0.27571176729889457,0.5995257512541211,2,0
poems,0.27571176729889457,0.5995257512541211,2,0
pole,0.27571176729889457,0.5995257512541211,2,0
polemical,0.27571176729889457,0.5995257512541211,2,0
polemics,0.27571176729889457,0.5995257512541211,2,0
politicization,0.27571176729889457,0.5995257512541211,2,0
poll,0.27571176729889457,0.5995257512541211,2,0
polls,0.27571176729889457,0.5995257512541211,2,0
portuguese,0.27571176729889457,0.5995257512541211,2,0
praising,0.27571176729889457,0.5995257512541211,2,0
pre-recorded,0.27571176729889457,0.5995257512541211,2,0
predecessor,0.27571176729889457,0.5995257512541211,2,0
predicted,0.27571176729889457,0.5995257512541211,2,0
prejudge,0.27571176729889457,0.5995257512541211,2,0
premise,0.27571176729889457,0.5995257512541211,2,0
prerogatives,0.27571176729889457,0.5995257512541211,2,0
prestige,0.27571176729889457,0.5995257512541211,2,0
presumption,0.27571176729889457,0.5995257512541211,2,0
producer,0.27571176729889457,0.5995257512541211,2,0
produces,0.27571176729889457,0.5995257512541211,2,0
profile,0.27571176729889457,0.5995257512541211,2,0
programme's,0.27571176729889457,0.5995257512541211,2,0
projectiles,0.27571176729889457,0.5995257512541211,2,0
prolonged,0.27571176729889457,0.5995257512541211,2,0
prolonging,0.27571176729889457,0.5995257512541211,2,0
prominent,0.27571176729889457,0.5995257512541211,2,0
propagated,0.27571176729889457,0.5995257512541211,2,0
propositions,0.27571176729889457,0.5995257512541211,2,0
prospect,0.27571176729889457,0.5995257512541211,2,0
protestors,0.27571176729889457,0.5995257512541211,2,0
proudly,0.27571176729889457,0.5995257512541211,2,0
province,0.27571176729889457,0.5995257512541211,2,0
provinces,0.27571176729889457,0.5995257512541211,2,0
publish,0.27571176729889457,0.5995257512541211,2,0
publishing,0.27571176729889457,0.5995257512541211,2,0
pump,0.27571176729889457,0.5995257512541211,2,0
quietly,0.27571176729889457,0.5995257512541211,2,0
racist,0.27571176729889457,0.5995257512541211,2,0
random,0.27571176729889457,0.5995257512541211,2,0
ranging,0.27571176729889457,0.5995257512541211,2,0
raqqa,0.27571176729889457,0.5995257512541211,2,0
ratcheted,0.27571176729889457,0.5995257512541211,2,0
rational,0.27571176729889457,0.5995257512541211,2,0
raw,0.27571176729889457,0.5995257512541211,2,0
reaffirms,0.27571176729889457,0.5995257512541211,2,0
rebuilding,0.27571176729889457,0.5995257512541211,2,0
rebuilt,0.27571176729889457,0.5995257512541211,2,0
reconsider,0.27571176729889457,0.5995257512541211,2,0
recording,0.27571176729889457,0.5995257512541211,2,0
recounted,0.27571176729889457,0.5995257512541211,2,0
referenced,0.27571176729889457,0.5995257512541211,2,0
refraining,0.27571176729889457,0.5995257512541211,2,0
refugee,0.27571176729889457,0.5995257512541211,2,0
refute,0.27571176729889457,0.5995257512541211,2,0
regulating,0.27571176729889457,0.5995257512541211,2,0
relentlessly,0.27571176729889457,0.5995257512541211,2,0
reliably,0.27571176729889457,0.5995257512541211,2,0
relishing,0.27571176729889457,0.5995257512541211,2,0
remembrance,0.27571176729889457,0.5995257512541211,2,0
remiss,0.27571176729889457,0.5995257512541211,2,0
renounced,0.27571176729889457,0.5995257512541211,2,0
reparations,0.27571176729889457,0.5995257512541211,2,0
repercussions,0.27571176729889457,0.5995257512541211,2,0
repudiation,0.27571176729889457,0.5995257512541211,2,0
reread,0.27571176729889457,0.5995257512541211,2,0
residence,0.27571176729889457,0.5995257512541211,2,0
resigned,0.27571176729889457,0.5995257512541211,2,0
responsibly,0.27571176729889457,0.5995257512541211,2,0
restocking,0.27571176729889457,0.5995257512541211,2,0
retains,0.27571176729889457,0.5995257512541211,2,0
retreated,0.27571176729889457,0.5995257512541211,2,0
retrospective,0.27571176729889457,0.5995257512541211,2,0
reunite,0.27571176729889457,0.5995257512541211,2,0
revelations,0.27571176729889457,0.5995257512541211,2,0
revered,0.27571176729889457,0.5995257512541211,2,0
reznikov,0.27571176729889457,0.5995257512541211,2,0
rich,0.27571176729889457,0.5995257512541211,2,0
rigorously,0.27571176729889457,0.5995257512541211,2,0
risked,0.27571176729889457,0.5995257512541211,2,0
rock,0.27571176729889457,0.5995257512541211,2,0
roles,0.27571176729889457,0.5995257512541211,2,0
rubbing,0.27571176729889457,0.5995257512541211,2,0
russophobes,0.27571176729889457,0.5995257512541211,2,0
ruthless,0.27571176729889457,0.5995257512541211,2,0
sacrificed,0.27571176729889457,0.5995257512541211,2,0
samoa,0.27571176729889457,0.5995257512541211,2,0
satisfaction,0.27571176729889457,0.5995257512541211,2,0
scandal,0.27571176729889457,0.5995257512541211,2,0
scared,0.27571176729889457,0.5995257512541211,2,0
scattering,0.27571176729889457,0.5995257512541211,2,0
science,0.27571176729889457,0.5995257512541211,2,0
secede,0.27571176729889457,0.5995257512541211,2,0
second-class,0.27571176729889457,0.5995257512541211,2,0
secretariat's,0.27571176729889457,0.5995257512541211,2,0
secretly,0.27571176729889457,0.5995257512541211,2,0
selectively,0.27571176729889457,0.5995257512541211,2,0
self-governance,0.27571176729889457,0.5995257512541211,2,0
self-governing,0.27571176729889457,0.5995257512541211,2,0
serfdom,0.27571176729889457,0.5995257512541211,2,0
severed,0.27571176729889457,0.5995257512541211,2,0
shaban,0.27571176729889457,0.5995257512541211,2,0
shadow,0.27571176729889457,0.5995257512541211,2,0
shevchenko,0.27571176729889457,0.5995257512541211,2,0
shifting,0.27571176729889457,0.5995257512541211,2,0
shirked,0.27571176729889457,0.5995257512541211,2,0
sich,0.27571176729889457,0.5995257512541211,2,0
sideline,0.27571176729889457,0.5995257512541211,2,0
simonovie's,0.27571176729889457,0.5995257512541211,2,0
simplifying,0.27571176729889457,0.5995257512541211,2,0
singapore,0.27571176729889457,0.5995257512541211,2,0
sketch,0.27571176729889457,0.5995257512541211,2,0
slander,0.27571176729889457,0.5995257512541211,2,0
slightly,0.27571176729889457,0.5995257512541211,2,0
sochi,0.27571176729889457,0.5995257512541211,2,0
southeast,0.27571176729889457,0.5995257512541211,2,0
spared,0.27571176729889457,0.5995257512541211,2,0
specificities,0.27571176729889457,0.5995257512541211,2,0
specimens,0.27571176729889457,0.5995257512541211,2,0
speeches,0.27571176729889457,0.5995257512541211,2,0
spending,0.27571176729889457,0.5995257512541211,2,0
sphere,0.27571176729889457,0.5995257512541211,2,0
spin,0.27571176729889457,0.5995257512541211,2,0
splitting,0.27571176729889457,0.5995257512541211,2,0
stabilizing,0.27571176729889457,0.5995257512541211,2,0
stages,0.27571176729889457,0.5995257512541211,2,0
staggering,0.27571176729889457,0.5995257512541211,2,0
statistic,0.27571176729889457,0.5995257512541211,2,0
stir,0.27571176729889457,0.5995257512541211,2,0
stockpiled,0.27571176729889457,0.5995257512541211,2,0
stocks,0.27571176729889457,0.5995257512541211,2,0
stoking,0.27571176729889457,0.5995257512541211,2,0
stomach,0.27571176729889457,0.5995257512541211,2,0
stoop,0.27571176729889457,0.5995257512541211,2,0
strategists,0.27571176729889457,0.5995257512541211,2,0
stringent,0.27571176729889457,0.5995257512541211,2,0
strive,0.27571176729889457,0.5995257512541211,2,0
strongest,0.27571176729889457,0.5995257512541211,2,0
studies,0.27571176729889457,0.5995257512541211,2,0
stunned,0.27571176729889457,0.5995257512541211,2,0
stunts,0.27571176729889457,0.5995257512541211,2,0
subdivisions,0.27571176729889457,0.5995257512541211,2,0
subjecting,0.27571176729889457,0.5995257512541211,2,0
suit,0.27571176729889457,0.5995257512541211,2,0
suits,0.27571176729889457,0.5995257512541211,2,0
sunk,0.27571176729889457,0.5995257512541211,2,0
superfluous,0.27571176729889457,0.5995257512541211,2,0
supervision,0.27571176729889457,0.5995257512541211,2,0
suppressing,0.27571176729889457,0.5995257512541211,2,0
surfaced,0.27571176729889457,0.5995257512541211,2,0
suriname,0.27571176729889457,0.5995257512541211,2,0
surreptitiously,0.27571176729889457,0.5995257512541211,2,0
surviving,0.27571176729889457,0.5995257512541211,2,0
suspicion,0.27571176729889457,0.5995257512541211,2,0
svoboda,0.27571176729889457,0.5995257512541211,2,0
swept,0.27571176729889457,0.5995257512541211,2,0
sworn,0.27571176729889457,0.5995257512541211,2,0
synonymous,0.27571176729889457,0.5995257512541211,2,0
tabled,0.27571176729889457,0.5995257512541211,2,0
tailor,0.27571176729889457,0.5995257512541211,2,0
takeover,0.27571176729889457,0.5995257512541211,2,0
taras,0.27571176729889457,0.5995257512541211,2,0
tatarstan,0.27571176729889457,0.5995257512541211,2,0
teaching,0.27571176729889457,0.5995257512541211,2,0
tel,0.27571176729889457,0.5995257512541211,2,0
televised,0.27571176729889457,0.5995257512541211,2,0
terminology,0.27571176729889457,0.5995257512541211,2,0
tetiana,0.27571176729889457,0.5995257512541211,2,0
theatrical,0.27571176729889457,0.5995257512541211,2,0
theme,0.27571176729889457,0.5995257512541211,2,0
thirteenth,0.27571176729889457,0.5995257512541211,2,0
thoughtless,0.27571176729889457,0.5995257512541211,2,0
throwing,0.27571176729889457,0.5995257512541211,2,0
thwarted,0.27571176729889457,0.5995257512541211,2,0
tighter,0.27571176729889457,0.5995257512541211,2,0
timed,0.27571176729889457,0.5995257512541211,2,0
timid,0.27571176729889457,0.5995257512541211,2,0
timor-leste,0.27571176729889457,0.5995257512541211,2,0
tiny,0.27571176729889457,0.5995257512541211,2,0
tobago,0.27571176729889457,0.5995257512541211,2,0
toe,0.27571176729889457,0.5995257512541211,2,0
toy,0.27571176729889457,0.5995257512541211,2,0
translation,0.27571176729889457,0.5995257512541211,2,0
trinidad,0.27571176729889457,0.5995257512541211,2,0
troubles,0.27571176729889457,0.5995257512541211,2,0
tune,0.27571176729889457,0.5995257512541211,2,0
tv,0.27571176729889457,0.5995257512541211,2,0
two-faced,0.27571176729889457,0.5995257512541211,2,0
ukraintseva,0.27571176729889457,0.5995257512541211,2,0
ultranationalist,0.27571176729889457,0.5995257512541211,2,0
unattainable,0.27571176729889457,0.5995257512541211,2,0
unbalanced,0.27571176729889457,0.5995257512541211,2,0
uncomfortable,0.27571176729889457,0.5995257512541211,2,0
unconfirmed,0.27571176729889457,0.5995257512541211,2,0
undemocratic,0.27571176729889457,0.5995257512541211,2,0
undeniable,0.27571176729889457,0.5995257512541211,2,0
undercurrents,0.27571176729889457,0.5995257512541211,2,0
unexpectedly,0.27571176729889457,0.5995257512541211,2,0
unidentified,0.27571176729889457,0.5995257512541211,2,0
unleashing,0.27571176729889457,0.5995257512541211,2,0
unlikely,0.27571176729889457,0.5995257512541211,2,0
unquestionably,0.27571176729889457,0.5995257512541211,2,0
unrelated,0.27571176729889457,0.5995257512541211,2,0
unthinkable,0.27571176729889457,0.5995257512541211,2,0
untrue,0.27571176729889457,0.5995257512541211,2,0
unwanted,0.27571176729889457,0.5995257512541211,2,0
uprising,0.27571176729889457,0.5995257512541211,2,0
valiant,0.27571176729889457,0.5995257512541211,2,0
verge,0.27571176729889457,0.5995257512541211,2,0
victoria,0.27571176729889457,0.5995257512541211,2,0
violently,0.27571176729889457,0.5995257512541211,2,0
visitors,0.27571176729889457,0.5995257512541211,2,0
volker,0.27571176729889457,0.5995257512541211,2,0
vovk,0.27571176729889457,0.5995257512541211,2,0
vtc,0.27571176729889457,0.5995257512541211,2,0
walls,0.27571176729889457,0.5995257512541211,2,0
warmly,0.27571176729889457,0.5995257512541211,2,0
warped,0.27571176729889457,0.5995257512541211,2,0
waxed,0.27571176729889457,0.5995257512541211,2,0
weather,0.27571176729889457,0.5995257512541211,2,0
welfare,0.27571176729889457,0.5995257512541211,2,0
well-equipped,0.27571176729889457,0.5995257512541211,2,0
well-trained,0.27571176729889457,0.5995257512541211,2,0
willingly,0.27571176729889457,0.5995257512541211,2,0
wise,0.27571176729889457,0.5995257512541211,2,0
wisely,0.27571176729889457,0.5995257512541211,2,0
wished,0.27571176729889457,0.5995257512541211,2,0
withstand,0.27571176729889457,0.5995257512541211,2,0
wives,0.27571176729889457,0.5995257512541211,2,0
wonderful,0.27571176729889457,0.5995257512541211,2,0
worn,0.27571176729889457,0.5995257512541211,2,0
xenophobic,0.27571176729889457,0.5995257512541211,2,0
yaşar,0.27571176729889457,0.5995257512541211,2,0
yuri,0.27571176729889457,0.5995257512541211,2,0
zakharchenko's,0.27571176729889457,0.5995257512541211,2,0
zealously,0.27571176729889457,0.5995257512541211,2,0
zhorin,0.27571176729889457,0.5995257512541211,2,0
zvezda,0.27571176729889457,0.5995257512541211,2,0
álvarez,0.27571176729889457,0.5995257512541211,2,0
area,0.26691102316725024,0.6054114514647074,58,40
might,0.2618575932192617,0.6088468260851985,26,17
resolve,0.2618575932192617,0.6088468260851985,26,17
history,0.2592333109809968,0.6106473702545526,33,22
country's,0.2583913119372877,0.6112275051517412,16,10
half,0.2583913119372877,0.6112275051517412,16,10
informed,0.2583913119372877,0.6112275051517412,16,10
intelligence,0.2583913119372877,0.6112275051517412,16,10
interview,0.2583913119372877,0.6112275051517412,16,10
save,0.2583913119372877,0.6112275051517412,16,10
convinced,0.24078670095614402,0.6236384944424305,13,8
positive,0.24078670095614402,0.6236384944424305,13,8
recorded,0.24078670095614402,0.6236384944424305,13,8
rest,0.24078670095614402,0.6236384944424305,13,8
lack,0.23878282705140746,0.6250866065376262,23,15
issue,0.23666512738390383,0.6266251795228805,89,63
south,0.23565820362860498,0.6273597278723904,30,20
compliance,0.2269116979301352,0.6338232735707992,10,6
encouraged,0.2269116979301352,0.6338232735707992,10,6
equal,0.2269116979301352,0.6338232735707992,10,6
individuals,0.2269116979301352,0.6338232735707992,10,6
moved,0.2269116979301352,0.6338232735707992,10,6
participated,0.2269116979301352,0.6338232735707992,10,6
powers,0.2269116979301352,0.6338232735707992,10,6
punishment,0.2269116979301352,0.6338232735707992,10,6
secondly,0.2269116979301352,0.6338232735707992,10,6
sides,0.2269116979301352,0.6338232735707992,10,6
voted,0.2269116979301352,0.6338232735707992,10,6
single,0.21610253573686122,0.6420257733009497,34,23
steps,0.21610253573686122,0.6420257733009497,34,23
practice,0.21586074141587638,0.6422120883560054,20,13
february,0.2095603046330464,0.647112251158309,94,67
ever,0.19317222456213776,0.660289413357279,17,11
path,0.19317222456213776,0.660289413357279,17,11
listen,0.18851305600617368,0.664157080082836,24,16
continue,0.1811662161908521,0.6703729225327705,107,77
cases,0.17829894555364198,0.6728391936610937,35,24
policy,0.17829894555364198,0.6728391936610937,35,24
armed,0.178035026306625,0.6730673744498155,222,163
zaporizhzhya,0.1714897012530706,0.6787912425385305,50,35
footage,0.1708685025057245,0.6793410927502121,14,9
syria,0.1708685025057245,0.6793410927502121,14,9
told,0.1708685025057245,0.6793410927502121,14,9
apart,0.16842366377820842,0.6815165640062373,5,2
arbitrary,0.16842366377820842,0.6815165640062373,5,2
blown,0.16842366377820842,0.6815165640062373,5,2
churches,0.16842366377820842,0.6815165640062373,5,2
command,0.16842366377820842,0.6815165640062373,5,2
constructively,0.16842366377820842,0.6815165640062373,5,2
discredit,0.16842366377820842,0.6815165640062373,5,2
eliasson,0.16842366377820842,0.6815165640062373,5,2
enable,0.16842366377820842,0.6815165640062373,5,2
enemies,0.16842366377820842,0.6815165640062373,5,2
europeans,0.16842366377820842,0.6815165640062373,5,2
exploitation,0.16842366377820842,0.6815165640062373,5,2
extermination,0.16842366377820842,0.6815165640062373,5,2
henchmen,0.16842366377820842,0.6815165640062373,5,2
illusion,0.16842366377820842,0.6815165640062373,5,2
improve,0.16842366377820842,0.6815165640062373,5,2
inability,0.16842366377820842,0.6815165640062373,5,2
instructions,0.16842366377820842,0.6815165640062373,5,2
interim,0.16842366377820842,0.6815165640062373,5,2
john,0.16842366377820842,0.6815165640062373,5,2
lay,0.16842366377820842,0.6815165640062373,5,2
limits,0.16842366377820842,0.6815165640062373,5,2
logistics,0.16842366377820842,0.6815165640062373,5,2
movements,0.16842366377820842,0.6815165640062373,5,2
naturally,0.16842366377820842,0.6815165640062373,5,2
nobody,0.16842366377820842,0.6815165640062373,5,2
nonsense,0.16842366377820842,0.6815165640062373,5,2
norway,0.16842366377820842,0.6815165640062373,5,2
object,0.16842366377820842,0.6815165640062373,5,2
operate,0.16842366377820842,0.6815165640062373,5,2
options,0.16842366377820842,0.6815165640062373,5,2
passing,0.16842366377820842,0.6815165640062373,5,2
perpetrated,0.16842366377820842,0.6815165640062373,5,2
piece,0.16842366377820842,0.6815165640062373,5,2
produced,0.16842366377820842,0.6815165640062373,5,2
realized,0.16842366377820842,0.6815165640062373,5,2
revenge,0.16842366377820842,0.6815165640062373,5,2
romania,0.16842366377820842,0.6815165640062373,5,2
satellite,0.16842366377820842,0.6815165640062373,5,2
series,0.16842366377820842,0.6815165640062373,5,2
starving,0.16842366377820842,0.6815165640062373,5,2
stood,0.16842366377820842,0.6815165640062373,5,2
strict,0.16842366377820842,0.6815165640062373,5,2
striking,0.16842366377820842,0.6815165640062373,5,2
substantive,0.16842366377820842,0.6815165640062373,5,2
testify,0.16842366377820842,0.6815165640062373,5,2
thoroughly,0.16842366377820842,0.6815165640062373,5,2
timely,0.16842366377820842,0.6815165640062373,5,2
volunteer,0.16842366377820842,0.6815165640062373,5,2
well-being,0.16842366377820842,0.6815165640062373,5,2
accordance,0.16705145303979058,0.6827456803433296,39,27
development,0.1649430153731185,0.68464578278731,21,14
extremely,0.1649430153731185,0.68464578278731,21,14
seriously,0.1649430153731185,0.68464578278731,21,14
happened,0.1581240318832894,0.6908895803908632,43,30
vote,0.15574865173205463,0.6931011804506702,32,22
use,0.15204895519374986,0.6965849430884268,93,67
activists,0.14926883036995164,0.6992350715938568,11,7
disinformation,0.14926883036995164,0.6992350715938568,11,7
final,0.14926883036995164,0.6992350715938568,11,7
numbers,0.14926883036995164,0.6992350715938568,11,7
personal,0.14926883036995164,0.6992350715938568,11,7
resources,0.14926883036995164,0.6992350715938568,11,7
forced,0.14529865494352778,0.7030692383775257,36,25
cynical,0.14137466328353643,0.7069182175071358,18,12
examples,0.14137466328353643,0.7069182175071358,18,12
home,0.14137466328353643,0.7069182175071358,18,12
apply,0.12918362528544775,0.7192799902136813,8,5
external,0.12918362528544775,0.7192799902136813,8,5
interpretation,0.12918362528544775,0.7192799902136813,8,5
overall,0.12918362528544775,0.7192799902136813,8,5
raped,0.12918362528544775,0.7192799902136813,8,5
1990s,0.12381219519369899,0.7249360802649671,2,1
accelerated,0.12381219519369899,0.7249360802649671,2,1
accuracy,0.12381219519369899,0.7249360802649671,2,1
acquired,0.12381219519369899,0.7249360802649671,2,1
admitting,0.12381219519369899,0.7249360802649671,2,1
aksyonov,0.12381219519369899,0.7249360802649671,2,1
alleviate,0.12381219519369899,0.7249360802649671,2,1
ambulances,0.12381219519369899,0.7249360802649671,2,1
ancient,0.12381219519369899,0.7249360802649671,2,1
announcement,0.12381219519369899,0.7249360802649671,2,1
announcing,0.12381219519369899,0.7249360802649671,2,1
anyway,0.12381219519369899,0.7249360802649671,2,1
apologize,0.12381219519369899,0.7249360802649671,2,1
appealed,0.12381219519369899,0.7249360802649671,2,1
applying,0.12381219519369899,0.7249360802649671,2,1
argued,0.12381219519369899,0.7249360802649671,2,1
arkady,0.12381219519369899,0.7249360802649671,2,1
arose,0.12381219519369899,0.7249360802649671,2,1
arsenals,0.12381219519369899,0.7249360802649671,2,1
asks,0.12381219519369899,0.7249360802649671,2,1
assassination,0.12381219519369899,0.7249360802649671,2,1
audiences,0.12381219519369899,0.7249360802649671,2,1
authoritarian,0.12381219519369899,0.7249360802649671,2,1
award,0.12381219519369899,0.7249360802649671,2,1
babchenko,0.12381219519369899,0.7249360802649671,2,1
badly,0.12381219519369899,0.7249360802649671,2,1
barrel,0.12381219519369899,0.7249360802649671,2,1
bases,0.12381219519369899,0.7249360802649671,2,1
beloved,0.12381219519369899,0.7249360802649671,2,1
bidding,0.12381219519369899,0.7249360802649671,2,1
bill,0.12381219519369899,0.7249360802649671,2,1
bit,0.12381219519369899,0.7249360802649671,2,1
blackmailing,0.12381219519369899,0.7249360802649671,2,1
blockades,0.12381219519369899,0.7249360802649671,2,1
boast,0.12381219519369899,0.7249360802649671,2,1
boasted,0.12381219519369899,0.7249360802649671,2,1
boats,0.12381219519369899,0.7249360802649671,2,1
bothering,0.12381219519369899,0.7249360802649671,2,1
bought,0.12381219519369899,0.7249360802649671,2,1
boundaries,0.12381219519369899,0.7249360802649671,2,1
breaking,0.12381219519369899,0.7249360802649671,2,1
broadcasting,0.12381219519369899,0.7249360802649671,2,1
broadcasts,0.12381219519369899,0.7249360802649671,2,1
bunch,0.12381219519369899,0.7249360802649671,2,1
calibres,0.12381219519369899,0.7249360802649671,2,1
cargoes,0.12381219519369899,0.7249360802649671,2,1
cell,0.12381219519369899,0.7249360802649671,2,1
chairman,0.12381219519369899,0.7249360802649671,2,1
characteristic,0.12381219519369899,0.7249360802649671,2,1
chicago,0.12381219519369899,0.7249360802649671,2,1
choices,0.12381219519369899,0.7249360802649671,2,1
clip,0.12381219519369899,0.7249360802649671,2,1
closest,0.12381219519369899,0.7249360802649671,2,1
coincided,0.12381219519369899,0.7249360802649671,2,1
collectively,0.12381219519369899,0.7249360802649671,2,1
commonwealth,0.12381219519369899,0.7249360802649671,2,1
conditional,0.12381219519369899,0.7249360802649671,2,1
confessed,0.12381219519369899,0.7249360802649671,2,1
confused,0.12381219519369899,0.7249360802649671,2,1
consciously,0.12381219519369899,0.7249360802649671,2,1
consumers,0.12381219519369899,0.7249360802649671,2,1
contradict,0.12381219519369899,0.7249360802649671,2,1
conventional,0.12381219519369899,0.7249360802649671,2,1
costa,0.12381219519369899,0.7249360802649671,2,1
councils,0.12381219519369899,0.7249360802649671,2,1
critically,0.12381219519369899,0.7249360802649671,2,1
curriculum,0.12381219519369899,0.7249360802649671,2,1
customers,0.12381219519369899,0.7249360802649671,2,1
dare,0.12381219519369899,0.7249360802649671,2,1
dark,0.12381219519369899,0.7249360802649671,2,1
decreased,0.12381219519369899,0.7249360802649671,2,1
defeats,0.12381219519369899,0.7249360802649671,2,1
defended,0.12381219519369899,0.7249360802649671,2,1
depends,0.12381219519369899,0.7249360802649671,2,1
depot,0.12381219519369899,0.7249360802649671,2,1
depths,0.12381219519369899,0.7249360802649671,2,1
deputies,0.12381219519369899,0.7249360802649671,2,1
deserves,0.12381219519369899,0.7249360802649671,2,1
detonation,0.12381219519369899,0.7249360802649671,2,1
devices,0.12381219519369899,0.7249360802649671,2,1
disappointed,0.12381219519369899,0.7249360802649671,2,1
disconnected,0.12381219519369899,0.7249360802649671,2,1
disgusting,0.12381219519369899,0.7249360802649671,2,1
displaying,0.12381219519369899,0.7249360802649671,2,1
distinguished,0.12381219519369899,0.7249360802649671,2,1
dnipropetrovsk,0.12381219519369899,0.7249360802649671,2,1
dobkin,0.12381219519369899,0.7249360802649671,2,1
dragging,0.12381219519369899,0.7249360802649671,2,1
dreadful,0.12381219519369899,0.7249360802649671,2,1
dream,0.12381219519369899,0.7249360802649671,2,1
drown,0.12381219519369899,0.7249360802649671,2,1
duly,0.12381219519369899,0.7249360802649671,2,1
e,0.12381219519369899,0.7249360802649671,2,1
eagerly,0.12381219519369899,0.7249360802649671,2,1
empire,0.12381219519369899,0.7249360802649671,2,1
encourages,0.12381219519369899,0.7249360802649671,2,1
energodar,0.12381219519369899,0.7249360802649671,2,1
engineering,0.12381219519369899,0.7249360802649671,2,1
enjoyed,0.12381219519369899,0.7249360802649671,2,1
entry,0.12381219519369899,0.7249360802649671,2,1
equivalent,0.12381219519369899,0.7249360802649671,2,1
erased,0.12381219519369899,0.7249360802649671,2,1
escalated,0.12381219519369899,0.7249360802649671,2,1
evacuating,0.12381219519369899,0.7249360802649671,2,1
exceptional,0.12381219519369899,0.7249360802649671,2,1
expectations,0.12381219519369899,0.7249360802649671,2,1
expelled,0.12381219519369899,0.7249360802649671,2,1
exploit,0.12381219519369899,0.7249360802649671,2,1
exporters,0.12381219519369899,0.7249360802649671,2,1
extract,0.12381219519369899,0.7249360802649671,2,1
failures,0.12381219519369899,0.7249360802649671,2,1
fairy,0.12381219519369899,0.7249360802649671,2,1
fan,0.12381219519369899,0.7249360802649671,2,1
fed,0.12381219519369899,0.7249360802649671,2,1
federalization,0.12381219519369899,0.7249360802649671,2,1
first-hand,0.12381219519369899,0.7249360802649671,2,1
flames,0.12381219519369899,0.7249360802649671,2,1
flood,0.12381219519369899,0.7249360802649671,2,1
forever,0.12381219519369899,0.7249360802649671,2,1
forge,0.12381219519369899,0.7249360802649671,2,1
formally,0.12381219519369899,0.7249360802649671,2,1
formulated,0.12381219519369899,0.7249360802649671,2,1
freeing,0.12381219519369899,0.7249360802649671,2,1
funded,0.12381219519369899,0.7249360802649671,2,1
gang,0.12381219519369899,0.7249360802649671,2,1
generating,0.12381219519369899,0.7249360802649671,2,1
genesis,0.12381219519369899,0.7249360802649671,2,1
gladly,0.12381219519369899,0.7249360802649671,2,1
glance,0.12381219519369899,0.7249360802649671,2,1
golden,0.12381219519369899,0.7249360802649671,2,1
goodwill,0.12381219519369899,0.7249360802649671,2,1
grandfathers,0.12381219519369899,0.7249360802649671,2,1
guardian,0.12381219519369899,0.7249360802649671,2,1
guests,0.12381219519369899,0.7249360802649671,2,1
harvested,0.12381219519369899,0.7249360802649671,2,1
hastily,0.12381219519369899,0.7249360802649671,2,1
heated,0.12381219519369899,0.7249360802649671,2,1
hesitate,0.12381219519369899,0.7249360802649671,2,1
hidden,0.12381219519369899,0.7249360802649671,2,1
high-profile,0.12381219519369899,0.7249360802649671,2,1
hinder,0.12381219519369899,0.7249360802649671,2,1
holes,0.12381219519369899,0.7249360802649671,2,1
holy,0.12381219519369899,0.7249360802649671,2,1
host,0.12381219519369899,0.7249360802649671,2,1
hostomel,0.12381219519369899,0.7249360802649671,2,1
hourglass,0.12381219519369899,0.7249360802649671,2,1
ignores,0.12381219519369899,0.7249360802649671,2,1
impossibility,0.12381219519369899,0.7249360802649671,2,1
inalienable,0.12381219519369899,0.7249360802649671,2,1
incessant,0.12381219519369899,0.7249360802649671,2,1
incite,0.12381219519369899,0.7249360802649671,2,1
inclusion,0.12381219519369899,0.7249360802649671,2,1
indefinitely,0.12381219519369899,0.7249360802649671,2,1
inhabited,0.12381219519369899,0.7249360802649671,2,1
inspired,0.12381219519369899,0.7249360802649671,2,1
insulting,0.12381219519369899,0.7249360802649671,2,1
intensification,0.12381219519369899,0.7249360802649671,2,1
interpret,0.12381219519369899,0.7249360802649671,2,1
interruptions,0.12381219519369899,0.7249360802649671,2,1
intolerance,0.12381219519369899,0.7249360802649671,2,1
invented,0.12381219519369899,0.7249360802649671,2,1
jail,0.12381219519369899,0.7249360802649671,2,1
jan,0.12381219519369899,0.7249360802649671,2,1
japan,0.12381219519369899,0.7249360802649671,2,1
kehris,0.12381219519369899,0.7249360802649671,2,1
kernes,0.12381219519369899,0.7249360802649671,2,1
kirill,0.12381219519369899,0.7249360802649671,2,1
labelling,0.12381219519369899,0.7249360802649671,2,1
lacking,0.12381219519369899,0.7249360802649671,2,1
landmine,0.12381219519369899,0.7249360802649671,2,1
launcher,0.12381219519369899,0.7249360802649671,2,1
lavra,0.12381219519369899,0.7249360802649671,2,1
letters,0.12381219519369899,0.7249360802649671,2,1
likes,0.12381219519369899,0.7249360802649671,2,1
looked,0.12381219519369899,0.7249360802649671,2,1
lower,0.12381219519369899,0.7249360802649671,2,1
lucky,0.12381219519369899,0.7249360802649671,2,1
manoeuvre,0.12381219519369899,0.7249360802649671,2,1
mask,0.12381219519369899,0.7249360802649671,2,1
maxim,0.12381219519369899,0.7249360802649671,2,1
mercy,0.12381219519369899,0.7249360802649671,2,1
milošević,0.12381219519369899,0.7249360802649671,2,1
mindset,0.12381219519369899,0.7249360802649671,2,1
ministerial,0.12381219519369899,0.7249360802649671,2,1
mykhailo,0.12381219519369899,0.7249360802649671,2,1
myths,0.12381219519369899,0.7249360802649671,2,1
neighbourly,0.12381219519369899,0.7249360802649671,2,1
neocolonial,0.12381219519369899,0.7249360802649671,2,1
non-stop,0.12381219519369899,0.7249360802649671,2,1
nowadays,0.12381219519369899,0.7249360802649671,2,1
obligated,0.12381219519369899,0.7249360802649671,2,1
observing,0.12381219519369899,0.7249360802649671,2,1
offers,0.12381219519369899,0.7249360802649671,2,1
olga,0.12381219519369899,0.7249360802649671,2,1
operated,0.12381219519369899,0.7249360802649671,2,1
orientation,0.12381219519369899,0.7249360802649671,2,1
orphanage,0.12381219519369899,0.7249360802649671,2,1
packages,0.12381219519369899,0.7249360802649671,2,1
partial,0.12381219519369899,0.7249360802649671,2,1
patients,0.12381219519369899,0.7249360802649671,2,1
patrol,0.12381219519369899,0.7249360802649671,2,1
patrols,0.12381219519369899,0.7249360802649671,2,1
pauses,0.12381219519369899,0.7249360802649671,2,1
phones,0.12381219519369899,0.7249360802649671,2,1
pleasure,0.12381219519369899,0.7249360802649671,2,1
pointed,0.12381219519369899,0.7249360802649671,2,1
pointing,0.12381219519369899,0.7249360802649671,2,1
poured,0.12381219519369899,0.7249360802649671,2,1
praying,0.12381219519369899,0.7249360802649671,2,1
precision,0.12381219519369899,0.7249360802649671,2,1
pregnant,0.12381219519369899,0.7249360802649671,2,1
proclamation,0.12381219519369899,0.7249360802649671,2,1
product,0.12381219519369899,0.7249360802649671,2,1
prohibits,0.12381219519369899,0.7249360802649671,2,1
promising,0.12381219519369899,0.7249360802649671,2,1
prompt,0.12381219519369899,0.7249360802649671,2,1
prosecuted,0.12381219519369899,0.7249360802649671,2,1
prosecutions,0.12381219519369899,0.7249360802649671,2,1
provocateurs,0.12381219519369899,0.7249360802649671,2,1
prst,0.12381219519369899,0.7249360802649671,2,1
przewodów,0.12381219519369899,0.7249360802649671,2,1
publication,0.12381219519369899,0.7249360802649671,2,1
publications,0.12381219519369899,0.7249360802649671,2,1
pursuit,0.12381219519369899,0.7249360802649671,2,1
quiet,0.12381219519369899,0.7249360802649671,2,1
ran,0.12381219519369899,0.7249360802649671,2,1
razing,0.12381219519369899,0.7249360802649671,2,1
receives,0.12381219519369899,0.7249360802649671,2,1
reconciliation,0.12381219519369899,0.7249360802649671,2,1
recruited,0.12381219519369899,0.7249360802649671,2,1
recruiting,0.12381219519369899,0.7249360802649671,2,1
regained,0.12381219519369899,0.7249360802649671,2,1
regiment,0.12381219519369899,0.7249360802649671,2,1
reinstatement,0.12381219519369899,0.7249360802649671,2,1
religion,0.12381219519369899,0.7249360802649671,2,1
reminds,0.12381219519369899,0.7249360802649671,2,1
reproach,0.12381219519369899,0.7249360802649671,2,1
requesting,0.12381219519369899,0.7249360802649671,2,1
residences,0.12381219519369899,0.7249360802649671,2,1
residency,0.12381219519369899,0.7249360802649671,2,1
rica,0.12381219519369899,0.7249360802649671,2,1
risen,0.12381219519369899,0.7249360802649671,2,1
rot,0.12381219519369899,0.7249360802649671,2,1
rounds,0.12381219519369899,0.7249360802649671,2,1
scenarios,0.12381219519369899,0.7249360802649671,2,1
scrutiny,0.12381219519369899,0.7249360802649671,2,1
senses,0.12381219519369899,0.7249360802649671,2,1
sensitive,0.12381219519369899,0.7249360802649671,2,1
serial,0.12381219519369899,0.7249360802649671,2,1
settled,0.12381219519369899,0.7249360802649671,2,1
shamefully,0.12381219519369899,0.7249360802649671,2,1
shock,0.12381219519369899,0.7249360802649671,2,1
signatures,0.12381219519369899,0.7249360802649671,2,1
somewhat,0.12381219519369899,0.7249360802649671,2,1
sounding,0.12381219519369899,0.7249360802649671,2,1
southeastern,0.12381219519369899,0.7249360802649671,2,1
statehood,0.12381219519369899,0.7249360802649671,2,1
steinmeier,0.12381219519369899,0.7249360802649671,2,1
stick,0.12381219519369899,0.7249360802649671,2,1
stopping,0.12381219519369899,0.7249360802649671,2,1
subgroups,0.12381219519369899,0.7249360802649671,2,1
substantial,0.12381219519369899,0.7249360802649671,2,1
succeeded,0.12381219519369899,0.7249360802649671,2,1
suggests,0.12381219519369899,0.7249360802649671,2,1
superiority,0.12381219519369899,0.7249360802649671,2,1
survive,0.12381219519369899,0.7249360802649671,2,1
suspected,0.12381219519369899,0.7249360802649671,2,1
teachers,0.12381219519369899,0.7249360802649671,2,1
telegram,0.12381219519369899,0.7249360802649671,2,1
terrifying,0.12381219519369899,0.7249360802649671,2,1
testified,0.12381219519369899,0.7249360802649671,2,1
testifies,0.12381219519369899,0.7249360802649671,2,1
traumatic,0.12381219519369899,0.7249360802649671,2,1
treat,0.12381219519369899,0.7249360802649671,2,1
trips,0.12381219519369899,0.7249360802649671,2,1
unanimous,0.12381219519369899,0.7249360802649671,2,1
unaware,0.12381219519369899,0.7249360802649671,2,1
unbearable,0.12381219519369899,0.7249360802649671,2,1
unblock,0.12381219519369899,0.7249360802649671,2,1
unchecked,0.12381219519369899,0.7249360802649671,2,1
undergo,0.12381219519369899,0.7249360802649671,2,1
uninterrupted,0.12381219519369899,0.7249360802649671,2,1
unlimited,0.12381219519369899,0.7249360802649671,2,1
unpleasant,0.12381219519369899,0.7249360802649671,2,1
venezuela,0.12381219519369899,0.7249360802649671,2,1
venture,0.12381219519369899,0.7249360802649671,2,1
vetoed,0.12381219519369899,0.7249360802649671,2,1
viewed,0.12381219519369899,0.7249360802649671,2,1
voices,0.12381219519369899,0.7249360802649671,2,1
von,0.12381219519369899,0.7249360802649671,2,1
walking,0.12381219519369899,0.7249360802649671,2,1
warriors,0.12381219519369899,0.7249360802649671,2,1
wedge,0.12381219519369899,0.7249360802649671,2,1
weigh,0.12381219519369899,0.7249360802649671,2,1
westerners,0.12381219519369899,0.7249360802649671,2,1
wretched,0.12381219519369899,0.7249360802649671,2,1
writers,0.12381219519369899,0.7249360802649671,2,1
yanukovych's,0.12381219519369899,0.7249360802649671,2,1
yuriy,0.12381219519369899,0.7249360802649671,2,1
zealand,0.12381219519369899,0.7249360802649671,2,1
presidential,0.12336167503366027,0.7254167000541774,22,15
gave,0.11780799955598469,0.7314241587933985,15,10
potential,0.11780799955598469,0.7314241587933985,15,10
resume,0.11780799955598469,0.7314241587933985,15,10
achieving,0.11344934766292791,0.7362507652696114,5,3
adjacent,0.11344934766292791,0.7362507652696114,5,3
affirmed,0.11344934766292791,0.7362507652696114,5,3
airspace,0.11344934766292791,0.7362507652696114,5,3
ambitions,0.11344934766292791,0.7362507652696114,5,3
baltic,0.11344934766292791,0.7362507652696114,5,3
canada,0.11344934766292791,0.7362507652696114,5,3
chemical,0.11344934766292791,0.7362507652696114,5,3
concealing,0.11344934766292791,0.7362507652696114,5,3
constitutes,0.11344934766292791,0.7362507652696114,5,3
coordinated,0.11344934766292791,0.7362507652696114,5,3
cultural,0.11344934766292791,0.7362507652696114,5,3
de,0.11344934766292791,0.7362507652696114,5,3
decide,0.11344934766292791,0.7362507652696114,5,3
detainees,0.11344934766292791,0.7362507652696114,5,3
doubts,0.11344934766292791,0.7362507652696114,5,3
dubious,0.11344934766292791,0.7362507652696114,5,3
ensured,0.11344934766292791,0.7362507652696114,5,3
explicitly,0.11344934766292791,0.7362507652696114,5,3
extension,0.11344934766292791,0.7362507652696114,5,3
feeling,0.11344934766292791,0.7362507652696114,5,3
forms,0.11344934766292791,0.7362507652696114,5,3
forth,0.11344934766292791,0.7362507652696114,5,3
forum,0.11344934766292791,0.7362507652696114,5,3
growth,0.11344934766292791,0.7362507652696114,5,3
iaea,0.11344934766292791,0.7362507652696114,5,3
image,0.11344934766292791,0.7362507652696114,5,3
kremenchuk,0.11344934766292791,0.7362507652696114,5,3
named,0.11344934766292791,0.7362507652696114,5,3
negotiating,0.11344934766292791,0.7362507652696114,5,3
observer,0.11344934766292791,0.7362507652696114,5,3
opportunities,0.11344934766292791,0.7362507652696114,5,3
prisons,0.11344934766292791,0.7362507652696114,5,3
protest,0.11344934766292791,0.7362507652696114,5,3
reminded,0.11344934766292791,0.7362507652696114,5,3
secretary-general's,0.11344934766292791,0.7362507652696114,5,3
succeed,0.11344934766292791,0.7362507652696114,5,3
survived,0.11344934766292791,0.7362507652696114,5,3
thorough,0.11344934766292791,0.7362507652696114,5,3
nature,0.111350081317002,0.7386122917857207,26,18
main,0.11103156586304666,0.7389727554061787,41,29
appropriate,0.09424302400904638,0.7588507806004116,12,8
consultations,0.09424302400904638,0.7588507806004116,12,8
false,0.09424302400904638,0.7588507806004116,12,8
inhumane,0.09424302400904638,0.7588507806004116,12,8
sanctions,0.08242439767295158,0.7740384355410983,27,19
neither,0.07785926324165768,0.7802197086003009,16,11
suffered,0.07785926324165768,0.7802197086003009,16,11
arguments,0.07462960382083264,0.7847116294409786,6,3
condemning,0.07462960382083264,0.7847116294409786,6,3
confirmation,0.07462960382083264,0.7847116294409786,6,3
conscience,0.07462960382083264,0.7847116294409786,6,3
continuation,0.07462960382083264,0.7847116294409786,6,3
deploy,0.07462960382083264,0.7847116294409786,6,3
detailed,0.07462960382083264,0.7847116294409786,6,3
dictatorship,0.07462960382083264,0.7847116294409786,6,3
gives,0.07462960382083264,0.7847116294409786,6,3
headquarters,0.07462960382083264,0.7847116294409786,6,3
high-ranking,0.07462960382083264,0.7847116294409786,6,3
intentionally,0.07462960382083264,0.7847116294409786,6,3
inviting,0.07462960382083264,0.7847116294409786,6,3
law-enforcement,0.07462960382083264,0.7847116294409786,6,3
logical,0.07462960382083264,0.7847116294409786,6,3
nationality,0.07462960382083264,0.7847116294409786,6,3
poroshenko's,0.07462960382083264,0.7847116294409786,6,3
provoking,0.07462960382083264,0.7847116294409786,6,3
raise,0.07462960382083264,0.7847116294409786,6,3
respected,0.07462960382083264,0.7847116294409786,6,3
sacrifice,0.07462960382083264,0.7847116294409786,6,3
shocking,0.07462960382083264,0.7847116294409786,6,3
solve,0.07462960382083264,0.7847116294409786,6,3
suggest,0.07462960382083264,0.7847116294409786,6,3
summer,0.07462960382083264,0.7847116294409786,6,3
theatre,0.07462960382083264,0.7847116294409786,6,3
transparency,0.07462960382083264,0.7847116294409786,6,3
unfolding,0.07462960382083264,0.7847116294409786,6,3
deployment,0.07067973646133065,0.7903496439029967,9,6
deprived,0.07067973646133065,0.7903496439029967,9,6
listening,0.07067973646133065,0.7903496439029967,9,6
paris,0.07067973646133065,0.7903496439029967,9,6
possibility,0.07067973646133065,0.7903496439029967,9,6
quickly,0.07067973646133065,0.7903496439029967,9,6
root,0.07067973646133065,0.7903496439029967,9,6
subsequently,0.07067973646133065,0.7903496439029967,9,6
systematic,0.07067973646133065,0.7903496439029967,9,6
vladimir,0.07067973646133065,0.7903496439029967,9,6
trilateral,0.06857081752907122,0.793429146660233,20,14
concerned,0.05886321873021776,0.8083017751820835,28,20
abandoned,0.05672304864562782,0.8117523382151134,3,1
accurate,0.05672304864562782,0.8117523382151134,3,1
appearance,0.05672304864562782,0.8117523382151134,3,1
artificially,0.05672304864562782,0.8117523382151134,3,1
assumption,0.05672304864562782,0.8117523382151134,3,1
assure,0.05672304864562782,0.8117523382151134,3,1
audience,0.05672304864562782,0.8117523382151134,3,1
avoided,0.05672304864562782,0.8117523382151134,3,1
barriers,0.05672304864562782,0.8117523382151134,3,1
battles,0.05672304864562782,0.8117523382151134,3,1
beings,0.05672304864562782,0.8117523382151134,3,1
biological,0.05672304864562782,0.8117523382151134,3,1
bottom,0.05672304864562782,0.8117523382151134,3,1
brands,0.05672304864562782,0.8117523382151134,3,1
card,0.05672304864562782,0.8117523382151134,3,1
cement,0.05672304864562782,0.8117523382151134,3,1
choosing,0.05672304864562782,0.8117523382151134,3,1
closing,0.05672304864562782,0.8117523382151134,3,1
colonial,0.05672304864562782,0.8117523382151134,3,1
communist,0.05672304864562782,0.8117523382151134,3,1
comparison,0.05672304864562782,0.8117523382151134,3,1
confessions,0.05672304864562782,0.8117523382151134,3,1
confuse,0.05672304864562782,0.8117523382151134,3,1
considerable,0.05672304864562782,0.8117523382151134,3,1
constituent,0.05672304864562782,0.8117523382151134,3,1
cursory,0.05672304864562782,0.8117523382151134,3,1
deceived,0.05672304864562782,0.8117523382151134,3,1
decency,0.05672304864562782,0.8117523382151134,3,1
declare,0.05672304864562782,0.8117523382151134,3,1
delaying,0.05672304864562782,0.8117523382151134,3,1
deleted,0.05672304864562782,0.8117523382151134,3,1
delusional,0.05672304864562782,0.8117523382151134,3,1
demonstrators,0.05672304864562782,0.8117523382151134,3,1
department,0.05672304864562782,0.8117523382151134,3,1
deprivation,0.05672304864562782,0.8117523382151134,3,1
disappearance,0.05672304864562782,0.8117523382151134,3,1
disappeared,0.05672304864562782,0.8117523382151134,3,1
distributed,0.05672304864562782,0.8117523382151134,3,1
downed,0.05672304864562782,0.8117523382151134,3,1
drove,0.05672304864562782,0.8117523382151134,3,1
dual,0.05672304864562782,0.8117523382151134,3,1
ears,0.05672304864562782,0.8117523382151134,3,1
economically,0.05672304864562782,0.8117523382151134,3,1
elite,0.05672304864562782,0.8117523382151134,3,1
emerging,0.05672304864562782,0.8117523382151134,3,1
equipped,0.05672304864562782,0.8117523382151134,3,1
evening,0.05672304864562782,0.8117523382151134,3,1
exceeded,0.05672304864562782,0.8117523382151134,3,1
excellency,0.05672304864562782,0.8117523382151134,3,1
extending,0.05672304864562782,0.8117523382151134,3,1
extensive,0.05672304864562782,0.8117523382151134,3,1
f,0.05672304864562782,0.8117523382151134,3,1
facilitated,0.05672304864562782,0.8117523382151134,3,1
factor,0.05672304864562782,0.8117523382151134,3,1
fault,0.05672304864562782,0.8117523382151134,3,1
finger,0.05672304864562782,0.8117523382151134,3,1
floors,0.05672304864562782,0.8117523382151134,3,1
formation,0.05672304864562782,0.8117523382151134,3,1
founding,0.05672304864562782,0.8117523382151134,3,1
freed,0.05672304864562782,0.8117523382151134,3,1
generate,0.05672304864562782,0.8117523382151134,3,1
grossi,0.05672304864562782,0.8117523382151134,3,1
guidelines,0.05672304864562782,0.8117523382151134,3,1
heroic,0.05672304864562782,0.8117523382151134,3,1
horror,0.05672304864562782,0.8117523382151134,3,1
ignorance,0.05672304864562782,0.8117523382151134,3,1
imaginary,0.05672304864562782,0.8117523382151134,3,1
insignia,0.05672304864562782,0.8117523382151134,3,1
insist,0.05672304864562782,0.8117523382151134,3,1
installations,0.05672304864562782,0.8117523382151134,3,1
instruments,0.05672304864562782,0.8117523382151134,3,1
intensity,0.05672304864562782,0.8117523382151134,3,1
investment,0.05672304864562782,0.8117523382151134,3,1
italian,0.05672304864562782,0.8117523382151134,3,1
kazakhstan,0.05672304864562782,0.8117523382151134,3,1
landmines,0.05672304864562782,0.8117523382151134,3,1
long-suffering,0.05672304864562782,0.8117523382151134,3,1
loot,0.05672304864562782,0.8117523382151134,3,1
manifestations,0.05672304864562782,0.8117523382151134,3,1
marginal,0.05672304864562782,0.8117523382151134,3,1
masks,0.05672304864562782,0.8117523382151134,3,1
medicine,0.05672304864562782,0.8117523382151134,3,1
memorial,0.05672304864562782,0.8117523382151134,3,1
methodically,0.05672304864562782,0.8117523382151134,3,1
migration,0.05672304864562782,0.8117523382151134,3,1
milestone,0.05672304864562782,0.8117523382151134,3,1
militaristic,0.05672304864562782,0.8117523382151134,3,1
minors,0.05672304864562782,0.8117523382151134,3,1
misinformation,0.05672304864562782,0.8117523382151134,3,1
mistaken,0.05672304864562782,0.8117523382151134,3,1
molotov,0.05672304864562782,0.8117523382151134,3,1
mourn,0.05672304864562782,0.8117523382151134,3,1
mrs,0.05672304864562782,0.8117523382151134,3,1
mueller,0.05672304864562782,0.8117523382151134,3,1
murdered,0.05672304864562782,0.8117523382151134,3,1
murdering,0.05672304864562782,0.8117523382151134,3,1
narratives,0.05672304864562782,0.8117523382151134,3,1
nearby,0.05672304864562782,0.8117523382151134,3,1
newspaper,0.05672304864562782,0.8117523382151134,3,1
nord,0.05672304864562782,0.8117523382151134,3,1
obstruction,0.05672304864562782,0.8117523382151134,3,1
oleh,0.05672304864562782,0.8117523382151134,3,1
oppose,0.05672304864562782,0.8117523382151134,3,1
overlooked,0.05672304864562782,0.8117523382151134,3,1
paint,0.05672304864562782,0.8117523382151134,3,1
pathetic,0.05672304864562782,0.8117523382151134,3,1
patten,0.05672304864562782,0.8117523382151134,3,1
perspective,0.05672304864562782,0.8117523382151134,3,1
pleased,0.05672304864562782,0.8117523382151134,3,1
portraits,0.05672304864562782,0.8117523382151134,3,1
positioned,0.05672304864562782,0.8117523382151134,3,1
presents,0.05672304864562782,0.8117523382151134,3,1
proceedings,0.05672304864562782,0.8117523382151134,3,1
proportion,0.05672304864562782,0.8117523382151134,3,1
proving,0.05672304864562782,0.8117523382151134,3,1
purview,0.05672304864562782,0.8117523382151134,3,1
rapes,0.05672304864562782,0.8117523382151134,3,1
rapists,0.05672304864562782,0.8117523382151134,3,1
reaffirm,0.05672304864562782,0.8117523382151134,3,1
recommend,0.05672304864562782,0.8117523382151134,3,1
refers,0.05672304864562782,0.8117523382151134,3,1
replace,0.05672304864562782,0.8117523382151134,3,1
reporters,0.05672304864562782,0.8117523382151134,3,1
represented,0.05672304864562782,0.8117523382151134,3,1
rightly,0.05672304864562782,0.8117523382151134,3,1
saboteurs,0.05672304864562782,0.8117523382151134,3,1
satisfied,0.05672304864562782,0.8117523382151134,3,1
schemes,0.05672304864562782,0.8117523382151134,3,1
seventh,0.05672304864562782,0.8117523382151134,3,1
shocked,0.05672304864562782,0.8117523382151134,3,1
solving,0.05672304864562782,0.8117523382151134,3,1
stabilize,0.05672304864562782,0.8117523382151134,3,1
stirring,0.05672304864562782,0.8117523382151134,3,1
stored,0.05672304864562782,0.8117523382151134,3,1
study,0.05672304864562782,0.8117523382151134,3,1
successfully,0.05672304864562782,0.8117523382151134,3,1
surrounded,0.05672304864562782,0.8117523382151134,3,1
syrian,0.05672304864562782,0.8117523382151134,3,1
systemic,0.05672304864562782,0.8117523382151134,3,1
tank,0.05672304864562782,0.8117523382151134,3,1
teleconference,0.05672304864562782,0.8117523382151134,3,1
tension,0.05672304864562782,0.8117523382151134,3,1
throw,0.05672304864562782,0.8117523382151134,3,1
transformed,0.05672304864562782,0.8117523382151134,3,1
travelled,0.05672304864562782,0.8117523382151134,3,1
turkish,0.05672304864562782,0.8117523382151134,3,1
undertook,0.05672304864562782,0.8117523382151134,3,1
uniforms,0.05672304864562782,0.8117523382151134,3,1
unnecessary,0.05672304864562782,0.8117523382151134,3,1
utterly,0.05672304864562782,0.8117523382151134,3,1
video-teleconference,0.05672304864562782,0.8117523382151134,3,1
visible,0.05672304864562782,0.8117523382151134,3,1
waited,0.05672304864562782,0.8117523382151134,3,1
witnessing,0.05672304864562782,0.8117523382151134,3,1
yasynuvata,0.05672304864562782,0.8117523382151134,3,1
conditions,0.056186492471491975,0.8126281629672071,32,23
civilized,0.05566626640354751,0.8134815593233011,13,9
maintaining,0.05566626640354751,0.8134815593233011,13,9
please,0.05566626640354751,0.8134815593233011,13,9
regret,0.05566626640354751,0.8134815593233011,13,9
stand,0.05566626640354751,0.8134815593233011,13,9
tortured,0.05566626640354751,0.8134815593233011,13,9
achieve,0.04830972439648919,0.826031022252052,17,12
attempted,0.04830972439648919,0.826031022252052,17,12
acknowledged,0.04711813673147261,0.8281560336302103,6,4
advisers,0.04711813673147261,0.8281560336302103,6,4
antónio,0.04711813673147261,0.8281560336302103,6,4
changing,0.04711813673147261,0.8281560336302103,6,4
china,0.04711813673147261,0.8281560336302103,6,4
demanding,0.04711813673147261,0.8281560336302103,6,4
estimates,0.04711813673147261,0.8281560336302103,6,4
extend,0.04711813673147261,0.8281560336302103,6,4
famous,0.04711813673147261,0.8281560336302103,6,4
fascists,0.04711813673147261,0.8281560336302103,6,4
felt,0.04711813673147261,0.8281560336302103,6,4
flooded,0.04711813673147261,0.8281560336302103,6,4
gathered,0.04711813673147261,0.8281560336302103,6,4
helping,0.04711813673147261,0.8281560336302103,6,4
intentions,0.04711813673147261,0.8281560336302103,6,4
low,0.04711813673147261,0.8281560336302103,6,4
minute,0.04711813673147261,0.8281560336302103,6,4
page,0.04711813673147261,0.8281560336302103,6,4
prisoner,0.04711813673147261,0.8281560336302103,6,4
reaching,0.04711813673147261,0.8281560336302103,6,4
represents,0.04711813673147261,0.8281560336302103,6,4
shared,0.04711813673147261,0.8281560336302103,6,4
staff,0.04711813673147261,0.8281560336302103,6,4
threaten,0.04711813673147261,0.8281560336302103,6,4
tries,0.04711813673147261,0.8281560336302103,6,4
uncontrolled,0.04711813673147261,0.8281560336302103,6,4
representative,0.04487663384511595,0.8322310357387119,146,109
common,0.04414361865163395,0.8335866376445055,21,15
reaction,0.04414361865163395,0.8335866376445055,21,15
humanitarian,0.04155390709020936,0.8384724734246012,196,147
happy,0.034281233637215636,0.8531098789299709,10,7
imagine,0.034281233637215636,0.8531098789299709,10,7
intended,0.034281233637215636,0.8531098789299709,10,7
managed,0.034281233637215636,0.8531098789299709,10,7
private,0.034281233637215636,0.8531098789299709,10,7
protesters,0.034281233637215636,0.8531098789299709,10,7
provision,0.034281233637215636,0.8531098789299709,10,7
space,0.034281233637215636,0.8531098789299709,10,7
speech,0.034281233637215636,0.8531098789299709,10,7
voting,0.034281233637215636,0.8531098789299709,10,7
worth,0.034281233637215636,0.8531098789299709,10,7
soldiers,0.030168584708702408,0.8621082629463612,70,52
receive,0.029426549272090825,0.863797857248859,14,10
like,0.028773328942059716,0.8653034645791421,240,181
accident,0.027830940156545223,0.8675068992859409,7,4
acted,0.027830940156545223,0.8675068992859409,7,4
allowing,0.027830940156545223,0.8675068992859409,7,4
asking,0.027830940156545223,0.8675068992859409,7,4
bad,0.027830940156545223,0.8675068992859409,7,4
cannon,0.027830940156545223,0.8675068992859409,7,4
consistent,0.027830940156545223,0.8675068992859409,7,4
constant,0.027830940156545223,0.8675068992859409,7,4
fascist,0.027830940156545223,0.8675068992859409,7,4
flow,0.027830940156545223,0.8675068992859409,7,4
fodder,0.027830940156545223,0.8675068992859409,7,4
forcing,0.027830940156545223,0.8675068992859409,7,4
icc,0.027830940156545223,0.8675068992859409,7,4
inflict,0.027830940156545223,0.8675068992859409,7,4
introduced,0.027830940156545223,0.8675068992859409,7,4
minority,0.027830940156545223,0.8675068992859409,7,4
signs,0.027830940156545223,0.8675068992859409,7,4
structures,0.027830940156545223,0.8675068992859409,7,4
traffic,0.027830940156545223,0.8675068992859409,7,4
visited,0.027830940156545223,0.8675068992859409,7,4
wave,0.027830940156545223,0.8675068992859409,7,4
wonder,0.027830940156545223,0.8675068992859409,7,4
aid,0.02714683171484731,0.8691305622043848,18,13
complete,0.02714683171484731,0.8691305622043848,18,13
form,0.02714683171484731,0.8691305622043848,18,13
zone,0.02714683171484731,0.8691305622043848,18,13
answer,0.025505850911541363,0.8731130578320234,26,19
prisoners,0.025447962247322594,0.8732559136979986,34,25
accommodation,0.023558224638133368,0.8780143300358534,3,2
accuse,0.023558224638133368,0.8780143300358534,3,2
actors,0.023558224638133368,0.8780143300358534,3,2
agents,0.023558224638133368,0.8780143300358534,3,2
appointment,0.023558224638133368,0.8780143300358534,3,2
approached,0.023558224638133368,0.8780143300358534,3,2
approaches,0.023558224638133368,0.8780143300358534,3,2
asserted,0.023558224638133368,0.8780143300358534,3,2
bombardment,0.023558224638133368,0.8780143300358534,3,2
brazenly,0.023558224638133368,0.8780143300358534,3,2
broke,0.023558224638133368,0.8780143300358534,3,2
candidate,0.023558224638133368,0.8780143300358534,3,2
ceased,0.023558224638133368,0.8780143300358534,3,2
chains,0.023558224638133368,0.8780143300358534,3,2
clothing,0.023558224638133368,0.8780143300358534,3,2
combined,0.023558224638133368,0.8780143300358534,3,2
compromise,0.023558224638133368,0.8780143300358534,3,2
condemns,0.023558224638133368,0.8780143300358534,3,2
continually,0.023558224638133368,0.8780143300358534,3,2
conversation,0.023558224638133368,0.8780143300358534,3,2
coverage,0.023558224638133368,0.8780143300358534,3,2
designated,0.023558224638133368,0.8780143300358534,3,2
disappointment,0.023558224638133368,0.8780143300358534,3,2
disseminate,0.023558224638133368,0.8780143300358534,3,2
easter,0.023558224638133368,0.8780143300358534,3,2
employed,0.023558224638133368,0.8780143300358534,3,2
employees,0.023558224638133368,0.8780143300358534,3,2
enabled,0.023558224638133368,0.8780143300358534,3,2
encouragement,0.023558224638133368,0.8780143300358534,3,2
entity,0.023558224638133368,0.8780143300358534,3,2
excluded,0.023558224638133368,0.8780143300358534,3,2
excuses,0.023558224638133368,0.8780143300358534,3,2
expresses,0.023558224638133368,0.8780143300358534,3,2
facilitating,0.023558224638133368,0.8780143300358534,3,2
facto,0.023558224638133368,0.8780143300358534,3,2
farmers,0.023558224638133368,0.8780143300358534,3,2
fill,0.023558224638133368,0.8780143300358534,3,2
filmed,0.023558224638133368,0.8780143300358534,3,2
forbidden,0.023558224638133368,0.8780143300358534,3,2
foreigners,0.023558224638133368,0.8780143300358534,3,2
foundations,0.023558224638133368,0.8780143300358534,3,2
function,0.023558224638133368,0.8780143300358534,3,2
funeral,0.023558224638133368,0.8780143300358534,3,2
gained,0.023558224638133368,0.8780143300358534,3,2
gaining,0.023558224638133368,0.8780143300358534,3,2
geography,0.023558224638133368,0.8780143300358534,3,2
heed,0.023558224638133368,0.8780143300358534,3,2
housing,0.023558224638133368,0.8780143300358534,3,2
husband,0.023558224638133368,0.8780143300358534,3,2
importantly,0.023558224638133368,0.8780143300358534,3,2
infamous,0.023558224638133368,0.8780143300358534,3,2
intimidated,0.023558224638133368,0.8780143300358534,3,2
judge,0.023558224638133368,0.8780143300358534,3,2
levelled,0.023558224638133368,0.8780143300358534,3,2
lied,0.023558224638133368,0.8780143300358534,3,2
lifting,0.023558224638133368,0.8780143300358534,3,2
long-standing,0.023558224638133368,0.8780143300358534,3,2
masters,0.023558224638133368,0.8780143300358534,3,2
material,0.023558224638133368,0.8780143300358534,3,2
mutual,0.023558224638133368,0.8780143300358534,3,2
myth,0.023558224638133368,0.8780143300358534,3,2
natalia,0.023558224638133368,0.8780143300358534,3,2
necessities,0.023558224638133368,0.8780143300358534,3,2
noteworthy,0.023558224638133368,0.8780143300358534,3,2
passport,0.023558224638133368,0.8780143300358534,3,2
perceived,0.023558224638133368,0.8780143300358534,3,2
pipelines,0.023558224638133368,0.8780143300358534,3,2
poet,0.023558224638133368,0.8780143300358534,3,2
precise,0.023558224638133368,0.8780143300358534,3,2
profit,0.023558224638133368,0.8780143300358534,3,2
quoting,0.023558224638133368,0.8780143300358534,3,2
react,0.023558224638133368,0.8780143300358534,3,2
realities,0.023558224638133368,0.8780143300358534,3,2
requirements,0.023558224638133368,0.8780143300358534,3,2
resort,0.023558224638133368,0.8780143300358534,3,2
resorting,0.023558224638133368,0.8780143300358534,3,2
rhetorical,0.023558224638133368,0.8780143300358534,3,2
sabotaged,0.023558224638133368,0.8780143300358534,3,2
shopping,0.023558224638133368,0.8780143300358534,3,2
solutions,0.023558224638133368,0.8780143300358534,3,2
somewhere,0.023558224638133368,0.8780143300358534,3,2
sorry,0.023558224638133368,0.8780143300358534,3,2
sounds,0.023558224638133368,0.8780143300358534,3,2
spot,0.023558224638133368,0.8780143300358534,3,2
stable,0.023558224638133368,0.8780143300358534,3,2
starts,0.023558224638133368,0.8780143300358534,3,2
storm,0.023558224638133368,0.8780143300358534,3,2
tense,0.023558224638133368,0.8780143300358534,3,2
terminate,0.023558224638133368,0.8780143300358534,3,2
theories,0.023558224638133368,0.8780143300358534,3,2
toilets,0.023558224638133368,0.8780143300358534,3,2
train,0.023558224638133368,0.8780143300358534,3,2
unique,0.023558224638133368,0.8780143300358534,3,2
unwilling,0.023558224638133368,0.8780143300358534,3,2
upheld,0.023558224638133368,0.8780143300358534,3,2
usually,0.023558224638133368,0.8780143300358534,3,2
verified,0.023558224638133368,0.8780143300358534,3,2
volunteers,0.023558224638133368,0.8780143300358534,3,2
withdrew,0.023558224638133368,0.8780143300358534,3,2
worked,0.023558224638133368,0.8780143300358534,3,2
plant,0.021204648683422988,0.8842228307559392,67,50
among,0.01803795130001605,0.8931610514655108,51,38
abroad,0.01471200993900064,0.9034589052113959,7,5
age,0.01471200993900064,0.9034589052113959,7,5
alexander,0.01471200993900064,0.9034589052113959,7,5
atomic,0.01471200993900064,0.9034589052113959,7,5
catastrophe,0.01471200993900064,0.9034589052113959,7,5
destructive,0.01471200993900064,0.9034589052113959,7,5
die,0.01471200993900064,0.9034589052113959,7,5
enshrined,0.01471200993900064,0.9034589052113959,7,5
fair,0.01471200993900064,0.9034589052113959,7,5
fakes,0.01471200993900064,0.9034589052113959,7,5
fuel,0.01471200993900064,0.9034589052113959,7,5
original,0.01471200993900064,0.9034589052113959,7,5
poses,0.01471200993900064,0.9034589052113959,7,5
shut,0.01471200993900064,0.9034589052113959,7,5
types,0.01471200993900064,0.9034589052113959,7,5
administration,0.01300778931669645,0.9091968134341734,11,8
appeared,0.01300778931669645,0.9091968134341734,11,8
bloody,0.01300778931669645,0.9091968134341734,11,8
netherlands,0.01300778931669645,0.9091968134341734,11,8
offered,0.01300778931669645,0.9091968134341734,11,8
passed,0.01300778931669645,0.9091968134341734,11,8
silence,0.01300778931669645,0.9091968134341734,11,8
strictly,0.01300778931669645,0.9091968134341734,11,8
active,0.012677097664087008,0.9103535376894275,15,11
details,0.012677097664087008,0.9103535376894275,15,11
visit,0.012677097664087008,0.9103535376894275,15,11
propaganda,0.008463798880099934,0.926698908037164,40,30
adding,0.0073556888360030775,0.9316529814203038,4,2
advanced,0.0073556888360030775,0.9316529814203038,4,2
advise,0.0073556888360030775,0.9316529814203038,4,2
airliner,0.0073556888360030775,0.9316529814203038,4,2
assumed,0.0073556888360030775,0.9316529814203038,4,2
attributed,0.0073556888360030775,0.9316529814203038,4,2
binding,0.0073556888360030775,0.9316529814203038,4,2
boeing,0.0073556888360030775,0.9316529814203038,4,2
brotherly,0.0073556888360030775,0.9316529814203038,4,2
bullets,0.0073556888360030775,0.9316529814203038,4,2
burning,0.0073556888360030775,0.9316529814203038,4,2
chinese,0.0073556888360030775,0.9316529814203038,4,2
citing,0.0073556888360030775,0.9316529814203038,4,2
commanders,0.0073556888360030775,0.9316529814203038,4,2
containing,0.0073556888360030775,0.9316529814203038,4,2
count,0.0073556888360030775,0.9316529814203038,4,2
differently,0.0073556888360030775,0.9316529814203038,4,2
drive,0.0073556888360030775,0.9316529814203038,4,2
enjoy,0.0073556888360030775,0.9316529814203038,4,2
europe's,0.0073556888360030775,0.9316529814203038,4,2
exceptions,0.0073556888360030775,0.9316529814203038,4,2
execute,0.0073556888360030775,0.9316529814203038,4,2
frank,0.0073556888360030775,0.9316529814203038,4,2
futile,0.0073556888360030775,0.9316529814203038,4,2
headed,0.0073556888360030775,0.9316529814203038,4,2
highlight,0.0073556888360030775,0.9316529814203038,4,2
hitler's,0.0073556888360030775,0.9316529814203038,4,2
inevitable,0.0073556888360030775,0.9316529814203038,4,2
inhuman,0.0073556888360030775,0.9316529814203038,4,2
insurgent,0.0073556888360030775,0.9316529814203038,4,2
interfering,0.0073556888360030775,0.9316529814203038,4,2
latter,0.0073556888360030775,0.9316529814203038,4,2
leads,0.0073556888360030775,0.9316529814203038,4,2
legitimately,0.0073556888360030775,0.9316529814203038,4,2
lifted,0.0073556888360030775,0.9316529814203038,4,2
logistical,0.0073556888360030775,0.9316529814203038,4,2
long-term,0.0073556888360030775,0.9316529814203038,4,2
looking,0.0073556888360030775,0.9316529814203038,4,2
mentioning,0.0073556888360030775,0.9316529814203038,4,2
mexico,0.0073556888360030775,0.9316529814203038,4,2
mistake,0.0073556888360030775,0.9316529814203038,4,2
motives,0.0073556888360030775,0.9316529814203038,4,2
obtained,0.0073556888360030775,0.9316529814203038,4,2
overcome,0.0073556888360030775,0.9316529814203038,4,2
personally,0.0073556888360030775,0.9316529814203038,4,2
phase,0.0073556888360030775,0.9316529814203038,4,2
presidents,0.0073556888360030775,0.9316529814203038,4,2
refuted,0.0073556888360030775,0.9316529814203038,4,2
servants,0.0073556888360030775,0.9316529814203038,4,2
solely,0.0073556888360030775,0.9316529814203038,4,2
spain,0.0073556888360030775,0.9316529814203038,4,2
speculations,0.0073556888360030775,0.9316529814203038,4,2
speed,0.0073556888360030775,0.9316529814203038,4,2
spring,0.0073556888360030775,0.9316529814203038,4,2
standard,0.0073556888360030775,0.9316529814203038,4,2
submit,0.0073556888360030775,0.9316529814203038,4,2
sufficient,0.0073556888360030775,0.9316529814203038,4,2
touch,0.0073556888360030775,0.9316529814203038,4,2
transfers,0.0073556888360030775,0.9316529814203038,4,2
unanimously,0.0073556888360030775,0.9316529814203038,4,2
unarmed,0.0073556888360030775,0.9316529814203038,4,2
understands,0.0073556888360030775,0.9316529814203038,4,2
unilaterally,0.0073556888360030775,0.9316529814203038,4,2
viable,0.0073556888360030775,0.9316529814203038,4,2
vile,0.0073556888360030775,0.9316529814203038,4,2
voiced,0.0073556888360030775,0.9316529814203038,4,2
witness,0.0073556888360030775,0.9316529814203038,4,2
independent,0.00592376777281581,0.9386505792537021,28,21
words,0.005799056100597311,0.9392985410862399,53,40
dozens,0.005077260586863868,0.9431948895765341,24,18
far,0.004264005952349959,0.947935654733754,45,34
respect,0.004264005952349959,0.947935654733754,45,34
invite,0.004230838304521989,0.9481382552466928,20,15
homes,0.003384500913017223,0.9536080683161372,16,12
issued,0.003384500913017223,0.9536080683161372,16,12
laws,0.003384500913017223,0.9536080683161372,16,12
sending,0.003384500913017223,0.9536080683161372,16,12
allow,0.002797491069360884,0.9578185053400334,37,28
cause,0.002538248399579186,0.9598187513477909,12,9
identity,0.002538248399579186,0.9598187513477909,12,9
located,0.002538248399579186,0.9598187513477909,12,9
pay,0.002538248399579186,0.9598187513477909,12,9
waging,0.002538248399579186,0.9598187513477909,12,9
acting,0.0016920807514400524,0.967188344662017,8,6
appears,0.0016920807514400524,0.967188344662017,8,6
bomb,0.0016920807514400524,0.967188344662017,8,6
compelled,0.0016920807514400524,0.967188344662017,8,6
debate,0.0016920807514400524,0.967188344662017,8,6
developed,0.0016920807514400524,0.967188344662017,8,6
easily,0.0016920807514400524,0.967188344662017,8,6
federal,0.0016920807514400524,0.967188344662017,8,6
freedoms,0.0016920807514400524,0.967188344662017,8,6
goes,0.0016920807514400524,0.967188344662017,8,6
guard,0.0016920807514400524,0.967188344662017,8,6
house,0.0016920807514400524,0.967188344662017,8,6
impose,0.0016920807514400524,0.967188344662017,8,6
north,0.0016920807514400524,0.967188344662017,8,6
promoting,0.0016920807514400524,0.967188344662017,8,6
psychological,0.0016920807514400524,0.967188344662017,8,6
tactics,0.0016920807514400524,0.967188344662017,8,6
end,0.0015200534431595828,0.9689000653659408,84,64
right,0.0011490073253229204,0.9729592770424786,114,87
a.m,8.459979558345584e-4,0.9767959663608967,4,3
agreeing,8.459979558345584e-4,0.9767959663608967,4,3
amounts,8.459979558345584e-4,0.9767959663608967,4,3
anywhere,8.459979558345584e-4,0.9767959663608967,4,3
applies,8.459979558345584e-4,0.9767959663608967,4,3
backing,8.459979558345584e-4,0.9767959663608967,4,3
blue,8.459979558345584e-4,0.9767959663608967,4,3
brother,8.459979558345584e-4,0.9767959663608967,4,3
chair,8.459979558345584e-4,0.9767959663608967,4,3
checkpoint,8.459979558345584e-4,0.9767959663608967,4,3
climate,8.459979558345584e-4,0.9767959663608967,4,3
compared,8.459979558345584e-4,0.9767959663608967,4,3
consequence,8.459979558345584e-4,0.9767959663608967,4,3
courage,8.459979558345584e-4,0.9767959663608967,4,3
criteria,8.459979558345584e-4,0.9767959663608967,4,3
dire,8.459979558345584e-4,0.9767959663608967,4,3
division,8.459979558345584e-4,0.9767959663608967,4,3
donbass,8.459979558345584e-4,0.9767959663608967,4,3
dozen,8.459979558345584e-4,0.9767959663608967,4,3
drinking,8.459979558345584e-4,0.9767959663608967,4,3
embassies,8.459979558345584e-4,0.9767959663608967,4,3
emirates,8.459979558345584e-4,0.9767959663608967,4,3
enormous,8.459979558345584e-4,0.9767959663608967,4,3
enter,8.459979558345584e-4,0.9767959663608967,4,3
execution,8.459979558345584e-4,0.9767959663608967,4,3
exercises,8.459979558345584e-4,0.9767959663608967,4,3
exert,8.459979558345584e-4,0.9767959663608967,4,3
female,8.459979558345584e-4,0.9767959663608967,4,3
flee,8.459979558345584e-4,0.9767959663608967,4,3
flowers,8.459979558345584e-4,0.9767959663608967,4,3
grandmother,8.459979558345584e-4,0.9767959663608967,4,3
honest,8.459979558345584e-4,0.9767959663608967,4,3
identify,8.459979558345584e-4,0.9767959663608967,4,3
ii,8.459979558345584e-4,0.9767959663608967,4,3
industry,8.459979558345584e-4,0.9767959663608967,4,3
investigators,8.459979558345584e-4,0.9767959663608967,4,3
kursk,8.459979558345584e-4,0.9767959663608967,4,3
mantra,8.459979558345584e-4,0.9767959663608967,4,3
maybe,8.459979558345584e-4,0.9767959663608967,4,3
noticed,8.459979558345584e-4,0.9767959663608967,4,3
notorious,8.459979558345584e-4,0.9767959663608967,4,3
obviously,8.459979558345584e-4,0.9767959663608967,4,3
politics,8.459979558345584e-4,0.9767959663608967,4,3
possess,8.459979558345584e-4,0.9767959663608967,4,3
principled,8.459979558345584e-4,0.9767959663608967,4,3
puppet,8.459979558345584e-4,0.9767959663608967,4,3
repeating,8.459979558345584e-4,0.9767959663608967,4,3
search,8.459979558345584e-4,0.9767959663608967,4,3
serving,8.459979558345584e-4,0.9767959663608967,4,3
shipments,8.459979558345584e-4,0.9767959663608967,4,3
spare,8.459979558345584e-4,0.9767959663608967,4,3
speculation,8.459979558345584e-4,0.9767959663608967,4,3
stepping,8.459979558345584e-4,0.9767959663608967,4,3
struck,8.459979558345584e-4,0.9767959663608967,4,3
supreme,8.459979558345584e-4,0.9767959663608967,4,3
test,8.459979558345584e-4,0.9767959663608967,4,3
tired,8.459979558345584e-4,0.9767959663608967,4,3
tool,8.459979558345584e-4,0.9767959663608967,4,3
upholding,8.459979558345584e-4,0.9767959663608967,4,3
uragan,8.459979558345584e-4,0.9767959663608967,4,3
waste,8.459979558345584e-4,0.9767959663608967,4,3
speak,3.826346742398731e-4,0.9843935355390435,38,29
targeted,3.797111600387356e-4,0.9844532627566515,21,16
can,2.601862550009515e-4,0.987130448742154,209,160
avoid,5.7591208410446186e-5,0.9939450022161477,17,13
date,5.7591208410446186e-5,0.9939450022161477,17,13
deployed,5.7591208410446186e-5,0.9939450022161477,17,13
whether,7.187057639031905e-7,0.9993235813499004,30,23
latest,-5.446627048668166e-5,0.9941115642824043,13,10
nevertheless,-5.446627048668166e-5,0.9941115642824043,13,10
wanted,-5.446627048668166e-5,0.9941115642824043,13,10
alone,-1.0895049191225067e-4,0.991671883857209,26,20
moreover,-1.0895049191225067e-4,0.991671883857209,26,20
resolution,-0.00027310112144171155,0.9868149422636652,121,93
arab,-3.944303586543321e-4,0.9841548381493311,4,4
built,-3.944303586543321e-4,0.9841548381493311,4,4
candidates,-3.944303586543321e-4,0.9841548381493311,4,4
characterized,-3.944303586543321e-4,0.9841548381493311,4,4
charges,-3.944303586543321e-4,0.9841548381493311,4,4
core,-3.944303586543321e-4,0.9841548381493311,4,4
easy,-3.944303586543321e-4,0.9841548381493311,4,4
effectiveness,-3.944303586543321e-4,0.9841548381493311,4,4
exposed,-3.944303586543321e-4,0.9841548381493311,4,4
extent,-3.944303586543321e-4,0.9841548381493311,4,4
extremist,-3.944303586543321e-4,0.9841548381493311,4,4
finding,-3.944303586543321e-4,0.9841548381493311,4,4
hitler,-3.944303586543321e-4,0.9841548381493311,4,4
horrible,-3.944303586543321e-4,0.9841548381493311,4,4
hypocritical,-3.944303586543321e-4,0.9841548381493311,4,4
imposing,-3.944303586543321e-4,0.9841548381493311,4,4
man,-3.944303586543321e-4,0.9841548381493311,4,4
mandatory,-3.944303586543321e-4,0.9841548381493311,4,4
minds,-3.944303586543321e-4,0.9841548381493311,4,4
notes,-3.944303586543321e-4,0.9841548381493311,4,4
peace-loving,-3.944303586543321e-4,0.9841548381493311,4,4
petro,-3.944303586543321e-4,0.9841548381493311,4,4
pursuing,-3.944303586543321e-4,0.9841548381493311,4,4
senior,-3.944303586543321e-4,0.9841548381493311,4,4
spokesperson,-3.944303586543321e-4,0.9841548381493311,4,4
spreading,-3.944303586543321e-4,0.9841548381493311,4,4
standing,-3.944303586543321e-4,0.9841548381493311,4,4
surrounding,-3.944303586543321e-4,0.9841548381493311,4,4
thrown,-3.944303586543321e-4,0.9841548381493311,4,4
title,-3.944303586543321e-4,0.9841548381493311,4,4
undertake,-3.944303586543321e-4,0.9841548381493311,4,4
unilateral,-3.944303586543321e-4,0.9841548381493311,4,4
standards,-5.597831212251158e-4,0.9811240227950131,22,17
defenders,-7.889059235789073e-4,0.9775923882968793,9,7
engaged,-7.889059235789073e-4,0.9775923882968793,9,7
mobilization,-7.889059235789073e-4,0.9775923882968793,9,7
reforms,-7.889059235789073e-4,0.9775923882968793,9,7
unpunished,-7.889059235789073e-4,0.9775923882968793,9,7
calling,-0.001577992703329311,0.9683132023905248,18,14
moment,-0.001577992703329311,0.9683132023905248,18,14
solution,-0.002367260401450081,0.9611946363843878,27,21
turned,-0.002367260401450081,0.9611946363843878,27,21
finally,-0.0031567090801686115,0.955194750599321,36,28
large,-0.003640104604932837,0.9518901970739989,14,11
separatists,-0.003640104604932837,0.9518901970739989,14,11
appointed,-0.003981696247457408,0.949686330098827,5,4
approved,-0.003981696247457408,0.949686330098827,5,4
australia,-0.003981696247457408,0.949686330098827,5,4
buy,-0.003981696247457408,0.949686330098827,5,4
cold,-0.003981696247457408,0.949686330098827,5,4
consensus,-0.003981696247457408,0.949686330098827,5,4
delay,-0.003981696247457408,0.949686330098827,5,4
extreme,-0.003981696247457408,0.949686330098827,5,4
fourth,-0.003981696247457408,0.949686330098827,5,4
highest,-0.003981696247457408,0.949686330098827,5,4
inform,-0.003981696247457408,0.949686330098827,5,4
instances,-0.003981696247457408,0.949686330098827,5,4
job,-0.003981696247457408,0.949686330098827,5,4
keeping,-0.003981696247457408,0.949686330098827,5,4
limit,-0.003981696247457408,0.949686330098827,5,4
limited,-0.003981696247457408,0.949686330098827,5,4
losing,-0.003981696247457408,0.949686330098827,5,4
lying,-0.003981696247457408,0.949686330098827,5,4
mortars,-0.003981696247457408,0.949686330098827,5,4
preserve,-0.003981696247457408,0.949686330098827,5,4
reflected,-0.003981696247457408,0.949686330098827,5,4
running,-0.003981696247457408,0.949686330098827,5,4
sir,-0.003981696247457408,0.949686330098827,5,4
sit,-0.003981696247457408,0.949686330098827,5,4
versions,-0.003981696247457408,0.949686330098827,5,4
voters,-0.003981696247457408,0.949686330098827,5,4
worse,-0.003981696247457408,0.949686330098827,5,4
fighting,-0.004181271296691161,0.9484425215530329,23,18
role,-0.004861973314152707,0.9444102732119972,32,25
threats,-0.004861973314152707,0.9444102732119972,32,25
members,-0.005118736314851175,0.9429637373298779,185,143
cities,-0.005526141622612921,0.9407414229550993,63,49
ongoing,-0.007090476819213886,0.9328934674610665,19,15
self-defence,-0.007090476819213886,0.9328934674610665,19,15
weaponry,-0.007090476819213886,0.9328934674610665,19,15
building,-0.007762990215848894,0.9297909708513723,37,29
find,-0.007762990215848894,0.9297909708513723,37,29
go,-0.007762990215848894,0.9297909708513723,37,29
apakan,-0.00796390589414443,0.9288906055207112,10,8
creating,-0.00796390589414443,0.9288906055207112,10,8
facing,-0.00796390589414443,0.9288906055207112,10,8
hydroelectric,-0.00796390589414443,0.9288906055207112,10,8
imposed,-0.00796390589414443,0.9288906055207112,10,8
provocative,-0.00796390589414443,0.9288906055207112,10,8
totally,-0.00796390589414443,0.9288906055207112,10,8
unable,-0.00796390589414443,0.9288906055207112,10,8
usual,-0.00796390589414443,0.9288906055207112,10,8
provide,-0.009028594332998794,0.9242998023744807,55,43
coalition,-0.01039622174622312,0.9187869452535943,5,5
condition,-0.01039622174622312,0.9187869452535943,5,5
creation,-0.01039622174622312,0.9187869452535943,5,5
designed,-0.01039622174622312,0.9187869452535943,5,5
directed,-0.01039622174622312,0.9187869452535943,5,5
expense,-0.01039622174622312,0.9187869452535943,5,5
granted,-0.01039622174622312,0.9187869452535943,5,5
horrendous,-0.01039622174622312,0.9187869452535943,5,5
hundred,-0.01039622174622312,0.9187869452535943,5,5
maximum,-0.01039622174622312,0.9187869452535943,5,5
non-governmental,-0.01039622174622312,0.9187869452535943,5,5
participating,-0.01039622174622312,0.9187869452535943,5,5
physically,-0.01039622174622312,0.9187869452535943,5,5
president's,-0.01039622174622312,0.9187869452535943,5,5
punish,-0.01039622174622312,0.9187869452535943,5,5
reading,-0.01039622174622312,0.9187869452535943,5,5
restraint,-0.01039622174622312,0.9187869452535943,5,5
shift,-0.01039622174622312,0.9187869452535943,5,5
tribute,-0.01039622174622312,0.9187869452535943,5,5
vision,-0.01039622174622312,0.9187869452535943,5,5
votes,-0.01039622174622312,0.9187869452535943,5,5
warn,-0.01039622174622312,0.9187869452535943,5,5
zones,-0.01039622174622312,0.9187869452535943,5,5
decisions,-0.010764119852733605,0.9173675271100797,24,19
streets,-0.011946629039363884,0.9129640421299223,15,12
recent,-0.014568245591719762,0.9039294609644901,56,44
presented,-0.01592986578244419,0.8995628682968481,20,16
tragic,-0.01592986578244419,0.8995628682968481,20,16
11-year-old,-0.017722187373450084,0.8940947564053638,0,1
12.50p.m,-0.017722187373450084,0.8940947564053638,0,1
120-day,-0.017722187373450084,0.8940947564053638,0,1
120-millimetre,-0.017722187373450084,0.8940947564053638,0,1
15-year-old,-0.017722187373450084,0.8940947564053638,0,1
150-millimetre,-0.017722187373450084,0.8940947564053638,0,1
152mm,-0.017722187373450084,0.8940947564053638,0,1
1930s,-0.017722187373450084,0.8940947564053638,0,1
1932–1933,-0.017722187373450084,0.8940947564053638,0,1
1940s,-0.017722187373450084,0.8940947564053638,0,1
1950s,-0.017722187373450084,0.8940947564053638,0,1
2013-2014,-0.017722187373450084,0.8940947564053638,0,1
2017-2018,-0.017722187373450084,0.8940947564053638,0,1
20â,-0.017722187373450084,0.8940947564053638,0,1
26-year-old,-0.017722187373450084,0.8940947564053638,0,1
3-month-old,-0.017722187373450084,0.8940947564053638,0,1
31k,-0.017722187373450084,0.8940947564053638,0,1
31p,-0.017722187373450084,0.8940947564053638,0,1
33lst,-0.017722187373450084,0.8940947564053638,0,1
"34,000-strong",-0.017722187373450084,0.8940947564053638,0,1
36-year-old,-0.017722187373450084,0.8940947564053638,0,1
400-kilometre,-0.017722187373450084,0.8940947564053638,0,1
49th,-0.017722187373450084,0.8940947564053638,0,1
8-year-old,-0.017722187373450084,0.8940947564053638,0,1
82-millimetre,-0.017722187373450084,0.8940947564053638,0,1
95ms,-0.017722187373450084,0.8940947564053638,0,1
95th,-0.017722187373450084,0.8940947564053638,0,1
98th,-0.017722187373450084,0.8940947564053638,0,1
abduct,-0.017722187373450084,0.8940947564053638,0,1
abomination,-0.017722187373450084,0.8940947564053638,0,1
abrogate,-0.017722187373450084,0.8940947564053638,0,1
abusive,-0.017722187373450084,0.8940947564053638,0,1
acceptance,-0.017722187373450084,0.8940947564053638,0,1
accepts,-0.017722187373450084,0.8940947564053638,0,1
accessed,-0.017722187373450084,0.8940947564053638,0,1
accommodated,-0.017722187373450084,0.8940947564053638,0,1
accompany,-0.017722187373450084,0.8940947564053638,0,1
accomplish,-0.017722187373450084,0.8940947564053638,0,1
accredited,-0.017722187373450084,0.8940947564053638,0,1
ace-up-its,-0.017722187373450084,0.8940947564053638,0,1
achievable,-0.017722187373450084,0.8940947564053638,0,1
acolyte,-0.017722187373450084,0.8940947564053638,0,1
acquiring,-0.017722187373450084,0.8940947564053638,0,1
activation,-0.017722187373450084,0.8940947564053638,0,1
actor,-0.017722187373450084,0.8940947564053638,0,1
addictive,-0.017722187373450084,0.8940947564053638,0,1
addressee,-0.017722187373450084,0.8940947564053638,0,1
administration's,-0.017722187373450084,0.8940947564053638,0,1
admiration,-0.017722187373450084,0.8940947564053638,0,1
admits,-0.017722187373450084,0.8940947564053638,0,1
adolf,-0.017722187373450084,0.8940947564053638,0,1
advantages,-0.017722187373450084,0.8940947564053638,0,1
adventurist,-0.017722187373450084,0.8940947564053638,0,1
advising,-0.017722187373450084,0.8940947564053638,0,1
advocate,-0.017722187373450084,0.8940947564053638,0,1
aeroplane,-0.017722187373450084,0.8940947564053638,0,1
aesthetics,-0.017722187373450084,0.8940947564053638,0,1
affirmative,-0.017722187373450084,0.8940947564053638,0,1
afghans,-0.017722187373450084,0.8940947564053638,0,1
africans,-0.017722187373450084,0.8940947564053638,0,1
aged,-0.017722187373450084,0.8940947564053638,0,1
aggravated,-0.017722187373450084,0.8940947564053638,0,1
aggravates,-0.017722187373450084,0.8940947564053638,0,1
aggravation,-0.017722187373450084,0.8940947564053638,0,1
aggressor's,-0.017722187373450084,0.8940947564053638,0,1
agreed-on,-0.017722187373450084,0.8940947564053638,0,1
agrees,-0.017722187373450084,0.8940947564053638,0,1
ahtem,-0.017722187373450084,0.8940947564053638,0,1
air-assault,-0.017722187373450084,0.8940947564053638,0,1
air-ballistic,-0.017722187373450084,0.8940947564053638,0,1
aircrash,-0.017722187373450084,0.8940947564053638,0,1
airstrike,-0.017722187373450084,0.8940947564053638,0,1
akhmad,-0.017722187373450084,0.8940947564053638,0,1
akin,-0.017722187373450084,0.8940947564053638,0,1
alas,-0.017722187373450084,0.8940947564053638,0,1
alchevsk,-0.017722187373450084,0.8940947564053638,0,1
aleksandr,-0.017722187373450084,0.8940947564053638,0,1
aleppo,-0.017722187373450084,0.8940947564053638,0,1
aleysk,-0.017722187373450084,0.8940947564053638,0,1
algorithm,-0.017722187373450084,0.8940947564053638,0,1
alice,-0.017722187373450084,0.8940947564053638,0,1
alike,-0.017722187373450084,0.8940947564053638,0,1
all-encompassing,-0.017722187373450084,0.8940947564053638,0,1
allege,-0.017722187373450084,0.8940947564053638,0,1
alleviates,-0.017722187373450084,0.8940947564053638,0,1
alleviating,-0.017722187373450084,0.8940947564053638,0,1
alligator,-0.017722187373450084,0.8940947564053638,0,1
allocates,-0.017722187373450084,0.8940947564053638,0,1
alma,-0.017722187373450084,0.8940947564053638,0,1
altai,-0.017722187373450084,0.8940947564053638,0,1
alter,-0.017722187373450084,0.8940947564053638,0,1
ambiguities,-0.017722187373450084,0.8940947564053638,0,1
amended,-0.017722187373450084,0.8940947564053638,0,1
americas,-0.017722187373450084,0.8940947564053638,0,1
ametov,-0.017722187373450084,0.8940947564053638,0,1
amin,-0.017722187373450084,0.8940947564053638,0,1
amoong,-0.017722187373450084,0.8940947564053638,0,1
amputated,-0.017722187373450084,0.8940947564053638,0,1
amvrosiivka,-0.017722187373450084,0.8940947564053638,0,1
anchorage,-0.017722187373450084,0.8940947564053638,0,1
and-control,-0.017722187373450084,0.8940947564053638,0,1
andrii,-0.017722187373450084,0.8940947564053638,0,1
angelic,-0.017722187373450084,0.8940947564053638,0,1
angola,-0.017722187373450084,0.8940947564053638,0,1
animals,-0.017722187373450084,0.8940947564053638,0,1
announce,-0.017722187373450084,0.8940947564053638,0,1
antarctica,-0.017722187373450084,0.8940947564053638,0,1
anthem,-0.017722187373450084,0.8940947564053638,0,1
anti-corruption,-0.017722187373450084,0.8940947564053638,0,1
anti-defence,-0.017722187373450084,0.8940947564053638,0,1
anti-fascist,-0.017722187373450084,0.8940947564053638,0,1
anti-nazi,-0.017722187373450084,0.8940947564053638,0,1
anti-radar,-0.017722187373450084,0.8940947564053638,0,1
anti-ukraine,-0.017722187373450084,0.8940947564053638,0,1
anti-war,-0.017722187373450084,0.8940947564053638,0,1
antibiotics,-0.017722187373450084,0.8940947564053638,0,1
antonov,-0.017722187373450084,0.8940947564053638,0,1
antratsyt,-0.017722187373450084,0.8940947564053638,0,1
apathy,-0.017722187373450084,0.8940947564053638,0,1
apeacekeeping,-0.017722187373450084,0.8940947564053638,0,1
apologise,-0.017722187373450084,0.8940947564053638,0,1
apostle,-0.017722187373450084,0.8940947564053638,0,1
appalled,-0.017722187373450084,0.8940947564053638,0,1
appease,-0.017722187373450084,0.8940947564053638,0,1
appeased,-0.017722187373450084,0.8940947564053638,0,1
appeasing,-0.017722187373450084,0.8940947564053638,0,1
appetite,-0.017722187373450084,0.8940947564053638,0,1
appreciated,-0.017722187373450084,0.8940947564053638,0,1
appreciates,-0.017722187373450084,0.8940947564053638,0,1
aptly,-0.017722187373450084,0.8940947564053638,0,1
arbelaev,-0.017722187373450084,0.8940947564053638,0,1
archaeological,-0.017722187373450084,0.8940947564053638,0,1
architectures,-0.017722187373450084,0.8940947564053638,0,1
arduous,-0.017722187373450084,0.8940947564053638,0,1
arejust,-0.017722187373450084,0.8940947564053638,0,1
arid,-0.017722187373450084,0.8940947564053638,0,1
arise,-0.017722187373450084,0.8940947564053638,0,1
arising,-0.017722187373450084,0.8940947564053638,0,1
armistice,-0.017722187373450084,0.8940947564053638,0,1
arraigned,-0.017722187373450084,0.8940947564053638,0,1
arrange,-0.017722187373450084,0.8940947564053638,0,1
arrangement,-0.017722187373450084,0.8940947564053638,0,1
arranging,-0.017722187373450084,0.8940947564053638,0,1
arseniy,-0.017722187373450084,0.8940947564053638,0,1
artem,-0.017722187373450084,0.8940947564053638,0,1
articifically,-0.017722187373450084,0.8940947564053638,0,1
asan,-0.017722187373450084,0.8940947564053638,0,1
ashes,-0.017722187373450084,0.8940947564053638,0,1
asians,-0.017722187373450084,0.8940947564053638,0,1
aspired,-0.017722187373450084,0.8940947564053638,0,1
assailants,-0.017722187373450084,0.8940947564053638,0,1
assembling,-0.017722187373450084,0.8940947564053638,0,1
assigns,-0.017722187373450084,0.8940947564053638,0,1
assumes,-0.017722187373450084,0.8940947564053638,0,1
astana,-0.017722187373450084,0.8940947564053638,0,1
astrakhan,-0.017722187373450084,0.8940947564053638,0,1
ata,-0.017722187373450084,0.8940947564053638,0,1
atrocious,-0.017722187373450084,0.8940947564053638,0,1
attained,-0.017722187373450084,0.8940947564053638,0,1
attest,-0.017722187373450084,0.8940947564053638,0,1
attested,-0.017722187373450084,0.8940947564053638,0,1
attorney,-0.017722187373450084,0.8940947564053638,0,1
augusto,-0.017722187373450084,0.8940947564053638,0,1
authenticated,-0.017722187373450084,0.8940947564053638,0,1
authorize,-0.017722187373450084,0.8940947564053638,0,1
autism,-0.017722187373450084,0.8940947564053638,0,1
automated,-0.017722187373450084,0.8940947564053638,0,1
avdiivvka,-0.017722187373450084,0.8940947564053638,0,1
awad,-0.017722187373450084,0.8940947564053638,0,1
awareness,-0.017722187373450084,0.8940947564053638,0,1
backgrounds,-0.017722187373450084,0.8940947564053638,0,1
backsliding,-0.017722187373450084,0.8940947564053638,0,1
backyard,-0.017722187373450084,0.8940947564053638,0,1
bags,-0.017722187373450084,0.8940947564053638,0,1
bahous,-0.017722187373450084,0.8940947564053638,0,1
ball,-0.017722187373450084,0.8940947564053638,0,1
barbara,-0.017722187373450084,0.8940947564053638,0,1
barbarism,-0.017722187373450084,0.8940947564053638,0,1
barley,-0.017722187373450084,0.8940947564053638,0,1
barricades,-0.017722187373450084,0.8940947564053638,0,1
barrier,-0.017722187373450084,0.8940947564053638,0,1
basics,-0.017722187373450084,0.8940947564053638,0,1
bastion-p,-0.017722187373450084,0.8940947564053638,0,1
batter,-0.017722187373450084,0.8940947564053638,0,1
battlefields,-0.017722187373450084,0.8940947564053638,0,1
beacon,-0.017722187373450084,0.8940947564053638,0,1
beam,-0.017722187373450084,0.8940947564053638,0,1
beasley,-0.017722187373450084,0.8940947564053638,0,1
beatings,-0.017722187373450084,0.8940947564053638,0,1
begged,-0.017722187373450084,0.8940947564053638,0,1
behaves,-0.017722187373450084,0.8940947564053638,0,1
behold,-0.017722187373450084,0.8940947564053638,0,1
behoves,-0.017722187373450084,0.8940947564053638,0,1
beijing,-0.017722187373450084,0.8940947564053638,0,1
belarusians,-0.017722187373450084,0.8940947564053638,0,1
belligerent's,-0.017722187373450084,0.8940947564053638,0,1
beneficiary,-0.017722187373450084,0.8940947564053638,0,1
benito,-0.017722187373450084,0.8940947564053638,0,1
bent,-0.017722187373450084,0.8940947564053638,0,1
berdiansk,-0.017722187373450084,0.8940947564053638,0,1
berestovo,-0.017722187373450084,0.8940947564053638,0,1
berths,-0.017722187373450084,0.8940947564053638,0,1
best-case,-0.017722187373450084,0.8940947564053638,0,1
bestowed,-0.017722187373450084,0.8940947564053638,0,1
bestseller,-0.017722187373450084,0.8940947564053638,0,1
bezler,-0.017722187373450084,0.8940947564053638,0,1
bilohorivka,-0.017722187373450084,0.8940947564053638,0,1
birds,-0.017722187373450084,0.8940947564053638,0,1
bite,-0.017722187373450084,0.8940947564053638,0,1
blackening,-0.017722187373450084,0.8940947564053638,0,1
blackout,-0.017722187373450084,0.8940947564053638,0,1
blackouts,-0.017722187373450084,0.8940947564053638,0,1
bladet,-0.017722187373450084,0.8940947564053638,0,1
blasting,-0.017722187373450084,0.8940947564053638,0,1
blasts,-0.017722187373450084,0.8940947564053638,0,1
bleak,-0.017722187373450084,0.8940947564053638,0,1
bleed,-0.017722187373450084,0.8940947564053638,0,1
blessed,-0.017722187373450084,0.8940947564053638,0,1
blindfolded,-0.017722187373450084,0.8940947564053638,0,1
blood-soaked,-0.017722187373450084,0.8940947564053638,0,1
bloodiest,-0.017722187373450084,0.8940947564053638,0,1
bloodthirsty,-0.017722187373450084,0.8940947564053638,0,1
blow-up,-0.017722187373450084,0.8940947564053638,0,1
bmp-2,-0.017722187373450084,0.8940947564053638,0,1
bmp-2s,-0.017722187373450084,0.8940947564053638,0,1
bolshevik,-0.017722187373450084,0.8940947564053638,0,1
bolsheviks,-0.017722187373450084,0.8940947564053638,0,1
booked,-0.017722187373450084,0.8940947564053638,0,1
boosting,-0.017722187373450084,0.8940947564053638,0,1
boots,-0.017722187373450084,0.8940947564053638,0,1
bordering,-0.017722187373450084,0.8940947564053638,0,1
borodai,-0.017722187373450084,0.8940947564053638,0,1
borodyanka,-0.017722187373450084,0.8940947564053638,0,1
bottles,-0.017722187373450084,0.8940947564053638,0,1
bows,-0.017722187373450084,0.8940947564053638,0,1
brace,-0.017722187373450084,0.8940947564053638,0,1
bracelet,-0.017722187373450084,0.8940947564053638,0,1
brain-washed,-0.017722187373450084,0.8940947564053638,0,1
brainwashed,-0.017722187373450084,0.8940947564053638,0,1
brand,-0.017722187373450084,0.8940947564053638,0,1
bravery,-0.017722187373450084,0.8940947564053638,0,1
brazilian,-0.017722187373450084,0.8940947564053638,0,1
breaches,-0.017722187373450084,0.8940947564053638,0,1
breakthrough,-0.017722187373450084,0.8940947564053638,0,1
briefand,-0.017722187373450084,0.8940947564053638,0,1
broaden,-0.017722187373450084,0.8940947564053638,0,1
broadened,-0.017722187373450084,0.8940947564053638,0,1
brovary,-0.017722187373450084,0.8940947564053638,0,1
brown's,-0.017722187373450084,0.8940947564053638,0,1
bucha-like,-0.017722187373450084,0.8940947564053638,0,1
buildup,-0.017722187373450084,0.8940947564053638,0,1
bulk,-0.017722187373450084,0.8940947564053638,0,1
bullet,-0.017722187373450084,0.8940947564053638,0,1
bunker,-0.017722187373450084,0.8940947564053638,0,1
burns,-0.017722187373450084,0.8940947564053638,0,1
button,-0.017722187373450084,0.8940947564053638,0,1
byrne,-0.017722187373450084,0.8940947564053638,0,1
cadre,-0.017722187373450084,0.8940947564053638,0,1
cafeterias,-0.017722187373450084,0.8940947564053638,0,1
canada's,-0.017722187373450084,0.8940947564053638,0,1
candidacy,-0.017722187373450084,0.8940947564053638,0,1
candles,-0.017722187373450084,0.8940947564053638,0,1
cannon-fodder,-0.017722187373450084,0.8940947564053638,0,1
canonically,-0.017722187373450084,0.8940947564053638,0,1
canvas-covered,-0.017722187373450084,0.8940947564053638,0,1
cap,-0.017722187373450084,0.8940947564053638,0,1
capability,-0.017722187373450084,0.8940947564053638,0,1
captives,-0.017722187373450084,0.8940947564053638,0,1
captors,-0.017722187373450084,0.8940947564053638,0,1
carnage,-0.017722187373450084,0.8940947564053638,0,1
carpets,-0.017722187373450084,0.8940947564053638,0,1
cascade,-0.017722187373450084,0.8940947564053638,0,1
casting,-0.017722187373450084,0.8940947564053638,0,1
castrated,-0.017722187373450084,0.8940947564053638,0,1
catharsis,-0.017722187373450084,0.8940947564053638,0,1
caveats,-0.017722187373450084,0.8940947564053638,0,1
ceasing,-0.017722187373450084,0.8940947564053638,0,1
cells,-0.017722187373450084,0.8940947564053638,0,1
century's,-0.017722187373450084,0.8940947564053638,0,1
chairman-in-office,-0.017722187373450084,0.8940947564053638,0,1
chairs,-0.017722187373450084,0.8940947564053638,0,1
chapuch,-0.017722187373450084,0.8940947564053638,0,1
characterizations,-0.017722187373450084,0.8940947564053638,0,1
charged,-0.017722187373450084,0.8940947564053638,0,1
chargé,-0.017722187373450084,0.8940947564053638,0,1
charred,-0.017722187373450084,0.8940947564053638,0,1
charter's,-0.017722187373450084,0.8940947564053638,0,1
chartered,-0.017722187373450084,0.8940947564053638,0,1
chasiv,-0.017722187373450084,0.8940947564053638,0,1
checked,-0.017722187373450084,0.8940947564053638,0,1
cheering,-0.017722187373450084,0.8940947564053638,0,1
cherepakha,-0.017722187373450084,0.8940947564053638,0,1
cherishing,-0.017722187373450084,0.8940947564053638,0,1
cherkasy,-0.017722187373450084,0.8940947564053638,0,1
chernysh,-0.017722187373450084,0.8940947564053638,0,1
chilean,-0.017722187373450084,0.8940947564053638,0,1
chins,-0.017722187373450084,0.8940947564053638,0,1
chopped-back,-0.017722187373450084,0.8940947564053638,0,1
christian,-0.017722187373450084,0.8940947564053638,0,1
chronic,-0.017722187373450084,0.8940947564053638,0,1
chunks,-0.017722187373450084,0.8940947564053638,0,1
circulate,-0.017722187373450084,0.8940947564053638,0,1
cited-were,-0.017722187373450084,0.8940947564053638,0,1
city's,-0.017722187373450084,0.8940947564053638,0,1
ciygoz,-0.017722187373450084,0.8940947564053638,0,1
clarifications,-0.017722187373450084,0.8940947564053638,0,1
claws,-0.017722187373450084,0.8940947564053638,0,1
cleanse,-0.017722187373450084,0.8940947564053638,0,1
clearance,-0.017722187373450084,0.8940947564053638,0,1
clinton,-0.017722187373450084,0.8940947564053638,0,1
clothes,-0.017722187373450084,0.8940947564053638,0,1
coal-mining,-0.017722187373450084,0.8940947564053638,0,1
coastal,-0.017722187373450084,0.8940947564053638,0,1
coastguard,-0.017722187373450084,0.8940947564053638,0,1
coat,-0.017722187373450084,0.8940947564053638,0,1
cocktail,-0.017722187373450084,0.8940947564053638,0,1
coherent,-0.017722187373450084,0.8940947564053638,0,1
collaborative,-0.017722187373450084,0.8940947564053638,0,1
collections,-0.017722187373450084,0.8940947564053638,0,1
collision,-0.017722187373450084,0.8940947564053638,0,1
colonialist,-0.017722187373450084,0.8940947564053638,0,1
colonizers,-0.017722187373450084,0.8940947564053638,0,1
combination,-0.017722187373450084,0.8940947564053638,0,1
commanding,-0.017722187373450084,0.8940947564053638,0,1
commemorated,-0.017722187373450084,0.8940947564053638,0,1
commemoration,-0.017722187373450084,0.8940947564053638,0,1
commotion,-0.017722187373450084,0.8940947564053638,0,1
communicate,-0.017722187373450084,0.8940947564053638,0,1
communicator,-0.017722187373450084,0.8940947564053638,0,1
compatible,-0.017722187373450084,0.8940947564053638,0,1
compensate,-0.017722187373450084,0.8940947564053638,0,1
complacency,-0.017722187373450084,0.8940947564053638,0,1
complains,-0.017722187373450084,0.8940947564053638,0,1
complexes,-0.017722187373450084,0.8940947564053638,0,1
comprehend,-0.017722187373450084,0.8940947564053638,0,1
comprise,-0.017722187373450084,0.8940947564053638,0,1
compromised,-0.017722187373450084,0.8940947564053638,0,1
compulsory,-0.017722187373450084,0.8940947564053638,0,1
computers,-0.017722187373450084,0.8940947564053638,0,1
concocted,-0.017722187373450084,0.8940947564053638,0,1
confers,-0.017722187373450084,0.8940947564053638,0,1
configuration,-0.017722187373450084,0.8940947564053638,0,1
confinement,-0.017722187373450084,0.8940947564053638,0,1
confiscation,-0.017722187373450084,0.8940947564053638,0,1
confiscations,-0.017722187373450084,0.8940947564053638,0,1
conflict-specific,-0.017722187373450084,0.8940947564053638,0,1
conform,-0.017722187373450084,0.8940947564053638,0,1
confront,-0.017722187373450084,0.8940947564053638,0,1
confrontations,-0.017722187373450084,0.8940947564053638,0,1
confusing,-0.017722187373450084,0.8940947564053638,0,1
congo,-0.017722187373450084,0.8940947564053638,0,1
connect,-0.017722187373450084,0.8940947564053638,0,1
conniving,-0.017722187373450084,0.8940947564053638,0,1
consequent,-0.017722187373450084,0.8940947564053638,0,1
consistency,-0.017722187373450084,0.8940947564053638,0,1
constructing,-0.017722187373450084,0.8940947564053638,0,1
consult,-0.017722187373450084,0.8940947564053638,0,1
container,-0.017722187373450084,0.8940947564053638,0,1
contaminating,-0.017722187373450084,0.8940947564053638,0,1
continents,-0.017722187373450084,0.8940947564053638,0,1
contrasts,-0.017722187373450084,0.8940947564053638,0,1
contravenes,-0.017722187373450084,0.8940947564053638,0,1
contributes,-0.017722187373450084,0.8940947564053638,0,1
converging,-0.017722187373450084,0.8940947564053638,0,1
conversion,-0.017722187373450084,0.8940947564053638,0,1
convulsions,-0.017722187373450084,0.8940947564053638,0,1
cooking,-0.017722187373450084,0.8940947564053638,0,1
cooldown,-0.017722187373450084,0.8940947564053638,0,1
copenhagen,-0.017722187373450084,0.8940947564053638,0,1
copy-pasted,-0.017722187373450084,0.8940947564053638,0,1
copying,-0.017722187373450084,0.8940947564053638,0,1
corners,-0.017722187373450084,0.8940947564053638,0,1
corpus,-0.017722187373450084,0.8940947564053638,0,1
correspond,-0.017722187373450084,0.8940947564053638,0,1
cosplays,-0.017722187373450084,0.8940947564053638,0,1
counsel,-0.017722187373450084,0.8940947564053638,0,1
counterparts,-0.017722187373450084,0.8940947564053638,0,1
coveney,-0.017722187373450084,0.8940947564053638,0,1
covert,-0.017722187373450084,0.8940947564053638,0,1
coward,-0.017722187373450084,0.8940947564053638,0,1
creativity,-0.017722187373450084,0.8940947564053638,0,1
credentials,-0.017722187373450084,0.8940947564053638,0,1
crematoriums,-0.017722187373450084,0.8940947564053638,0,1
crimean-ukrainian,-0.017722187373450084,0.8940947564053638,0,1
cross-fire,-0.017722187373450084,0.8940947564053638,0,1
cross-regional,-0.017722187373450084,0.8940947564053638,0,1
crosshairs,-0.017722187373450084,0.8940947564053638,0,1
crossing-points,-0.017722187373450084,0.8940947564053638,0,1
crucially,-0.017722187373450084,0.8940947564053638,0,1
cruelly,-0.017722187373450084,0.8940947564053638,0,1
crushing,-0.017722187373450084,0.8940947564053638,0,1
crystal-clear,-0.017722187373450084,0.8940947564053638,0,1
cultivating,-0.017722187373450084,0.8940947564053638,0,1
currency,-0.017722187373450084,0.8940947564053638,0,1
curtail,-0.017722187373450084,0.8940947564053638,0,1
cutters,-0.017722187373450084,0.8940947564053638,0,1
cutting-edge,-0.017722187373450084,0.8940947564053638,0,1
cyberattacks,-0.017722187373450084,0.8940947564053638,0,1
d'affaires,-0.017722187373450084,0.8940947564053638,0,1
d'etats,-0.017722187373450084,0.8940947564053638,0,1
da'esh,-0.017722187373450084,0.8940947564053638,0,1
dag,-0.017722187373450084,0.8940947564053638,0,1
dangerously,-0.017722187373450084,0.8940947564053638,0,1
danish,-0.017722187373450084,0.8940947564053638,0,1
danylo,-0.017722187373450084,0.8940947564053638,0,1
dares,-0.017722187373450084,0.8940947564053638,0,1
darnytskyi,-0.017722187373450084,0.8940947564053638,0,1
dawned,-0.017722187373450084,0.8940947564053638,0,1
day-care,-0.017722187373450084,0.8940947564053638,0,1
day-to-day,-0.017722187373450084,0.8940947564053638,0,1
de-communization,-0.017722187373450084,0.8940947564053638,0,1
de-escalated,-0.017722187373450084,0.8940947564053638,0,1
de-occupied,-0.017722187373450084,0.8940947564053638,0,1
de-occupy,-0.017722187373450084,0.8940947564053638,0,1
deadliest,-0.017722187373450084,0.8940947564053638,0,1
debaltsevo,-0.017722187373450084,0.8940947564053638,0,1
debunks,-0.017722187373450084,0.8940947564053638,0,1
decent,-0.017722187373450084,0.8940947564053638,0,1
decentralize,-0.017722187373450084,0.8940947564053638,0,1
decentralized,-0.017722187373450084,0.8940947564053638,0,1
decimated,-0.017722187373450084,0.8940947564053638,0,1
decimation,-0.017722187373450084,0.8940947564053638,0,1
decision-makers,-0.017722187373450084,0.8940947564053638,0,1
decoration,-0.017722187373450084,0.8940947564053638,0,1
deeepest,-0.017722187373450084,0.8940947564053638,0,1
defeating,-0.017722187373450084,0.8940947564053638,0,1
defector,-0.017722187373450084,0.8940947564053638,0,1
defence-sector,-0.017722187373450084,0.8940947564053638,0,1
defendants,-0.017722187373450084,0.8940947564053638,0,1
defends,-0.017722187373450084,0.8940947564053638,0,1
defiance,-0.017722187373450084,0.8940947564053638,0,1
deficits,-0.017722187373450084,0.8940947564053638,0,1
defies,-0.017722187373450084,0.8940947564053638,0,1
degeneracy,-0.017722187373450084,0.8940947564053638,0,1
dehumanize,-0.017722187373450084,0.8940947564053638,0,1
dehumanizing,-0.017722187373450084,0.8940947564053638,0,1
delayed-action,-0.017722187373450084,0.8940947564053638,0,1
delegate,-0.017722187373450084,0.8940947564053638,0,1
delegates,-0.017722187373450084,0.8940947564053638,0,1
deliberations,-0.017722187373450084,0.8940947564053638,0,1
delving,-0.017722187373450084,0.8940947564053638,0,1
demagogy,-0.017722187373450084,0.8940947564053638,0,1
democracies,-0.017722187373450084,0.8940947564053638,0,1
demographics,-0.017722187373450084,0.8940947564053638,0,1
demolishing,-0.017722187373450084,0.8940947564053638,0,1
demons,-0.017722187373450084,0.8940947564053638,0,1
denominations,-0.017722187373450084,0.8940947564053638,0,1
denounced,-0.017722187373450084,0.8940947564053638,0,1
denouncing,-0.017722187373450084,0.8940947564053638,0,1
deoccupation,-0.017722187373450084,0.8940947564053638,0,1
departures,-0.017722187373450084,0.8940947564053638,0,1
deploys,-0.017722187373450084,0.8940947564053638,0,1
deputinization,-0.017722187373450084,0.8940947564053638,0,1
deregulation,-0.017722187373450084,0.8940947564053638,0,1
descalation,-0.017722187373450084,0.8940947564053638,0,1
descend,-0.017722187373450084,0.8940947564053638,0,1
descendant,-0.017722187373450084,0.8940947564053638,0,1
despises,-0.017722187373450084,0.8940947564053638,0,1
destabilizes,-0.017722187373450084,0.8940947564053638,0,1
destinies,-0.017722187373450084,0.8940947564053638,0,1
detainee,-0.017722187373450084,0.8940947564053638,0,1
detains,-0.017722187373450084,0.8940947564053638,0,1
detonated,-0.017722187373450084,0.8940947564053638,0,1
detonator,-0.017722187373450084,0.8940947564053638,0,1
detoxifying,-0.017722187373450084,0.8940947564053638,0,1
deviate,-0.017722187373450084,0.8940947564053638,0,1
devotes,-0.017722187373450084,0.8940947564053638,0,1
diagnosed,-0.017722187373450084,0.8940947564053638,0,1
dictators,-0.017722187373450084,0.8940947564053638,0,1
dies,-0.017722187373450084,0.8940947564053638,0,1
differ,-0.017722187373450084,0.8940947564053638,0,1
differentiate,-0.017722187373450084,0.8940947564053638,0,1
dignify,-0.017722187373450084,0.8940947564053638,0,1
dilemma,-0.017722187373450084,0.8940947564053638,0,1
diligent,-0.017722187373450084,0.8940947564053638,0,1
directions,-0.017722187373450084,0.8940947564053638,0,1
dirt,-0.017722187373450084,0.8940947564053638,0,1
disable,-0.017722187373450084,0.8940947564053638,0,1
disabling,-0.017722187373450084,0.8940947564053638,0,1
disarming,-0.017722187373450084,0.8940947564053638,0,1
disassociate,-0.017722187373450084,0.8940947564053638,0,1
disciples,-0.017722187373450084,0.8940947564053638,0,1
disconnection,-0.017722187373450084,0.8940947564053638,0,1
discourage,-0.017722187373450084,0.8940947564053638,0,1
discouraging,-0.017722187373450084,0.8940947564053638,0,1
discrediting,-0.017722187373450084,0.8940947564053638,0,1
disgruntled,-0.017722187373450084,0.8940947564053638,0,1
disguising,-0.017722187373450084,0.8940947564053638,0,1
dishes,-0.017722187373450084,0.8940947564053638,0,1
disk,-0.017722187373450084,0.8940947564053638,0,1
disloyalty,-0.017722187373450084,0.8940947564053638,0,1
dismay,-0.017722187373450084,0.8940947564053638,0,1
dismember,-0.017722187373450084,0.8940947564053638,0,1
dismembering,-0.017722187373450084,0.8940947564053638,0,1
dismissal,-0.017722187373450084,0.8940947564053638,0,1
dismisses,-0.017722187373450084,0.8940947564053638,0,1
disregarding,-0.017722187373450084,0.8940947564053638,0,1
disrespect,-0.017722187373450084,0.8940947564053638,0,1
disrespected,-0.017722187373450084,0.8940947564053638,0,1
disruptive,-0.017722187373450084,0.8940947564053638,0,1
disrupts,-0.017722187373450084,0.8940947564053638,0,1
dissemination,-0.017722187373450084,0.8940947564053638,0,1
dissociate,-0.017722187373450084,0.8940947564053638,0,1
dissociated,-0.017722187373450084,0.8940947564053638,0,1
dissociates,-0.017722187373450084,0.8940947564053638,0,1
distant,-0.017722187373450084,0.8940947564053638,0,1
distinct,-0.017722187373450084,0.8940947564053638,0,1
distinctive,-0.017722187373450084,0.8940947564053638,0,1
distinguishing,-0.017722187373450084,0.8940947564053638,0,1
divergences,-0.017722187373450084,0.8940947564053638,0,1
diversity,-0.017722187373450084,0.8940947564053638,0,1
divide,-0.017722187373450084,0.8940947564053638,0,1
djibouti,-0.017722187373450084,0.8940947564053638,0,1
dmitry,-0.017722187373450084,0.8940947564053638,0,1
dna,-0.017722187373450084,0.8940947564053638,0,1
docket,-0.017722187373450084,0.8940947564053638,0,1
doctrine,-0.017722187373450084,0.8940947564053638,0,1
donetske,-0.017722187373450084,0.8940947564053638,0,1
doornail,-0.017722187373450084,0.8940947564053638,0,1
doraleh,-0.017722187373450084,0.8940947564053638,0,1
double-speak,-0.017722187373450084,0.8940947564053638,0,1
downs,-0.017722187373450084,0.8940947564053638,0,1
draws,-0.017722187373450084,0.8940947564053638,0,1
dread,-0.017722187373450084,0.8940947564053638,0,1
drian,-0.017722187373450084,0.8940947564053638,0,1
drink,-0.017722187373450084,0.8940947564053638,0,1
drivels,-0.017722187373450084,0.8940947564053638,0,1
drought,-0.017722187373450084,0.8940947564053638,0,1
drugs,-0.017722187373450084,0.8940947564053638,0,1
ds,-0.017722187373450084,0.8940947564053638,0,1
dubno,-0.017722187373450084,0.8940947564053638,0,1
duma's,-0.017722187373450084,0.8940947564053638,0,1
dustbin,-0.017722187373450084,0.8940947564053638,0,1
dwarf,-0.017722187373450084,0.8940947564053638,0,1
dyilo,-0.017722187373450084,0.8940947564053638,0,1
dynamic,-0.017722187373450084,0.8940947564053638,0,1
dzerkalne,-0.017722187373450084,0.8940947564053638,0,1
earn,-0.017722187373450084,0.8940947564053638,0,1
earphones,-0.017722187373450084,0.8940947564053638,0,1
earrings,-0.017722187373450084,0.8940947564053638,0,1
eased,-0.017722187373450084,0.8940947564053638,0,1
easiest,-0.017722187373450084,0.8940947564053638,0,1
economies,-0.017722187373450084,0.8940947564053638,0,1
edem,-0.017722187373450084,0.8940947564053638,0,1
editing,-0.017722187373450084,0.8940947564053638,0,1
edition,-0.017722187373450084,0.8940947564053638,0,1
effected,-0.017722187373450084,0.8940947564053638,0,1
egypt,-0.017722187373450084,0.8940947564053638,0,1
eichmann,-0.017722187373450084,0.8940947564053638,0,1
eight-year-old,-0.017722187373450084,0.8940947564053638,0,1
eighteen,-0.017722187373450084,0.8940947564053638,0,1
eighty-one,-0.017722187373450084,0.8940947564053638,0,1
einstein,-0.017722187373450084,0.8940947564053638,0,1
ekstra,-0.017722187373450084,0.8940947564053638,0,1
elevator,-0.017722187373450084,0.8940947564053638,0,1
eleven,-0.017722187373450084,0.8940947564053638,0,1
eloquently,-0.017722187373450084,0.8940947564053638,0,1
elusive,-0.017722187373450084,0.8940947564053638,0,1
elvis,-0.017722187373450084,0.8940947564053638,0,1
emasculated,-0.017722187373450084,0.8940947564053638,0,1
embargo,-0.017722187373450084,0.8940947564053638,0,1
embark,-0.017722187373450084,0.8940947564053638,0,1
embarrassment,-0.017722187373450084,0.8940947564053638,0,1
emblem,-0.017722187373450084,0.8940947564053638,0,1
embrace,-0.017722187373450084,0.8940947564053638,0,1
emine,-0.017722187373450084,0.8940947564053638,0,1
emir,-0.017722187373450084,0.8940947564053638,0,1
emir-usein,-0.017722187373450084,0.8940947564053638,0,1
emotion,-0.017722187373450084,0.8940947564053638,0,1
emotionally,-0.017722187373450084,0.8940947564053638,0,1
empathy,-0.017722187373450084,0.8940947564053638,0,1
employment,-0.017722187373450084,0.8940947564053638,0,1
empowered,-0.017722187373450084,0.8940947564053638,0,1
empowering,-0.017722187373450084,0.8940947564053638,0,1
empowers,-0.017722187373450084,0.8940947564053638,0,1
emptiness,-0.017722187373450084,0.8940947564053638,0,1
encompassed,-0.017722187373450084,0.8940947564053638,0,1
encompasses,-0.017722187373450084,0.8940947564053638,0,1
endowed,-0.017722187373450084,0.8940947564053638,0,1
enforce,-0.017722187373450084,0.8940947564053638,0,1
engineered,-0.017722187373450084,0.8940947564053638,0,1
enlargement,-0.017722187373450084,0.8940947564053638,0,1
enlarging,-0.017722187373450084,0.8940947564053638,0,1
enquire,-0.017722187373450084,0.8940947564053638,0,1
enshrine,-0.017722187373450084,0.8940947564053638,0,1
entail,-0.017722187373450084,0.8940947564053638,0,1
enterprise,-0.017722187373450084,0.8940947564053638,0,1
entourage,-0.017722187373450084,0.8940947564053638,0,1
entrepreneurship,-0.017722187373450084,0.8940947564053638,0,1
entry-exit,-0.017722187373450084,0.8940947564053638,0,1
equip,-0.017722187373450084,0.8940947564053638,0,1
erred,-0.017722187373450084,0.8940947564053638,0,1
erroneously,-0.017722187373450084,0.8940947564053638,0,1
escorted,-0.017722187373450084,0.8940947564053638,0,1
espedially,-0.017722187373450084,0.8940947564053638,0,1
espionage,-0.017722187373450084,0.8940947564053638,0,1
ethnical,-0.017722187373450084,0.8940947564053638,0,1
ethnically,-0.017722187373450084,0.8940947564053638,0,1
eu-ukraine,-0.017722187373450084,0.8940947564053638,0,1
euphemism,-0.017722187373450084,0.8940947564053638,0,1
evenings,-0.017722187373450084,0.8940947564053638,0,1
eventual,-0.017722187373450084,0.8940947564053638,0,1
eventuality,-0.017722187373450084,0.8940947564053638,0,1
ever-more,-0.017722187373450084,0.8940947564053638,0,1
eviction,-0.017722187373450084,0.8940947564053638,0,1
evil's,-0.017722187373450084,0.8940947564053638,0,1
excercises,-0.017722187373450084,0.8940947564053638,0,1
excerpts,-0.017722187373450084,0.8940947564053638,0,1
exclusive,-0.017722187373450084,0.8940947564053638,0,1
execution-style,-0.017722187373450084,0.8940947564053638,0,1
exhibition,-0.017722187373450084,0.8940947564053638,0,1
exit,-0.017722187373450084,0.8940947564053638,0,1
exorcize,-0.017722187373450084,0.8940947564053638,0,1
expansionist,-0.017722187373450084,0.8940947564053638,0,1
expedite,-0.017722187373450084,0.8940947564053638,0,1
expedited,-0.017722187373450084,0.8940947564053638,0,1
expelling,-0.017722187373450084,0.8940947564053638,0,1
explaining,-0.017722187373450084,0.8940947564053638,0,1
explains,-0.017722187373450084,0.8940947564053638,0,1
exponential,-0.017722187373450084,0.8940947564053638,0,1
expose,-0.017722187373450084,0.8940947564053638,0,1
exposing,-0.017722187373450084,0.8940947564053638,0,1
exterior,-0.017722187373450084,0.8940947564053638,0,1
exterminating,-0.017722187373450084,0.8940947564053638,0,1
extinguished,-0.017722187373450084,0.8940947564053638,0,1
extra-legal,-0.017722187373450084,0.8940947564053638,0,1
extracurricular,-0.017722187373450084,0.8940947564053638,0,1
face-saving,-0.017722187373450084,0.8940947564053638,0,1
facilitation,-0.017722187373450084,0.8940947564053638,0,1
faint,-0.017722187373450084,0.8940947564053638,0,1
faiths,-0.017722187373450084,0.8940947564053638,0,1
falsified,-0.017722187373450084,0.8940947564053638,0,1
falsities,-0.017722187373450084,0.8940947564053638,0,1
familiarizing,-0.017722187373450084,0.8940947564053638,0,1
farms,-0.017722187373450084,0.8940947564053638,0,1
fascinated,-0.017722187373450084,0.8940947564053638,0,1
fateh-110,-0.017722187373450084,0.8940947564053638,0,1
father's,-0.017722187373450084,0.8940947564053638,0,1
featured,-0.017722187373450084,0.8940947564053638,0,1
federdation's,-0.017722187373450084,0.8940947564053638,0,1
feeble,-0.017722187373450084,0.8940947564053638,0,1
feeds,-0.017722187373450084,0.8940947564053638,0,1
fiction,-0.017722187373450084,0.8940947564053638,0,1
fictions,-0.017722187373450084,0.8940947564053638,0,1
fifteenth,-0.017722187373450084,0.8940947564053638,0,1
fifthly,-0.017722187373450084,0.8940947564053638,0,1
filed,-0.017722187373450084,0.8940947564053638,0,1
fills,-0.017722187373450084,0.8940947564053638,0,1
film-director,-0.017722187373450084,0.8940947564053638,0,1
finalize,-0.017722187373450084,0.8940947564053638,0,1
financed,-0.017722187373450084,0.8940947564053638,0,1
fingerprinting,-0.017722187373450084,0.8940947564053638,0,1
finishes,-0.017722187373450084,0.8940947564053638,0,1
finns,-0.017722187373450084,0.8940947564053638,0,1
firefighter,-0.017722187373450084,0.8940947564053638,0,1
fires,-0.017722187373450084,0.8940947564053638,0,1
firewood,-0.017722187373450084,0.8940947564053638,0,1
fish,-0.017722187373450084,0.8940947564053638,0,1
five-storey,-0.017722187373450084,0.8940947564053638,0,1
five-year-old,-0.017722187373450084,0.8940947564053638,0,1
fix,-0.017722187373450084,0.8940947564053638,0,1
flamethrowers,-0.017722187373450084,0.8940947564053638,0,1
flanks,-0.017722187373450084,0.8940947564053638,0,1
flash,-0.017722187373450084,0.8940947564053638,0,1
flavoured,-0.017722187373450084,0.8940947564053638,0,1
fleets,-0.017722187373450084,0.8940947564053638,0,1
flew,-0.017722187373450084,0.8940947564053638,0,1
flooded-earth,-0.017722187373450084,0.8940947564053638,0,1
floundering,-0.017722187373450084,0.8940947564053638,0,1
flouts,-0.017722187373450084,0.8940947564053638,0,1
flows,-0.017722187373450084,0.8940947564053638,0,1
fluid,-0.017722187373450084,0.8940947564053638,0,1
flush,-0.017722187373450084,0.8940947564053638,0,1
folk,-0.017722187373450084,0.8940947564053638,0,1
follies,-0.017722187373450084,0.8940947564053638,0,1
fontaine,-0.017722187373450084,0.8940947564053638,0,1
force-feeding,-0.017722187373450084,0.8940947564053638,0,1
forced-adoption,-0.017722187373450084,0.8940947564053638,0,1
forefather,-0.017722187373450084,0.8940947564053638,0,1
foresight,-0.017722187373450084,0.8940947564053638,0,1
forhaving,-0.017722187373450084,0.8940947564053638,0,1
formalized,-0.017722187373450084,0.8940947564053638,0,1
formerly,-0.017722187373450084,0.8940947564053638,0,1
formulas,-0.017722187373450084,0.8940947564053638,0,1
formulations,-0.017722187373450084,0.8940947564053638,0,1
fortification,-0.017722187373450084,0.8940947564053638,0,1
fortifying,-0.017722187373450084,0.8940947564053638,0,1
forty-eight,-0.017722187373450084,0.8940947564053638,0,1
forty-one,-0.017722187373450084,0.8940947564053638,0,1
fossil-fuel,-0.017722187373450084,0.8940947564053638,0,1
fostered,-0.017722187373450084,0.8940947564053638,0,1
four-month,-0.017722187373450084,0.8940947564053638,0,1
four-year-old,-0.017722187373450084,0.8940947564053638,0,1
fragment,-0.017722187373450084,0.8940947564053638,0,1
fragmentation,-0.017722187373450084,0.8940947564053638,0,1
fragmented,-0.017722187373450084,0.8940947564053638,0,1
francisco,-0.017722187373450084,0.8940947564053638,0,1
frankfurt,-0.017722187373450084,0.8940947564053638,0,1
freedom-of,-0.017722187373450084,0.8940947564053638,0,1
freer,-0.017722187373450084,0.8940947564053638,0,1
freudian,-0.017722187373450084,0.8940947564053638,0,1
friday's,-0.017722187373450084,0.8940947564053638,0,1
frivolous,-0.017722187373450084,0.8940947564053638,0,1
frontier,-0.017722187373450084,0.8940947564053638,0,1
frontieres,-0.017722187373450084,0.8940947564053638,0,1
frosts,-0.017722187373450084,0.8940947564053638,0,1
fruit,-0.017722187373450084,0.8940947564053638,0,1
fuels,-0.017722187373450084,0.8940947564053638,0,1
fukushima,-0.017722187373450084,0.8940947564053638,0,1
fulfillment,-0.017722187373450084,0.8940947564053638,0,1
full-blown,-0.017722187373450084,0.8940947564053638,0,1
fundamentally,-0.017722187373450084,0.8940947564053638,0,1
funnier,-0.017722187373450084,0.8940947564053638,0,1
furtherance,-0.017722187373450084,0.8940947564053638,0,1
gains,-0.017722187373450084,0.8940947564053638,0,1
gambit,-0.017722187373450084,0.8940947564053638,0,1
gamma,-0.017722187373450084,0.8940947564053638,0,1
gas-deposit,-0.017722187373450084,0.8940947564053638,0,1
gaslighting,-0.017722187373450084,0.8940947564053638,0,1
gear,-0.017722187373450084,0.8940947564053638,0,1
gender-sensitive,-0.017722187373450084,0.8940947564053638,0,1
genetic,-0.017722187373450084,0.8940947564053638,0,1
genitals,-0.017722187373450084,0.8940947564053638,0,1
gentleman,-0.017722187373450084,0.8940947564053638,0,1
georgia's,-0.017722187373450084,0.8940947564053638,0,1
geraldine,-0.017722187373450084,0.8940947564053638,0,1
geran-2,-0.017722187373450084,0.8940947564053638,0,1
geranin,-0.017722187373450084,0.8940947564053638,0,1
germany's,-0.017722187373450084,0.8940947564053638,0,1
ghetto,-0.017722187373450084,0.8940947564053638,0,1
gibberish,-0.017722187373450084,0.8940947564053638,0,1
gift,-0.017722187373450084,0.8940947564053638,0,1
gilbert,-0.017722187373450084,0.8940947564053638,0,1
girl's,-0.017722187373450084,0.8940947564053638,0,1
glinka,-0.017722187373450084,0.8940947564053638,0,1
gloves,-0.017722187373450084,0.8940947564053638,0,1
god's,-0.017722187373450084,0.8940947564053638,0,1
gospel,-0.017722187373450084,0.8940947564053638,0,1
governmental,-0.017722187373450084,0.8940947564053638,0,1
governors,-0.017722187373450084,0.8940947564053638,0,1
grabbed,-0.017722187373450084,0.8940947564053638,0,1
grads,-0.017722187373450084,0.8940947564053638,0,1
graduated,-0.017722187373450084,0.8940947564053638,0,1
grain-carrier,-0.017722187373450084,0.8940947564053638,0,1
grains,-0.017722187373450084,0.8940947564053638,0,1
grandfather,-0.017722187373450084,0.8940947564053638,0,1
grandmothers,-0.017722187373450084,0.8940947564053638,0,1
granitny,-0.017722187373450084,0.8940947564053638,0,1
gratis,-0.017722187373450084,0.8940947564053638,0,1
gravest,-0.017722187373450084,0.8940947564053638,0,1
gravity,-0.017722187373450084,0.8940947564053638,0,1
greatness,-0.017722187373450084,0.8940947564053638,0,1
greeks,-0.017722187373450084,0.8940947564053638,0,1
greetings,-0.017722187373450084,0.8940947564053638,0,1
grid,-0.017722187373450084,0.8940947564053638,0,1
grief,-0.017722187373450084,0.8940947564053638,0,1
grieves,-0.017722187373450084,0.8940947564053638,0,1
grotesque,-0.017722187373450084,0.8940947564053638,0,1
ground-control,-0.017722187373450084,0.8940947564053638,0,1
ground-setting,-0.017722187373450084,0.8940947564053638,0,1
groundhog,-0.017722187373450084,0.8940947564053638,0,1
grows,-0.017722187373450084,0.8940947564053638,0,1
grozny,-0.017722187373450084,0.8940947564053638,0,1
guessed,-0.017722187373450084,0.8940947564053638,0,1
gunned,-0.017722187373450084,0.8940947564053638,0,1
gunshot,-0.017722187373450084,0.8940947564053638,0,1
gunshots,-0.017722187373450084,0.8940947564053638,0,1
gusinoozyorsk,-0.017722187373450084,0.8940947564053638,0,1
gustave,-0.017722187373450084,0.8940947564053638,0,1
gustavo,-0.017722187373450084,0.8940947564053638,0,1
göring,-0.017722187373450084,0.8940947564053638,0,1
hallmarks,-0.017722187373450084,0.8940947564053638,0,1
halyna,-0.017722187373450084,0.8940947564053638,0,1
hammarskjöld,-0.017722187373450084,0.8940947564053638,0,1
handicapped,-0.017722187373450084,0.8940947564053638,0,1
handled,-0.017722187373450084,0.8940947564053638,0,1
handymax,-0.017722187373450084,0.8940947564053638,0,1
harassing,-0.017722187373450084,0.8940947564053638,0,1
harbour,-0.017722187373450084,0.8940947564053638,0,1
hardened,-0.017722187373450084,0.8940947564053638,0,1
hardest,-0.017722187373450084,0.8940947564053638,0,1
hardliners,-0.017722187373450084,0.8940947564053638,0,1
hardship,-0.017722187373450084,0.8940947564053638,0,1
harry,-0.017722187373450084,0.8940947564053638,0,1
harvesting,-0.017722187373450084,0.8940947564053638,0,1
hat,-0.017722187373450084,0.8940947564053638,0,1
havens,-0.017722187373450084,0.8940947564053638,0,1
hazard,-0.017722187373450084,0.8940947564053638,0,1
hazards,-0.017722187373450084,0.8940947564053638,0,1
heading,-0.017722187373450084,0.8940947564053638,0,1
healing,-0.017722187373450084,0.8940947564053638,0,1
healthier,-0.017722187373450084,0.8940947564053638,0,1
hearts,-0.017722187373450084,0.8940947564053638,0,1
heaven,-0.017722187373450084,0.8940947564053638,0,1
heaviest,-0.017722187373450084,0.8940947564053638,0,1
helps,-0.017722187373450084,0.8940947564053638,0,1
henry,-0.017722187373450084,0.8940947564053638,0,1
heorhiivka,-0.017722187373450084,0.8940947564053638,0,1
hereon,-0.017722187373450084,0.8940947564053638,0,1
hermann,-0.017722187373450084,0.8940947564053638,0,1
high-calibre,-0.017722187373450084,0.8940947564053638,0,1
high-capacity,-0.017722187373450084,0.8940947564053638,0,1
highway,-0.017722187373450084,0.8940947564053638,0,1
hikes,-0.017722187373450084,0.8940947564053638,0,1
himmler,-0.017722187373450084,0.8940947564053638,0,1
himmler's,-0.017722187373450084,0.8940947564053638,0,1
hindered,-0.017722187373450084,0.8940947564053638,0,1
hints,-0.017722187373450084,0.8940947564053638,0,1
hlib,-0.017722187373450084,0.8940947564053638,0,1
hoist,-0.017722187373450084,0.8940947564053638,0,1
hola,-0.017722187373450084,0.8940947564053638,0,1
holidays,-0.017722187373450084,0.8940947564053638,0,1
hollow,-0.017722187373450084,0.8940947564053638,0,1
homework,-0.017722187373450084,0.8940947564053638,0,1
homo,-0.017722187373450084,0.8940947564053638,0,1
honcharivske,-0.017722187373450084,0.8940947564053638,0,1
honorary,-0.017722187373450084,0.8940947564053638,0,1
honours,-0.017722187373450084,0.8940947564053638,0,1
hopefully,-0.017722187373450084,0.8940947564053638,0,1
horlivka's,-0.017722187373450084,0.8940947564053638,0,1
horn,-0.017722187373450084,0.8940947564053638,0,1
hospital's,-0.017722187373450084,0.8940947564053638,0,1
hostage-taking,-0.017722187373450084,0.8940947564053638,0,1
hourly,-0.017722187373450084,0.8940947564053638,0,1
hoxha,-0.017722187373450084,0.8940947564053638,0,1
hryb,-0.017722187373450084,0.8940947564053638,0,1
hryhorivka,-0.017722187373450084,0.8940947564053638,0,1
hryvnias,-0.017722187373450084,0.8940947564053638,0,1
hubs,-0.017722187373450084,0.8940947564053638,0,1
human-wave,-0.017722187373450084,0.8940947564053638,0,1
humans,-0.017722187373450084,0.8940947564053638,0,1
humbled,-0.017722187373450084,0.8940947564053638,0,1
humbug,-0.017722187373450084,0.8940947564053638,0,1
humiliate,-0.017722187373450084,0.8940947564053638,0,1
humiliating,-0.017722187373450084,0.8940947564053638,0,1
humiliation,-0.017722187373450084,0.8940947564053638,0,1
hurting,-0.017722187373450084,0.8940947564053638,0,1
hydraulic,-0.017722187373450084,0.8940947564053638,0,1
ialso,-0.017722187373450084,0.8940947564053638,0,1
iblis,-0.017722187373450084,0.8940947564053638,0,1
idealistic,-0.017722187373450084,0.8940947564053638,0,1
identification-change,-0.017722187373450084,0.8940947564053638,0,1
identifies,-0.017722187373450084,0.8940947564053638,0,1
identities,-0.017722187373450084,0.8940947564053638,0,1
idle,-0.017722187373450084,0.8940947564053638,0,1
idp,-0.017722187373450084,0.8940947564053638,0,1
ifa,-0.017722187373450084,0.8940947564053638,0,1
ignoble,-0.017722187373450084,0.8940947564053638,0,1
ill-equipped,-0.017722187373450084,0.8940947564053638,0,1
illegality,-0.017722187373450084,0.8940947564053638,0,1
illegitimacy,-0.017722187373450084,0.8940947564053638,0,1
immorality,-0.017722187373450084,0.8940947564053638,0,1
immunities,-0.017722187373450084,0.8940947564053638,0,1
impacts,-0.017722187373450084,0.8940947564053638,0,1
impasse,-0.017722187373450084,0.8940947564053638,0,1
impedes,-0.017722187373450084,0.8940947564053638,0,1
impediment,-0.017722187373450084,0.8940947564053638,0,1
implied,-0.017722187373450084,0.8940947564053638,0,1
impossibly,-0.017722187373450084,0.8940947564053638,0,1
impressively,-0.017722187373450084,0.8940947564053638,0,1
imprisonment,-0.017722187373450084,0.8940947564053638,0,1
impulses,-0.017722187373450084,0.8940947564053638,0,1
inauguration,-0.017722187373450084,0.8940947564053638,0,1
incites,-0.017722187373450084,0.8940947564053638,0,1
inclination,-0.017722187373450084,0.8940947564053638,0,1
incline,-0.017722187373450084,0.8940947564053638,0,1
inclined,-0.017722187373450084,0.8940947564053638,0,1
inconveniences,-0.017722187373450084,0.8940947564053638,0,1
indoor,-0.017722187373450084,0.8940947564053638,0,1
indulgence,-0.017722187373450084,0.8940947564053638,0,1
inebriated,-0.017722187373450084,0.8940947564053638,0,1
ineffective,-0.017722187373450084,0.8940947564053638,0,1
inevitability,-0.017722187373450084,0.8940947564053638,0,1
infectious,-0.017722187373450084,0.8940947564053638,0,1
inflame,-0.017722187373450084,0.8940947564053638,0,1
inflows,-0.017722187373450084,0.8940947564053638,0,1
infringements,-0.017722187373450084,0.8940947564053638,0,1
inhale,-0.017722187373450084,0.8940947564053638,0,1
initiating,-0.017722187373450084,0.8940947564053638,0,1
inoperable,-0.017722187373450084,0.8940947564053638,0,1
insidiously,-0.017722187373450084,0.8940947564053638,0,1
insignificant,-0.017722187373450084,0.8940947564053638,0,1
inspect,-0.017722187373450084,0.8940947564053638,0,1
inspector,-0.017722187373450084,0.8940947564053638,0,1
inspectorate,-0.017722187373450084,0.8940947564053638,0,1
instigate,-0.017722187373450084,0.8940947564053638,0,1
instigating,-0.017722187373450084,0.8940947564053638,0,1
instilling,-0.017722187373450084,0.8940947564053638,0,1
instruct,-0.017722187373450084,0.8940947564053638,0,1
instructing,-0.017722187373450084,0.8940947564053638,0,1
instrumental,-0.017722187373450084,0.8940947564053638,0,1
insulin,-0.017722187373450084,0.8940947564053638,0,1
insurgency,-0.017722187373450084,0.8940947564053638,0,1
intakes,-0.017722187373450084,0.8940947564053638,0,1
intensely,-0.017722187373450084,0.8940947564053638,0,1
intensifies,-0.017722187373450084,0.8940947564053638,0,1
intensively,-0.017722187373450084,0.8940947564053638,0,1
intercepting,-0.017722187373450084,0.8940947564053638,0,1
interception,-0.017722187373450084,0.8940947564053638,0,1
interceptions,-0.017722187373450084,0.8940947564053638,0,1
interest-free,-0.017722187373450084,0.8940947564053638,0,1
interlocutors,-0.017722187373450084,0.8940947564053638,0,1
interregional,-0.017722187373450084,0.8940947564053638,0,1
intruding,-0.017722187373450084,0.8940947564053638,0,1
intrusions,-0.017722187373450084,0.8940947564053638,0,1
invader,-0.017722187373450084,0.8940947564053638,0,1
invent,-0.017722187373450084,0.8940947564053638,0,1
invest,-0.017722187373450084,0.8940947564053638,0,1
invincible,-0.017722187373450084,0.8940947564053638,0,1
ipromise,-0.017722187373450084,0.8940947564053638,0,1
iran-made,-0.017722187373450084,0.8940947564053638,0,1
irish,-0.017722187373450084,0.8940947564053638,0,1
ironically,-0.017722187373450084,0.8940947564053638,0,1
irrational,-0.017722187373450084,0.8940947564053638,0,1
irrefutably,-0.017722187373450084,0.8940947564053638,0,1
irritate,-0.017722187373450084,0.8940947564053638,0,1
iskander-m,-0.017722187373450084,0.8940947564053638,0,1
iwould,-0.017722187373450084,0.8940947564053638,0,1
izumrad,-0.017722187373450084,0.8940947564053638,0,1
izvarino,-0.017722187373450084,0.8940947564053638,0,1
jemilev,-0.017722187373450084,0.8940947564053638,0,1
jigsaw,-0.017722187373450084,0.8940947564053638,0,1
jordan,-0.017722187373450084,0.8940947564053638,0,1
josephs,-0.017722187373450084,0.8940947564053638,0,1
judiciary,-0.017722187373450084,0.8940947564053638,0,1
justly,-0.017722187373450084,0.8940947564053638,0,1
ka-52,-0.017722187373450084,0.8940947564053638,0,1
kadyrov's,-0.017722187373450084,0.8940947564053638,0,1
kaliningrad,-0.017722187373450084,0.8940947564053638,0,1
kapa,-0.017722187373450084,0.8940947564053638,0,1
kapkanets,-0.017722187373450084,0.8940947564053638,0,1
kapu,-0.017722187373450084,0.8940947564053638,0,1
karaim,-0.017722187373450084,0.8940947564053638,0,1
karaims,-0.017722187373450084,0.8940947564053638,0,1
karbowska,-0.017722187373450084,0.8940947564053638,0,1
karim,-0.017722187373450084,0.8940947564053638,0,1
karlovske,-0.017722187373450084,0.8940947564053638,0,1
kartapolov,-0.017722187373450084,0.8940947564053638,0,1
keen,-0.017722187373450084,0.8940947564053638,0,1
keenly,-0.017722187373450084,0.8940947564053638,0,1
kemerovo,-0.017722187373450084,0.8940947564053638,0,1
kerch-yenikale,-0.017722187373450084,0.8940947564053638,0,1
kh,-0.017722187373450084,0.8940947564053638,0,1
kh-101,-0.017722187373450084,0.8940947564053638,0,1
kh-32,-0.017722187373450084,0.8940947564053638,0,1
kh-47m2,-0.017722187373450084,0.8940947564053638,0,1
kh-55,-0.017722187373450084,0.8940947564053638,0,1
kh-555,-0.017722187373450084,0.8940947564053638,0,1
khartsysk,-0.017722187373450084,0.8940947564053638,0,1
khasavyurt,-0.017722187373450084,0.8940947564053638,0,1
khazin's,-0.017722187373450084,0.8940947564053638,0,1
kherson's,-0.017722187373450084,0.8940947564053638,0,1
khmelnytskyi,-0.017722187373450084,0.8940947564053638,0,1
khrustalny,-0.017722187373450084,0.8940947564053638,0,1
kick-start,-0.017722187373450084,0.8940947564053638,0,1
kilometre,-0.017722187373450084,0.8940947564053638,0,1
kin,-0.017722187373450084,0.8940947564053638,0,1
kinzhal,-0.017722187373450084,0.8940947564053638,0,1
kiss,-0.017722187373450084,0.8940947564053638,0,1
kissinger,-0.017722187373450084,0.8940947564053638,0,1
kissinger's,-0.017722187373450084,0.8940947564053638,0,1
kitchen,-0.017722187373450084,0.8940947564053638,0,1
kitchens,-0.017722187373450084,0.8940947564053638,0,1
klavdia,-0.017722187373450084,0.8940947564053638,0,1
klykh,-0.017722187373450084,0.8940947564053638,0,1
knife,-0.017722187373450084,0.8940947564053638,0,1
knives,-0.017722187373450084,0.8940947564053638,0,1
knocking,-0.017722187373450084,0.8940947564053638,0,1
kokurin,-0.017722187373450084,0.8940947564053638,0,1
komachova,-0.017722187373450084,0.8940947564053638,0,1
konotop,-0.017722187373450084,0.8940947564053638,0,1
korets,-0.017722187373450084,0.8940947564053638,0,1
korzh,-0.017722187373450084,0.8940947564053638,0,1
kostroma,-0.017722187373450084,0.8940947564053638,0,1
kozyr,-0.017722187373450084,0.8940947564053638,0,1
krasnosulynsky,-0.017722187373450084,0.8940947564053638,0,1
kropyvnytskyi,-0.017722187373450084,0.8940947564053638,0,1
krymske,-0.017722187373450084,0.8940947564053638,0,1
kurakhove,-0.017722187373450084,0.8940947564053638,0,1
kyzylo,-0.017722187373450084,0.8940947564053638,0,1
l89,-0.017722187373450084,0.8940947564053638,0,1
l9-year-old,-0.017722187373450084,0.8940947564053638,0,1
labytnangi,-0.017722187373450084,0.8940947564053638,0,1
lagging,-0.017722187373450084,0.8940947564053638,0,1
laments,-0.017722187373450084,0.8940947564053638,0,1
landlords,-0.017722187373450084,0.8940947564053638,0,1
landmarks,-0.017722187373450084,0.8940947564053638,0,1
landscape,-0.017722187373450084,0.8940947564053638,0,1
large-tonnage,-0.017722187373450084,0.8940947564053638,0,1
laser-aiming,-0.017722187373450084,0.8940947564053638,0,1
laughed,-0.017722187373450084,0.8940947564053638,0,1
laundry,-0.017722187373450084,0.8940947564053638,0,1
lawfully,-0.017722187373450084,0.8940947564053638,0,1
lawyer,-0.017722187373450084,0.8940947564053638,0,1
le,-0.017722187373450084,0.8940947564053638,0,1
leakage,-0.017722187373450084,0.8940947564053638,0,1
lebed,-0.017722187373450084,0.8940947564053638,0,1
leisure,-0.017722187373450084,0.8940947564053638,0,1
lend,-0.017722187373450084,0.8940947564053638,0,1
leninske,-0.017722187373450084,0.8940947564053638,0,1
lent,-0.017722187373450084,0.8940947564053638,0,1
letsomerepeatoverandoveragain,-0.017722187373450084,0.8940947564053638,0,1
liars,-0.017722187373450084,0.8940947564053638,0,1
liberian,-0.017722187373450084,0.8940947564053638,0,1
library,-0.017722187373450084,0.8940947564053638,0,1
life-saving,-0.017722187373450084,0.8940947564053638,0,1
lifestyle,-0.017722187373450084,0.8940947564053638,0,1
lighter,-0.017722187373450084,0.8940947564053638,0,1
lights,-0.017722187373450084,0.8940947564053638,0,1
linas,-0.017722187373450084,0.8940947564053638,0,1
linchpin,-0.017722187373450084,0.8940947564053638,0,1
lingering,-0.017722187373450084,0.8940947564053638,0,1
linkevieius,-0.017722187373450084,0.8940947564053638,0,1
listener,-0.017722187373450084,0.8940947564053638,0,1
lists,-0.017722187373450084,0.8940947564053638,0,1
liudmyla,-0.017722187373450084,0.8940947564053638,0,1
liutizh,-0.017722187373450084,0.8940947564053638,0,1
livable,-0.017722187373450084,0.8940947564053638,0,1
lo,-0.017722187373450084,0.8940947564053638,0,1
locals,-0.017722187373450084,0.8940947564053638,0,1
long-lasting,-0.017722187373450084,0.8940947564053638,0,1
long-time,-0.017722187373450084,0.8940947564053638,0,1
loose,-0.017722187373450084,0.8940947564053638,0,1
looted,-0.017722187373450084,0.8940947564053638,0,1
loudly,-0.017722187373450084,0.8940947564053638,0,1
low-income,-0.017722187373450084,0.8940947564053638,0,1
low-intensity,-0.017722187373450084,0.8940947564053638,0,1
low-precision,-0.017722187373450084,0.8940947564053638,0,1
lowest,-0.017722187373450084,0.8940947564053638,0,1
lubanga,-0.017722187373450084,0.8940947564053638,0,1
luch,-0.017722187373450084,0.8940947564053638,0,1
lucifer,-0.017722187373450084,0.8940947564053638,0,1
lukashenko,-0.017722187373450084,0.8940947564053638,0,1
lunacy,-0.017722187373450084,0.8940947564053638,0,1
lutsk,-0.017722187373450084,0.8940947564053638,0,1
luxury,-0.017722187373450084,0.8940947564053638,0,1
luzan,-0.017722187373450084,0.8940947564053638,0,1
lyman,-0.017722187373450084,0.8940947564053638,0,1
lyzunivka,-0.017722187373450084,0.8940947564053638,0,1
m-14,-0.017722187373450084,0.8940947564053638,0,1
mad,-0.017722187373450084,0.8940947564053638,0,1
madrasa,-0.017722187373450084,0.8940947564053638,0,1
magic,-0.017722187373450084,0.8940947564053638,0,1
maikop,-0.017722187373450084,0.8940947564053638,0,1
maiming,-0.017722187373450084,0.8940947564053638,0,1
mainula,-0.017722187373450084,0.8940947564053638,0,1
makeshift,-0.017722187373450084,0.8940947564053638,0,1
makhachkala,-0.017722187373450084,0.8940947564053638,0,1
makhov,-0.017722187373450084,0.8940947564053638,0,1
malicious,-0.017722187373450084,0.8940947564053638,0,1
malls,-0.017722187373450084,0.8940947564053638,0,1
mangush-nikolske-yalta,-0.017722187373450084,0.8940947564053638,0,1
manhattan,-0.017722187373450084,0.8940947564053638,0,1
manifest,-0.017722187373450084,0.8940947564053638,0,1
manifestly,-0.017722187373450084,0.8940947564053638,0,1
manoeuvring,-0.017722187373450084,0.8940947564053638,0,1
manpad,-0.017722187373450084,0.8940947564053638,0,1
manpads,-0.017722187373450084,0.8940947564053638,0,1
manrique,-0.017722187373450084,0.8940947564053638,0,1
manuel,-0.017722187373450084,0.8940947564053638,0,1
manufacture,-0.017722187373450084,0.8940947564053638,0,1
marching,-0.017722187373450084,0.8940947564053638,0,1
margarita,-0.017722187373450084,0.8940947564053638,0,1
marines,-0.017722187373450084,0.8940947564053638,0,1
mariynka,-0.017722187373450084,0.8940947564053638,0,1
markers,-0.017722187373450084,0.8940947564053638,0,1
married,-0.017722187373450084,0.8940947564053638,0,1
martyred,-0.017722187373450084,0.8940947564053638,0,1
mary,-0.017722187373450084,0.8940947564053638,0,1
maryinka,-0.017722187373450084,0.8940947564053638,0,1
masking,-0.017722187373450084,0.8940947564053638,0,1
massacres,-0.017722187373450084,0.8940947564053638,0,1
masterminds,-0.017722187373450084,0.8940947564053638,0,1
match,-0.017722187373450084,0.8940947564053638,0,1
mayors,-0.017722187373450084,0.8940947564053638,0,1
me'decins,-0.017722187373450084,0.8940947564053638,0,1
meddling,-0.017722187373450084,0.8940947564053638,0,1
mediator,-0.017722187373450084,0.8940947564053638,0,1
medications,-0.017722187373450084,0.8940947564053638,0,1
meditate,-0.017722187373450084,0.8940947564053638,0,1
mediterranean,-0.017722187373450084,0.8940947564053638,0,1
meeting-dialogue,-0.017722187373450084,0.8940947564053638,0,1
memberships,-0.017722187373450084,0.8940947564053638,0,1
memediminov,-0.017722187373450084,0.8940947564053638,0,1
memo,-0.017722187373450084,0.8940947564053638,0,1
memorials,-0.017722187373450084,0.8940947564053638,0,1
memos,-0.017722187373450084,0.8940947564053638,0,1
mercilessly,-0.017722187373450084,0.8940947564053638,0,1
messenger,-0.017722187373450084,0.8940947564053638,0,1
metastasizes,-0.017722187373450084,0.8940947564053638,0,1
meted,-0.017722187373450084,0.8940947564053638,0,1
microeconomist,-0.017722187373450084,0.8940947564053638,0,1
mid-november,-0.017722187373450084,0.8940947564053638,0,1
mig,-0.017722187373450084,0.8940947564053638,0,1
milestones,-0.017722187373450084,0.8940947564053638,0,1
mindful,-0.017722187373450084,0.8940947564053638,0,1
minefield,-0.017722187373450084,0.8940947564053638,0,1
minimize,-0.017722187373450084,0.8940947564053638,0,1
miracle,-0.017722187373450084,0.8940947564053638,0,1
miscarriage,-0.017722187373450084,0.8940947564053638,0,1
misinform,-0.017722187373450084,0.8940947564053638,0,1
misinforming,-0.017722187373450084,0.8940947564053638,0,1
missile-terror,-0.017722187373450084,0.8940947564053638,0,1
mistakenly,-0.017722187373450084,0.8940947564053638,0,1
mistruth,-0.017722187373450084,0.8940947564053638,0,1
mix,-0.017722187373450084,0.8940947564053638,0,1
mixes,-0.017722187373450084,0.8940947564053638,0,1
modern-day,-0.017722187373450084,0.8940947564053638,0,1
modest,-0.017722187373450084,0.8940947564053638,0,1
mohammed,-0.017722187373450084,0.8940947564053638,0,1
moldovan-flagged,-0.017722187373450084,0.8940947564053638,0,1
mona,-0.017722187373450084,0.8940947564053638,0,1
montreal,-0.017722187373450084,0.8940947564053638,0,1
moon-like,-0.017722187373450084,0.8940947564053638,0,1
morally,-0.017722187373450084,0.8940947564053638,0,1
morbid,-0.017722187373450084,0.8940947564053638,0,1
morning's,-0.017722187373450084,0.8940947564053638,0,1
mortality,-0.017722187373450084,0.8940947564053638,0,1
mosfilm,-0.017722187373450084,0.8940947564053638,0,1
mosquitoes,-0.017722187373450084,0.8940947564053638,0,1
mother's,-0.017722187373450084,0.8940947564053638,0,1
mother-in-law,-0.017722187373450084,0.8940947564053638,0,1
motivation,-0.017722187373450084,0.8940947564053638,0,1
motivator,-0.017722187373450084,0.8940947564053638,0,1
motorcade,-0.017722187373450084,0.8940947564053638,0,1
motto,-0.017722187373450084,0.8940947564053638,0,1
mounting,-0.017722187373450084,0.8940947564053638,0,1
mourns,-0.017722187373450084,0.8940947564053638,0,1
mozhaev,-0.017722187373450084,0.8940947564053638,0,1
mud,-0.017722187373450084,0.8940947564053638,0,1
multi-story,-0.017722187373450084,0.8940947564053638,0,1
multilayered,-0.017722187373450084,0.8940947564053638,0,1
multiple-rocket,-0.017722187373450084,0.8940947564053638,0,1
multiplies,-0.017722187373450084,0.8940947564053638,0,1
mummy,-0.017722187373450084,0.8940947564053638,0,1
murderous,-0.017722187373450084,0.8940947564053638,0,1
mushrooms,-0.017722187373450084,0.8940947564053638,0,1
mustafayev,-0.017722187373450084,0.8940947564053638,0,1
mutilation,-0.017722187373450084,0.8940947564053638,0,1
mutiny,-0.017722187373450084,0.8940947564053638,0,1
mykyta,-0.017722187373450084,0.8940947564053638,0,1
myron's,-0.017722187373450084,0.8940947564053638,0,1
nadia,-0.017722187373450084,0.8940947564053638,0,1
nail,-0.017722187373450084,0.8940947564053638,0,1
nairobi,-0.017722187373450084,0.8940947564053638,0,1
nameplates,-0.017722187373450084,0.8940947564053638,0,1
nariman,-0.017722187373450084,0.8940947564053638,0,1
naro-fominsk,-0.017722187373450084,0.8940947564053638,0,1
narrow-minded,-0.017722187373450084,0.8940947564053638,0,1
nason,-0.017722187373450084,0.8940947564053638,0,1
nastia,-0.017722187373450084,0.8940947564053638,0,1
nations-accredited,-0.017722187373450084,0.8940947564053638,0,1
nations-led,-0.017722187373450084,0.8940947564053638,0,1
nations-mandated,-0.017722187373450084,0.8940947564053638,0,1
navigational,-0.017722187373450084,0.8940947564053638,0,1
navy's,-0.017722187373450084,0.8940947564053638,0,1
nder,-0.017722187373450084,0.8940947564053638,0,1
neck,-0.017722187373450084,0.8940947564053638,0,1
negligence,-0.017722187373450084,0.8940947564053638,0,1
negotiable,-0.017722187373450084,0.8940947564053638,0,1
neo-colonial,-0.017722187373450084,0.8940947564053638,0,1
neo-colonialism,-0.017722187373450084,0.8940947564053638,0,1
neocolonial-style,-0.017722187373450084,0.8940947564053638,0,1
neocolonialism,-0.017722187373450084,0.8940947564053638,0,1
neutrality,-0.017722187373450084,0.8940947564053638,0,1
never-ending,-0.017722187373450084,0.8940947564053638,0,1
newborns,-0.017722187373450084,0.8940947564053638,0,1
nicolas,-0.017722187373450084,0.8940947564053638,0,1
nights,-0.017722187373450084,0.8940947564053638,0,1
nihilism,-0.017722187373450084,0.8940947564053638,0,1
nikolske,-0.017722187373450084,0.8940947564053638,0,1
no-fly,-0.017722187373450084,0.8940947564053638,0,1
noah,-0.017722187373450084,0.8940947564053638,0,1
non-contradiction,-0.017722187373450084,0.8940947564053638,0,1
non-cooperation,-0.017722187373450084,0.8940947564053638,0,1
non-exhaustive,-0.017722187373450084,0.8940947564053638,0,1
non-government,-0.017722187373450084,0.8940947564053638,0,1
non-interference,-0.017722187373450084,0.8940947564053638,0,1
non-occupied,-0.017722187373450084,0.8940947564053638,0,1
non-russian,-0.017722187373450084,0.8940947564053638,0,1
non-starter,-0.017722187373450084,0.8940947564053638,0,1
non-use,-0.017722187373450084,0.8940947564053638,0,1
noon,-0.017722187373450084,0.8940947564053638,0,1
normalcy,-0.017722187373450084,0.8940947564053638,0,1
north-east,-0.017722187373450084,0.8940947564053638,0,1
north-north-eastern,-0.017722187373450084,0.8940947564053638,0,1
northward,-0.017722187373450084,0.8940947564053638,0,1
notable,-0.017722187373450084,0.8940947564053638,0,1
novhorod-siverskyi,-0.017722187373450084,0.8940947564053638,0,1
novohrodivka,-0.017722187373450084,0.8940947564053638,0,1
novorossiya,-0.017722187373450084,0.8940947564053638,0,1
novorossiysk,-0.017722187373450084,0.8940947564053638,0,1
novotoshkivske,-0.017722187373450084,0.8940947564053638,0,1
novotroitske,-0.017722187373450084,0.8940947564053638,0,1
nowinsouthossetia,-0.017722187373450084,0.8940947564053638,0,1
nuclear-warhead,-0.017722187373450084,0.8940947564053638,0,1
nything,-0.017722187373450084,0.8940947564053638,0,1
obedient,-0.017722187373450084,0.8940947564053638,0,1
objections,-0.017722187373450084,0.8940947564053638,0,1
obliterates,-0.017722187373450084,0.8940947564053638,0,1
obnoxious,-0.017722187373450084,0.8940947564053638,0,1
obsessive,-0.017722187373450084,0.8940947564053638,0,1
obstructing,-0.017722187373450084,0.8940947564053638,0,1
obstructs,-0.017722187373450084,0.8940947564053638,0,1
occupation's,-0.017722187373450084,0.8940947564053638,0,1
occupier,-0.017722187373450084,0.8940947564053638,0,1
occurs,-0.017722187373450084,0.8940947564053638,0,1
oddballs,-0.017722187373450084,0.8940947564053638,0,1
odds,-0.017722187373450084,0.8940947564053638,0,1
of2,-0.017722187373450084,0.8940947564053638,0,1
ofcondolence,-0.017722187373450084,0.8940947564053638,0,1
offensives,-0.017722187373450084,0.8940947564053638,0,1
office's,-0.017722187373450084,0.8940947564053638,0,1
ofher,-0.017722187373450084,0.8940947564053638,0,1
ofhuman,-0.017722187373450084,0.8940947564053638,0,1
ofmakeshift,-0.017722187373450084,0.8940947564053638,0,1
ofmalaysia,-0.017722187373450084,0.8940947564053638,0,1
ofnow,-0.017722187373450084,0.8940947564053638,0,1
oftoday,-0.017722187373450084,0.8940947564053638,0,1
oftoday's,-0.017722187373450084,0.8940947564053638,0,1
ofus,-0.017722187373450084,0.8940947564053638,0,1
ofwhich,-0.017722187373450084,0.8940947564053638,0,1
okhmadet,-0.017722187373450084,0.8940947564053638,0,1
oldest,-0.017722187373450084,0.8940947564053638,0,1
oleksandrivka,-0.017722187373450084,0.8940947564053638,0,1
olena,-0.017722187373450084,0.8940947564053638,0,1
oleshky,-0.017722187373450084,0.8940947564053638,0,1
olha,-0.017722187373450084,0.8940947564053638,0,1
olvia,-0.017722187373450084,0.8940947564053638,0,1
one-third,-0.017722187373450084,0.8940947564053638,0,1
one-year,-0.017722187373450084,0.8940947564053638,0,1
onus,-0.017722187373450084,0.8940947564053638,0,1
opponent,-0.017722187373450084,0.8940947564053638,0,1
oppressing,-0.017722187373450084,0.8940947564053638,0,1
opts,-0.017722187373450084,0.8940947564053638,0,1
order's,-0.017722187373450084,0.8940947564053638,0,1
organization's,-0.017722187373450084,0.8940947564053638,0,1
orthodoxy,-0.017722187373450084,0.8940947564053638,0,1
orwell,-0.017722187373450084,0.8940947564053638,0,1
orwell's,-0.017722187373450084,0.8940947564053638,0,1
osa,-0.017722187373450084,0.8940947564053638,0,1
ottawa,-0.017722187373450084,0.8940947564053638,0,1
outage,-0.017722187373450084,0.8940947564053638,0,1
outlet,-0.017722187373450084,0.8940947564053638,0,1
outsiders,-0.017722187373450084,0.8940947564053638,0,1
outstanding,-0.017722187373450084,0.8940947564053638,0,1
overcharge,-0.017722187373450084,0.8940947564053638,0,1
overhead,-0.017722187373450084,0.8940947564053638,0,1
overly,-0.017722187373450084,0.8940947564053638,0,1
overseen,-0.017722187373450084,0.8940947564053638,0,1
overstated,-0.017722187373450084,0.8940947564053638,0,1
overwhelmed,-0.017722187373450084,0.8940947564053638,0,1
pacifists,-0.017722187373450084,0.8940947564053638,0,1
pact,-0.017722187373450084,0.8940947564053638,0,1
pacts,-0.017722187373450084,0.8940947564053638,0,1
painter,-0.017722187373450084,0.8940947564053638,0,1
pair,-0.017722187373450084,0.8940947564053638,0,1
pairs,-0.017722187373450084,0.8940947564053638,0,1
panamanian-flagged,-0.017722187373450084,0.8940947564053638,0,1
panamax,-0.017722187373450084,0.8940947564053638,0,1
panov,-0.017722187373450084,0.8940947564053638,0,1
pantsir-l,-0.017722187373450084,0.8940947564053638,0,1
papers,-0.017722187373450084,0.8940947564053638,0,1
para,-0.017722187373450084,0.8940947564053638,0,1
paramedic,-0.017722187373450084,0.8940947564053638,0,1
paraphrase,-0.017722187373450084,0.8940947564053638,0,1
parcel,-0.017722187373450084,0.8940947564053638,0,1
pariahs,-0.017722187373450084,0.8940947564053638,0,1
parishioners,-0.017722187373450084,0.8940947564053638,0,1
passportization,-0.017722187373450084,0.8940947564053638,0,1
pasted,-0.017722187373450084,0.8940947564053638,0,1
patch,-0.017722187373450084,0.8940947564053638,0,1
pathways,-0.017722187373450084,0.8940947564053638,0,1
patience,-0.017722187373450084,0.8940947564053638,0,1
patriotism,-0.017722187373450084,0.8940947564053638,0,1
patriots,-0.017722187373450084,0.8940947564053638,0,1
patterns,-0.017722187373450084,0.8940947564053638,0,1
payloads,-0.017722187373450084,0.8940947564053638,0,1
peace-restoring,-0.017722187373450084,0.8940947564053638,0,1
peacebuilders,-0.017722187373450084,0.8940947564053638,0,1
peacefulpeople-women,-0.017722187373450084,0.8940947564053638,0,1
peaked,-0.017722187373450084,0.8940947564053638,0,1
peas,-0.017722187373450084,0.8940947564053638,0,1
pecheneg,-0.017722187373450084,0.8940947564053638,0,1
pechersk,-0.017722187373450084,0.8940947564053638,0,1
pedestrian,-0.017722187373450084,0.8940947564053638,0,1
penal,-0.017722187373450084,0.8940947564053638,0,1
penalty,-0.017722187373450084,0.8940947564053638,0,1
penetrate,-0.017722187373450084,0.8940947564053638,0,1
people-oriented,-0.017722187373450084,0.8940947564053638,0,1
permeated,-0.017722187373450084,0.8940947564053638,0,1
permitting,-0.017722187373450084,0.8940947564053638,0,1
perpetration,-0.017722187373450084,0.8940947564053638,0,1
persevere,-0.017722187373450084,0.8940947564053638,0,1
persistence,-0.017722187373450084,0.8940947564053638,0,1
personalities,-0.017722187373450084,0.8940947564053638,0,1
perversion,-0.017722187373450084,0.8940947564053638,0,1
pervert,-0.017722187373450084,0.8940947564053638,0,1
peter,-0.017722187373450084,0.8940947564053638,0,1
petrifying,-0.017722187373450084,0.8940947564053638,0,1
pharmacy,-0.017722187373450084,0.8940947564053638,0,1
philosopher,-0.017722187373450084,0.8940947564053638,0,1
photographer,-0.017722187373450084,0.8940947564053638,0,1
picked,-0.017722187373450084,0.8940947564053638,0,1
pile,-0.017722187373450084,0.8940947564053638,0,1
pilots,-0.017722187373450084,0.8940947564053638,0,1
pinochet,-0.017722187373450084,0.8940947564053638,0,1
piracy,-0.017722187373450084,0.8940947564053638,0,1
pit,-0.017722187373450084,0.8940947564053638,0,1
plainly,-0.017722187373450084,0.8940947564053638,0,1
plan's,-0.017722187373450084,0.8940947564053638,0,1
plastic,-0.017722187373450084,0.8940947564053638,0,1
pleasant,-0.017722187373450084,0.8940947564053638,0,1
pledges,-0.017722187373450084,0.8940947564053638,0,1
plenipotentiary,-0.017722187373450084,0.8940947564053638,0,1
plumbing,-0.017722187373450084,0.8940947564053638,0,1
plunder,-0.017722187373450084,0.8940947564053638,0,1
pluralistic,-0.017722187373450084,0.8940947564053638,0,1
poem,-0.017722187373450084,0.8940947564053638,0,1
poison,-0.017722187373450084,0.8940947564053638,0,1
pokrovsk,-0.017722187373450084,0.8940947564053638,0,1
political-diplomatic,-0.017722187373450084,0.8940947564053638,0,1
pollutants,-0.017722187373450084,0.8940947564053638,0,1
pollution,-0.017722187373450084,0.8940947564053638,0,1
pom-2,-0.017722187373450084,0.8940947564053638,0,1
pom-3,-0.017722187373450084,0.8940947564053638,0,1
pond,-0.017722187373450084,0.8940947564053638,0,1
ponomaryov,-0.017722187373450084,0.8940947564053638,0,1
pool,-0.017722187373450084,0.8940947564053638,0,1
popravko,-0.017722187373450084,0.8940947564053638,0,1
poroshencko,-0.017722187373450084,0.8940947564053638,0,1
possessing,-0.017722187373450084,0.8940947564053638,0,1
post-conflict,-0.017722187373450084,0.8940947564053638,0,1
post-electoral,-0.017722187373450084,0.8940947564053638,0,1
post-putin,-0.017722187373450084,0.8940947564053638,0,1
post-traumatic,-0.017722187373450084,0.8940947564053638,0,1
postal,-0.017722187373450084,0.8940947564053638,0,1
potentially,-0.017722187373450084,0.8940947564053638,0,1
pouring,-0.017722187373450084,0.8940947564053638,0,1
power-supply,-0.017722187373450084,0.8940947564053638,0,1
powerhouse,-0.017722187373450084,0.8940947564053638,0,1
powerlines,-0.017722187373450084,0.8940947564053638,0,1
prague,-0.017722187373450084,0.8940947564053638,0,1
pravdyne,-0.017722187373450084,0.8940947564053638,0,1
preambular,-0.017722187373450084,0.8940947564053638,0,1
precious,-0.017722187373450084,0.8940947564053638,0,1
precondition,-0.017722187373450084,0.8940947564053638,0,1
predator,-0.017722187373450084,0.8940947564053638,0,1
predators,-0.017722187373450084,0.8940947564053638,0,1
prelude,-0.017722187373450084,0.8940947564053638,0,1
preoccupied,-0.017722187373450084,0.8940947564053638,0,1
preparedness,-0.017722187373450084,0.8940947564053638,0,1
preposterous,-0.017722187373450084,0.8940947564053638,0,1
preserved,-0.017722187373450084,0.8940947564053638,0,1
pressures,-0.017722187373450084,0.8940947564053638,0,1
presume,-0.017722187373450084,0.8940947564053638,0,1
pretrial,-0.017722187373450084,0.8940947564053638,0,1
pretzel,-0.017722187373450084,0.8940947564053638,0,1
preventively,-0.017722187373450084,0.8940947564053638,0,1
preview,-0.017722187373450084,0.8940947564053638,0,1
prey,-0.017722187373450084,0.8940947564053638,0,1
prime-time,-0.017722187373450084,0.8940947564053638,0,1
principals,-0.017722187373450084,0.8940947564053638,0,1
prine,-0.017722187373450084,0.8940947564053638,0,1
prioritize,-0.017722187373450084,0.8940947564053638,0,1
prisoner-of-war,-0.017722187373450084,0.8940947564053638,0,1
pro,-0.017722187373450084,0.8940947564053638,0,1
procedurally,-0.017722187373450084,0.8940947564053638,0,1
proceeding,-0.017722187373450084,0.8940947564053638,0,1
proceeds,-0.017722187373450084,0.8940947564053638,0,1
proclaim,-0.017722187373450084,0.8940947564053638,0,1
profanities,-0.017722187373450084,0.8940947564053638,0,1
profoundly,-0.017722187373450084,0.8940947564053638,0,1
progression,-0.017722187373450084,0.8940947564053638,0,1
prohibitions,-0.017722187373450084,0.8940947564053638,0,1
prolixity,-0.017722187373450084,0.8940947564053638,0,1
promulgated,-0.017722187373450084,0.8940947564053638,0,1
propagation,-0.017722187373450084,0.8940947564053638,0,1
propelled,-0.017722187373450084,0.8940947564053638,0,1
proscribed,-0.017722187373450084,0.8940947564053638,0,1
prosecutor-general,-0.017722187373450084,0.8940947564053638,0,1
prosecutor-general's,-0.017722187373450084,0.8940947564053638,0,1
prosecutorsandinvestigatorsarealsocloselycooperating,-0.017722187373450084,0.8940947564053638,0,1
prosperous,-0.017722187373450084,0.8940947564053638,0,1
prote'ges,-0.017722187373450084,0.8940947564053638,0,1
protestant,-0.017722187373450084,0.8940947564053638,0,1
protract,-0.017722187373450084,0.8940947564053638,0,1
protracted,-0.017722187373450084,0.8940947564053638,0,1
proven,-0.017722187373450084,0.8940947564053638,0,1
provokes,-0.017722187373450084,0.8940947564053638,0,1
prystan,-0.017722187373450084,0.8940947564053638,0,1
pseudo-elections,-0.017722187373450084,0.8940947564053638,0,1
pseudo-legitimate,-0.017722187373450084,0.8940947564053638,0,1
pseudo-referendum,-0.017722187373450084,0.8940947564053638,0,1
pskov,-0.017722187373450084,0.8940947564053638,0,1
psychologically,-0.017722187373450084,0.8940947564053638,0,1
psychologist,-0.017722187373450084,0.8940947564053638,0,1
public-inspired,-0.017722187373450084,0.8940947564053638,0,1
publically,-0.017722187373450084,0.8940947564053638,0,1
publicity,-0.017722187373450084,0.8940947564053638,0,1
pulling,-0.017722187373450084,0.8940947564053638,0,1
pumps,-0.017722187373450084,0.8940947564053638,0,1
pundits,-0.017722187373450084,0.8940947564053638,0,1
punishes,-0.017722187373450084,0.8940947564053638,0,1
purgation,-0.017722187373450084,0.8940947564053638,0,1
purgatory,-0.017722187373450084,0.8940947564053638,0,1
putinite,-0.017722187373450084,0.8940947564053638,0,1
puts,-0.017722187373450084,0.8940947564053638,0,1
quarters,-0.017722187373450084,0.8940947564053638,0,1
quasi-private,-0.017722187373450084,0.8940947564053638,0,1
questioning,-0.017722187373450084,0.8940947564053638,0,1
queueing,-0.017722187373450084,0.8940947564053638,0,1
queues,-0.017722187373450084,0.8940947564053638,0,1
quo,-0.017722187373450084,0.8940947564053638,0,1
quotations,-0.017722187373450084,0.8940947564053638,0,1
raided,-0.017722187373450084,0.8940947564053638,0,1
railways,-0.017722187373450084,0.8940947564053638,0,1
rained,-0.017722187373450084,0.8940947564053638,0,1
rammed,-0.017722187373450084,0.8940947564053638,0,1
ransom,-0.017722187373450084,0.8940947564053638,0,1
rapeseed,-0.017722187373450084,0.8940947564053638,0,1
raping,-0.017722187373450084,0.8940947564053638,0,1
rapprochement,-0.017722187373450084,0.8940947564053638,0,1
rashevska,-0.017722187373450084,0.8940947564053638,0,1
ratifying,-0.017722187373450084,0.8940947564053638,0,1
ravage,-0.017722187373450084,0.8940947564053638,0,1
re,-0.017722187373450084,0.8940947564053638,0,1
re-emphasize,-0.017722187373450084,0.8940947564053638,0,1
re-expelled,-0.017722187373450084,0.8940947564053638,0,1
re-read,-0.017722187373450084,0.8940947564053638,0,1
reaches,-0.017722187373450084,0.8940947564053638,0,1
reactors,-0.017722187373450084,0.8940947564053638,0,1
reaffirming,-0.017722187373450084,0.8940947564053638,0,1
reappearing,-0.017722187373450084,0.8940947564053638,0,1
rebelled,-0.017722187373450084,0.8940947564053638,0,1
rebury,-0.017722187373450084,0.8940947564053638,0,1
recharge,-0.017722187373450084,0.8940947564053638,0,1
reciprocated,-0.017722187373450084,0.8940947564053638,0,1
recluses,-0.017722187373450084,0.8940947564053638,0,1
recolour,-0.017722187373450084,0.8940947564053638,0,1
recommending,-0.017722187373450084,0.8940947564053638,0,1
reconcile,-0.017722187373450084,0.8940947564053638,0,1
recovered,-0.017722187373450084,0.8940947564053638,0,1
recovers,-0.017722187373450084,0.8940947564053638,0,1
recruiters,-0.017722187373450084,0.8940947564053638,0,1
recur,-0.017722187373450084,0.8940947564053638,0,1
red-handed,-0.017722187373450084,0.8940947564053638,0,1
redeploy,-0.017722187373450084,0.8940947564053638,0,1
redid,-0.017722187373450084,0.8940947564053638,0,1
refat,-0.017722187373450084,0.8940947564053638,0,1
referencing,-0.017722187373450084,0.8940947564053638,0,1
reforming,-0.017722187373450084,0.8940947564053638,0,1
regionally,-0.017722187373450084,0.8940947564053638,0,1
regretful,-0.017722187373450084,0.8940947564053638,0,1
regrow,-0.017722187373450084,0.8940947564053638,0,1
regulatory,-0.017722187373450084,0.8940947564053638,0,1
reimbursement,-0.017722187373450084,0.8940947564053638,0,1
reinforcements,-0.017722187373450084,0.8940947564053638,0,1
reinvigorating,-0.017722187373450084,0.8940947564053638,0,1
reiterating,-0.017722187373450084,0.8940947564053638,0,1
rejoicing,-0.017722187373450084,0.8940947564053638,0,1
relationships,-0.017722187373450084,0.8940947564053638,0,1
relayed,-0.017722187373450084,0.8940947564053638,0,1
releasing,-0.017722187373450084,0.8940947564053638,0,1
relegate,-0.017722187373450084,0.8940947564053638,0,1
reliant,-0.017722187373450084,0.8940947564053638,0,1
relieved,-0.017722187373450084,0.8940947564053638,0,1
relocate,-0.017722187373450084,0.8940947564053638,0,1
remainder,-0.017722187373450084,0.8940947564053638,0,1
reminding,-0.017722187373450084,0.8940947564053638,0,1
removes,-0.017722187373450084,0.8940947564053638,0,1
renew,-0.017722187373450084,0.8940947564053638,0,1
renewal,-0.017722187373450084,0.8940947564053638,0,1
reni,-0.017722187373450084,0.8940947564053638,0,1
reorient,-0.017722187373450084,0.8940947564053638,0,1
repairer,-0.017722187373450084,0.8940947564053638,0,1
repairs,-0.017722187373450084,0.8940947564053638,0,1
reparation,-0.017722187373450084,0.8940947564053638,0,1
repeal,-0.017722187373450084,0.8940947564053638,0,1
repeats,-0.017722187373450084,0.8940947564053638,0,1
repelling,-0.017722187373450084,0.8940947564053638,0,1
replaces,-0.017722187373450084,0.8940947564053638,0,1
replenish,-0.017722187373450084,0.8940947564053638,0,1
replenishment,-0.017722187373450084,0.8940947564053638,0,1
replies,-0.017722187373450084,0.8940947564053638,0,1
representativeness,-0.017722187373450084,0.8940947564053638,0,1
repressed,-0.017722187373450084,0.8940947564053638,0,1
reproduce,-0.017722187373450084,0.8940947564053638,0,1
reproductions,-0.017722187373450084,0.8940947564053638,0,1
repulsive,-0.017722187373450084,0.8940947564053638,0,1
requiring,-0.017722187373450084,0.8940947564053638,0,1
rescuing,-0.017722187373450084,0.8940947564053638,0,1
reservations,-0.017722187373450084,0.8940947564053638,0,1
reshat,-0.017722187373450084,0.8940947564053638,0,1
residual,-0.017722187373450084,0.8940947564053638,0,1
resign,-0.017722187373450084,0.8940947564053638,0,1
resisted,-0.017722187373450084,0.8940947564053638,0,1
resting,-0.017722187373450084,0.8940947564053638,0,1
restores,-0.017722187373450084,0.8940947564053638,0,1
restrained,-0.017722187373450084,0.8940947564053638,0,1
restraints,-0.017722187373450084,0.8940947564053638,0,1
restricted,-0.017722187373450084,0.8940947564053638,0,1
retake,-0.017722187373450084,0.8940947564053638,0,1
retirees,-0.017722187373450084,0.8940947564053638,0,1
retreat,-0.017722187373450084,0.8940947564053638,0,1
retrieved,-0.017722187373450084,0.8940947564053638,0,1
retrieving,-0.017722187373450084,0.8940947564053638,0,1
reveal,-0.017722187373450084,0.8940947564053638,0,1
reverberate,-0.017722187373450084,0.8940947564053638,0,1
reviewed,-0.017722187373450084,0.8940947564053638,0,1
revive,-0.017722187373450084,0.8940947564053638,0,1
revolutionary,-0.017722187373450084,0.8940947564053638,0,1
rifat,-0.017722187373450084,0.8940947564053638,0,1
ring,-0.017722187373450084,0.8940947564053638,0,1
ring-leaders,-0.017722187373450084,0.8940947564053638,0,1
ripped,-0.017722187373450084,0.8940947564053638,0,1
rises,-0.017722187373450084,0.8940947564053638,0,1
rivne,-0.017722187373450084,0.8940947564053638,0,1
roaming,-0.017722187373450084,0.8940947564053638,0,1
robert,-0.017722187373450084,0.8940947564053638,0,1
rocket-launched,-0.017722187373450084,0.8940947564053638,0,1
rocket-system,-0.017722187373450084,0.8940947564053638,0,1
rolling,-0.017722187373450084,0.8940947564053638,0,1
rollins,-0.017722187373450084,0.8940947564053638,0,1
romantic,-0.017722187373450084,0.8940947564053638,0,1
ronaldo,-0.017722187373450084,0.8940947564053638,0,1
rotate,-0.017722187373450084,0.8940947564053638,0,1
rotating,-0.017722187373450084,0.8940947564053638,0,1
rotation,-0.017722187373450084,0.8940947564053638,0,1
ruble,-0.017722187373450084,0.8940947564053638,0,1
rudnya-talska,-0.017722187373450084,0.8940947564053638,0,1
rudolph,-0.017722187373450084,0.8940947564053638,0,1
ruining,-0.017722187373450084,0.8940947564053638,0,1
rumour,-0.017722187373450084,0.8940947564053638,0,1
ruptures,-0.017722187373450084,0.8940947564053638,0,1
rushing,-0.017722187373450084,0.8940947564053638,0,1
ruslan,-0.017722187373450084,0.8940947564053638,0,1
russia-1,-0.017722187373450084,0.8940947564053638,0,1
russia-controlled,-0.017722187373450084,0.8940947564053638,0,1
russia-ism,-0.017722187373450084,0.8940947564053638,0,1
russia-supported,-0.017722187373450084,0.8940947564053638,0,1
russian's,-0.017722187373450084,0.8940947564053638,0,1
russian-georgian,-0.017722187373450084,0.8940947564053638,0,1
russian-kadyrov,-0.017722187373450084,0.8940947564053638,0,1
russian-occupation,-0.017722187373450084,0.8940947564053638,0,1
russian-proxy-controlled,-0.017722187373450084,0.8940947564053638,0,1
russian-sponsored,-0.017722187373450084,0.8940947564053638,0,1
russian-style,-0.017722187373450084,0.8940947564053638,0,1
russian-supplied,-0.017722187373450084,0.8940947564053638,0,1
russism,-0.017722187373450084,0.8940947564053638,0,1
russists,-0.017722187373450084,0.8940947564053638,0,1
russsian,-0.017722187373450084,0.8940947564053638,0,1
rzeszow,-0.017722187373450084,0.8940947564053638,0,1
s-400,-0.017722187373450084,0.8940947564053638,0,1
sacrifices,-0.017722187373450084,0.8940947564053638,0,1
safeguarding,-0.017722187373450084,0.8940947564053638,0,1
safewomen.com.ua,-0.017722187373450084,0.8940947564053638,0,1
saga,-0.017722187373450084,0.8940947564053638,0,1
sailed,-0.017722187373450084,0.8940947564053638,0,1
sakhalin,-0.017722187373450084,0.8940947564053638,0,1
sakharov,-0.017722187373450084,0.8940947564053638,0,1
salisbury,-0.017722187373450084,0.8940947564053638,0,1
saliva,-0.017722187373450084,0.8940947564053638,0,1
salt,-0.017722187373450084,0.8940947564053638,0,1
salvation,-0.017722187373450084,0.8940947564053638,0,1
samara,-0.017722187373450084,0.8940947564053638,0,1
san,-0.017722187373450084,0.8940947564053638,0,1
sand,-0.017722187373450084,0.8940947564053638,0,1
sans,-0.017722187373450084,0.8940947564053638,0,1
sanzhary,-0.017722187373450084,0.8940947564053638,0,1
sapiens,-0.017722187373450084,0.8940947564053638,0,1
sappers,-0.017722187373450084,0.8940947564053638,0,1
sartana,-0.017722187373450084,0.8940947564053638,0,1
satire,-0.017722187373450084,0.8940947564053638,0,1
savachenko,-0.017722187373450084,0.8940947564053638,0,1
savchenko-sentsov,-0.017722187373450084,0.8940947564053638,0,1
saves,-0.017722187373450084,0.8940947564053638,0,1
scaled,-0.017722187373450084,0.8940947564053638,0,1
scar,-0.017722187373450084,0.8940947564053638,0,1
scarcely,-0.017722187373450084,0.8940947564053638,0,1
schastia,-0.017722187373450084,0.8940947564053638,0,1
schedule,-0.017722187373450084,0.8940947564053638,0,1
scholars,-0.017722187373450084,0.8940947564053638,0,1
scientific,-0.017722187373450084,0.8940947564053638,0,1
scorched,-0.017722187373450084,0.8940947564053638,0,1
screens,-0.017722187373450084,0.8940947564053638,0,1
sea-based,-0.017722187373450084,0.8940947564053638,0,1
seal,-0.017722187373450084,0.8940947564053638,0,1
sealing,-0.017722187373450084,0.8940947564053638,0,1
searches,-0.017722187373450084,0.8940947564053638,0,1
seas,-0.017722187373450084,0.8940947564053638,0,1
sectoral,-0.017722187373450084,0.8940947564053638,0,1
secured,-0.017722187373450084,0.8940947564053638,0,1
securing,-0.017722187373450084,0.8940947564053638,0,1
seeds,-0.017722187373450084,0.8940947564053638,0,1
seismic,-0.017722187373450084,0.8940947564053638,0,1
self-interests,-0.017722187373450084,0.8940947564053638,0,1
sell,-0.017722187373450084,0.8940947564053638,0,1
semblance,-0.017722187373450084,0.8940947564053638,0,1
semedlyaev,-0.017722187373450084,0.8940947564053638,0,1
senselessly,-0.017722187373450084,0.8940947564053638,0,1
sensors,-0.017722187373450084,0.8940947564053638,0,1
separations,-0.017722187373450084,0.8940947564053638,0,1
serhiivka,-0.017722187373450084,0.8940947564053638,0,1
serry,-0.017722187373450084,0.8940947564053638,0,1
servicewoman,-0.017722187373450084,0.8940947564053638,0,1
sesame,-0.017722187373450084,0.8940947564053638,0,1
seventy-fifth,-0.017722187373450084,0.8940947564053638,0,1
seventy-fourth,-0.017722187373450084,0.8940947564053638,0,1
seventy-ninth,-0.017722187373450084,0.8940947564053638,0,1
seventy-seven,-0.017722187373450084,0.8940947564053638,0,1
sg,-0.017722187373450084,0.8940947564053638,0,1
shahed-136,-0.017722187373450084,0.8940947564053638,0,1
shakespeare,-0.017722187373450084,0.8940947564053638,0,1
shakhtarsk,-0.017722187373450084,0.8940947564053638,0,1
shape,-0.017722187373450084,0.8940947564053638,0,1
shaymardanov,-0.017722187373450084,0.8940947564053638,0,1
sheep's,-0.017722187373450084,0.8940947564053638,0,1
sheer,-0.017722187373450084,0.8940947564053638,0,1
shellfire,-0.017722187373450084,0.8940947564053638,0,1
sherrie,-0.017722187373450084,0.8940947564053638,0,1
shilovo,-0.017722187373450084,0.8940947564053638,0,1
shoot-to-kill,-0.017722187373450084,0.8940947564053638,0,1
shooting-down,-0.017722187373450084,0.8940947564053638,0,1
short-sightedness,-0.017722187373450084,0.8940947564053638,0,1
shotguns,-0.017722187373450084,0.8940947564053638,0,1
shyroka,-0.017722187373450084,0.8940947564053638,0,1
sibirsk,-0.017722187373450084,0.8940947564053638,0,1
sickening,-0.017722187373450084,0.8940947564053638,0,1
silently,-0.017722187373450084,0.8940947564053638,0,1
sima,-0.017722187373450084,0.8940947564053638,0,1
similarities,-0.017722187373450084,0.8940947564053638,0,1
simultaneously,-0.017722187373450084,0.8940947564053638,0,1
sincerity,-0.017722187373450084,0.8940947564053638,0,1
sinister,-0.017722187373450084,0.8940947564053638,0,1
sink,-0.017722187373450084,0.8940947564053638,0,1
sinking,-0.017722187373450084,0.8940947564053638,0,1
sits,-0.017722187373450084,0.8940947564053638,0,1
sixteen,-0.017722187373450084,0.8940947564053638,0,1
sixty,-0.017722187373450084,0.8940947564053638,0,1
sjedove,-0.017722187373450084,0.8940947564053638,0,1
skabeyeva,-0.017722187373450084,0.8940947564053638,0,1
skilfully,-0.017722187373450084,0.8940947564053638,0,1
skilled,-0.017722187373450084,0.8940947564053638,0,1
skills,-0.017722187373450084,0.8940947564053638,0,1
skovoroda,-0.017722187373450084,0.8940947564053638,0,1
skyrocketed,-0.017722187373450084,0.8940947564053638,0,1
slammed,-0.017722187373450084,0.8940947564053638,0,1
slaves,-0.017722187373450084,0.8940947564053638,0,1
sleeping,-0.017722187373450084,0.8940947564053638,0,1
sleeve,-0.017722187373450084,0.8940947564053638,0,1
slip,-0.017722187373450084,0.8940947564053638,0,1
slips,-0.017722187373450084,0.8940947564053638,0,1
slop,-0.017722187373450084,0.8940947564053638,0,1
slovansk,-0.017722187373450084,0.8940947564053638,0,1
sly,-0.017722187373450084,0.8940947564053638,0,1
sm,-0.017722187373450084,0.8940947564053638,0,1
smart,-0.017722187373450084,0.8940947564053638,0,1
smartphone,-0.017722187373450084,0.8940947564053638,0,1
smila,-0.017722187373450084,0.8940947564053638,0,1
smile,-0.017722187373450084,0.8940947564053638,0,1
smm's,-0.017722187373450084,0.8940947564053638,0,1
smouldering,-0.017722187373450084,0.8940947564053638,0,1
sneaky,-0.017722187373450084,0.8940947564053638,0,1
snyder,-0.017722187373450084,0.8940947564053638,0,1
sociocultural,-0.017722187373450084,0.8940947564053638,0,1
sofiivka,-0.017722187373450084,0.8940947564053638,0,1
solemn,-0.017722187373450084,0.8940947564053638,0,1
solid,-0.017722187373450084,0.8940947564053638,0,1
sontseve,-0.017722187373450084,0.8940947564053638,0,1
soul,-0.017722187373450084,0.8940947564053638,0,1
southward,-0.017722187373450084,0.8940947564053638,0,1
sova,-0.017722187373450084,0.8940947564053638,0,1
soviet-era,-0.017722187373450084,0.8940947564053638,0,1
soviet-finnish,-0.017722187373450084,0.8940947564053638,0,1
sown,-0.017722187373450084,0.8940947564053638,0,1
spam,-0.017722187373450084,0.8940947564053638,0,1
spans,-0.017722187373450084,0.8940947564053638,0,1
sparing,-0.017722187373450084,0.8940947564053638,0,1
specializes,-0.017722187373450084,0.8940947564053638,0,1
spewed,-0.017722187373450084,0.8940947564053638,0,1
spirals,-0.017722187373450084,0.8940947564053638,0,1
spirt,-0.017722187373450084,0.8940947564053638,0,1
sponsorship,-0.017722187373450084,0.8940947564053638,0,1
spores,-0.017722187373450084,0.8940947564053638,0,1
spree,-0.017722187373450084,0.8940947564053638,0,1
sprinting,-0.017722187373450084,0.8940947564053638,0,1
sputnik,-0.017722187373450084,0.8940947564053638,0,1
squatter,-0.017722187373450084,0.8940947564053638,0,1
squatting,-0.017722187373450084,0.8940947564053638,0,1
st,-0.017722187373450084,0.8940947564053638,0,1
stakeout,-0.017722187373450084,0.8940947564053638,0,1
stalinist,-0.017722187373450084,0.8940947564053638,0,1
stalling,-0.017722187373450084,0.8940947564053638,0,1
stanislav,-0.017722187373450084,0.8940947564053638,0,1
stanytsya,-0.017722187373450084,0.8940947564053638,0,1
stark,-0.017722187373450084,0.8940947564053638,0,1
starkest,-0.017722187373450084,0.8940947564053638,0,1
starobeshevo,-0.017722187373450084,0.8940947564053638,0,1
starohnativka,-0.017722187373450084,0.8940947564053638,0,1
starved,-0.017722187373450084,0.8940947564053638,0,1
state-sponsored,-0.017722187373450084,0.8940947564053638,0,1
state-supported,-0.017722187373450084,0.8940947564053638,0,1
stationing,-0.017722187373450084,0.8940947564053638,0,1
stavropol,-0.017722187373450084,0.8940947564053638,0,1
steep,-0.017722187373450084,0.8940947564053638,0,1
stefanishyna,-0.017722187373450084,0.8940947564053638,0,1
stephen,-0.017722187373450084,0.8940947564053638,0,1
stepove,-0.017722187373450084,0.8940947564053638,0,1
stepping-stone,-0.017722187373450084,0.8940947564053638,0,1
stipulating,-0.017722187373450084,0.8940947564053638,0,1
stockpiles,-0.017722187373450084,0.8940947564053638,0,1
stoppages,-0.017722187373450084,0.8940947564053638,0,1
storeys,-0.017722187373450084,0.8940947564053638,0,1
strada-ukraine,-0.017722187373450084,0.8940947564053638,0,1
strangled,-0.017722187373450084,0.8940947564053638,0,1
strangling,-0.017722187373450084,0.8940947564053638,0,1
strategies,-0.017722187373450084,0.8940947564053638,0,1
strielkov.the,-0.017722187373450084,0.8940947564053638,0,1
stripes,-0.017722187373450084,0.8940947564053638,0,1
strives,-0.017722187373450084,0.8940947564053638,0,1
struggles,-0.017722187373450084,0.8940947564053638,0,1
student,-0.017722187373450084,0.8940947564053638,0,1
studio,-0.017722187373450084,0.8940947564053638,0,1
stupendous,-0.017722187373450084,0.8940947564053638,0,1
su-35,-0.017722187373450084,0.8940947564053638,0,1
sub-office,-0.017722187373450084,0.8940947564053638,0,1
submachine,-0.017722187373450084,0.8940947564053638,0,1
substantiate,-0.017722187373450084,0.8940947564053638,0,1
substantiated,-0.017722187373450084,0.8940947564053638,0,1
substitute,-0.017722187373450084,0.8940947564053638,0,1
subversion,-0.017722187373450084,0.8940947564053638,0,1
subvert,-0.017722187373450084,0.8940947564053638,0,1
succeeds,-0.017722187373450084,0.8940947564053638,0,1
successive,-0.017722187373450084,0.8940947564053638,0,1
succumbs,-0.017722187373450084,0.8940947564053638,0,1
suggesting,-0.017722187373450084,0.8940947564053638,0,1
suitcases,-0.017722187373450084,0.8940947564053638,0,1
sukhenko,-0.017722187373450084,0.8940947564053638,0,1
sum,-0.017722187373450084,0.8940947564053638,0,1
summarize,-0.017722187373450084,0.8940947564053638,0,1
summit's,-0.017722187373450084,0.8940947564053638,0,1
sunday's,-0.017722187373450084,0.8940947564053638,0,1
supermarket,-0.017722187373450084,0.8940947564053638,0,1
supersonic,-0.017722187373450084,0.8940947564053638,0,1
supplementary,-0.017722187373450084,0.8940947564053638,0,1
supporter,-0.017722187373450084,0.8940947564053638,0,1
surface-to,-0.017722187373450084,0.8940947564053638,0,1
surfaces,-0.017722187373450084,0.8940947564053638,0,1
surgeons,-0.017722187373450084,0.8940947564053638,0,1
surpassed,-0.017722187373450084,0.8940947564053638,0,1
surpasses,-0.017722187373450084,0.8940947564053638,0,1
surround,-0.017722187373450084,0.8940947564053638,0,1
suspect,-0.017722187373450084,0.8940947564053638,0,1
suspect's,-0.017722187373450084,0.8940947564053638,0,1
suspension,-0.017722187373450084,0.8940947564053638,0,1
suspicious,-0.017722187373450084,0.8940947564053638,0,1
sustaining,-0.017722187373450084,0.8940947564053638,0,1
swap,-0.017722187373450084,0.8940947564053638,0,1
switching,-0.017722187373450084,0.8940947564053638,0,1
symbolism,-0.017722187373450084,0.8940947564053638,0,1
syrovyi,-0.017722187373450084,0.8940947564053638,0,1
systematize,-0.017722187373450084,0.8940947564053638,0,1
systemically,-0.017722187373450084,0.8940947564053638,0,1
sytnyk,-0.017722187373450084,0.8940947564053638,0,1
t-64,-0.017722187373450084,0.8940947564053638,0,1
taganrog,-0.017722187373450084,0.8940947564053638,0,1
talented,-0.017722187373450084,0.8940947564053638,0,1
tamed,-0.017722187373450084,0.8940947564053638,0,1
tanin,-0.017722187373450084,0.8940947564053638,0,1
tasking,-0.017722187373450084,0.8940947564053638,0,1
tax,-0.017722187373450084,0.8940947564053638,0,1
team's,-0.017722187373450084,0.8940947564053638,0,1
tear,-0.017722187373450084,0.8940947564053638,0,1
technique,-0.017722187373450084,0.8940947564053638,0,1
teetering,-0.017722187373450084,0.8940947564053638,0,1
television's,-0.017722187373450084,0.8940947564053638,0,1
tells,-0.017722187373450084,0.8940947564053638,0,1
telmanove,-0.017722187373450084,0.8940947564053638,0,1
tempted,-0.017722187373450084,0.8940947564053638,0,1
tenaciously,-0.017722187373450084,0.8940947564053638,0,1
tended,-0.017722187373450084,0.8940947564053638,0,1
tendency,-0.017722187373450084,0.8940947564053638,0,1
tends,-0.017722187373450084,0.8940947564053638,0,1
terminal,-0.017722187373450084,0.8940947564053638,0,1
ternopil,-0.017722187373450084,0.8940947564053638,0,1
territorially,-0.017722187373450084,0.8940947564053638,0,1
th3,-0.017722187373450084,0.8940947564053638,0,1
thankful,-0.017722187373450084,0.8940947564053638,0,1
theactions,-0.017722187373450084,0.8940947564053638,0,1
thematic,-0.017722187373450084,0.8940947564053638,0,1
themself,-0.017722187373450084,0.8940947564053638,0,1
thepresidentialstatement,-0.017722187373450084,0.8940947564053638,0,1
thereof,-0.017722187373450084,0.8940947564053638,0,1
thereto,-0.017722187373450084,0.8940947564053638,0,1
thermal,-0.017722187373450084,0.8940947564053638,0,1
thief,-0.017722187373450084,0.8940947564053638,0,1
thinly,-0.017722187373450084,0.8940947564053638,0,1
thirtieth,-0.017722187373450084,0.8940947564053638,0,1
thirty,-0.017722187373450084,0.8940947564053638,0,1
thirty-second,-0.017722187373450084,0.8940947564053638,0,1
thirty-three,-0.017722187373450084,0.8940947564053638,0,1
thomas-greenfield,-0.017722187373450084,0.8940947564053638,0,1
thoughts,-0.017722187373450084,0.8940947564053638,0,1
thousand-year,-0.017722187373450084,0.8940947564053638,0,1
threatenting,-0.017722187373450084,0.8940947564053638,0,1
three-century-old,-0.017722187373450084,0.8940947564053638,0,1
throughput,-0.017722187373450084,0.8940947564053638,0,1
throws,-0.017722187373450084,0.8940947564053638,0,1
timothy,-0.017722187373450084,0.8940947564053638,0,1
tireless,-0.017722187373450084,0.8940947564053638,0,1
tochka-u's,-0.017722187373450084,0.8940947564053638,0,1
toilet,-0.017722187373450084,0.8940947564053638,0,1
tolerating,-0.017722187373450084,0.8940947564053638,0,1
tolya,-0.017722187373450084,0.8940947564053638,0,1
tommyrot,-0.017722187373450084,0.8940947564053638,0,1
tongues,-0.017722187373450084,0.8940947564053638,0,1
topsoil,-0.017722187373450084,0.8940947564053638,0,1
torets,-0.017722187373450084,0.8940947564053638,0,1
tormenting,-0.017722187373450084,0.8940947564053638,0,1
torrential,-0.017722187373450084,0.8940947564053638,0,1
torturous,-0.017722187373450084,0.8940947564053638,0,1
toss,-0.017722187373450084,0.8940947564053638,0,1
tossed,-0.017722187373450084,0.8940947564053638,0,1
totalitarianism,-0.017722187373450084,0.8940947564053638,0,1
touch-line,-0.017722187373450084,0.8940947564053638,0,1
touching,-0.017722187373450084,0.8940947564053638,0,1
tough,-0.017722187373450084,0.8940947564053638,0,1
tougher,-0.017722187373450084,0.8940947564053638,0,1
tour,-0.017722187373450084,0.8940947564053638,0,1
toyberg-frandzen,-0.017722187373450084,0.8940947564053638,0,1
tracked,-0.017722187373450084,0.8940947564053638,0,1
traction,-0.017722187373450084,0.8940947564053638,0,1
tragically,-0.017722187373450084,0.8940947564053638,0,1
traitor,-0.017722187373450084,0.8940947564053638,0,1
transformations,-0.017722187373450084,0.8940947564053638,0,1
transformers,-0.017722187373450084,0.8940947564053638,0,1
transgressed,-0.017722187373450084,0.8940947564053638,0,1
transiting,-0.017722187373450084,0.8940947564053638,0,1
trap,-0.017722187373450084,0.8940947564053638,0,1
trauma,-0.017722187373450084,0.8940947564053638,0,1
travels,-0.017722187373450084,0.8940947564053638,0,1
treats,-0.017722187373450084,0.8940947564053638,0,1
tree,-0.017722187373450084,0.8940947564053638,0,1
trenches,-0.017722187373450084,0.8940947564053638,0,1
trevor,-0.017722187373450084,0.8940947564053638,0,1
triumphant,-0.017722187373450084,0.8940947564053638,0,1
troitske,-0.017722187373450084,0.8940947564053638,0,1
trolleybus,-0.017722187373450084,0.8940947564053638,0,1
trophies,-0.017722187373450084,0.8940947564053638,0,1
trunks,-0.017722187373450084,0.8940947564053638,0,1
trusted,-0.017722187373450084,0.8940947564053638,0,1
truthful,-0.017722187373450084,0.8940947564053638,0,1
tu,-0.017722187373450084,0.8940947564053638,0,1
tu-22m3,-0.017722187373450084,0.8940947564053638,0,1
tube,-0.017722187373450084,0.8940947564053638,0,1
tula,-0.017722187373450084,0.8940947564053638,0,1
tumours,-0.017722187373450084,0.8940947564053638,0,1
turgenev,-0.017722187373450084,0.8940947564053638,0,1
turpitude,-0.017722187373450084,0.8940947564053638,0,1
tweet,-0.017722187373450084,0.8940947564053638,0,1
twelve,-0.017722187373450084,0.8940947564053638,0,1
twenty-seventh,-0.017722187373450084,0.8940947564053638,0,1
two-day-old,-0.017722187373450084,0.8940947564053638,0,1
tygipko,-0.017722187373450084,0.8940947564053638,0,1
tymur,-0.017722187373450084,0.8940947564053638,0,1
typical,-0.017722187373450084,0.8940947564053638,0,1
tyranny,-0.017722187373450084,0.8940947564053638,0,1
tyumen,-0.017722187373450084,0.8940947564053638,0,1
türkiye's,-0.017722187373450084,0.8940947564053638,0,1
u,-0.017722187373450084,0.8940947564053638,0,1
ukrain,-0.017722187373450084,0.8940947564053638,0,1
ukraine-russian,-0.017722187373450084,0.8940947564053638,0,1
ukranians,-0.017722187373450084,0.8940947564053638,0,1
ulyanovsk,-0.017722187373450084,0.8940947564053638,0,1
umbrella,-0.017722187373450084,0.8940947564053638,0,1
unaccounted,-0.017722187373450084,0.8940947564053638,0,1
unambiguous,-0.017722187373450084,0.8940947564053638,0,1
unauthorized,-0.017722187373450084,0.8940947564053638,0,1
unbelievable,-0.017722187373450084,0.8940947564053638,0,1
unbreakable,-0.017722187373450084,0.8940947564053638,0,1
unchangeable,-0.017722187373450084,0.8940947564053638,0,1
unchanged,-0.017722187373450084,0.8940947564053638,0,1
unclaimed,-0.017722187373450084,0.8940947564053638,0,1
underage,-0.017722187373450084,0.8940947564053638,0,1
undercut,-0.017722187373450084,0.8940947564053638,0,1
underestimate,-0.017722187373450084,0.8940947564053638,0,1
underpinned,-0.017722187373450084,0.8940947564053638,0,1
undiplomatic,-0.017722187373450084,0.8940947564053638,0,1
unease,-0.017722187373450084,0.8940947564053638,0,1
unfair,-0.017722187373450084,0.8940947564053638,0,1
unfettered,-0.017722187373450084,0.8940947564053638,0,1
unimplemented,-0.017722187373450084,0.8940947564053638,0,1
unjust,-0.017722187373450084,0.8940947564053638,0,1
unlocking,-0.017722187373450084,0.8940947564053638,0,1
unmarked,-0.017722187373450084,0.8940947564053638,0,1
unobstructed,-0.017722187373450084,0.8940947564053638,0,1
unopposed,-0.017722187373450084,0.8940947564053638,0,1
unprotected,-0.017722187373450084,0.8940947564053638,0,1
unreasonably,-0.017722187373450084,0.8940947564053638,0,1
unrepentant,-0.017722187373450084,0.8940947564053638,0,1
unrestrained,-0.017722187373450084,0.8940947564053638,0,1
unrestricted,-0.017722187373450084,0.8940947564053638,0,1
unruly,-0.017722187373450084,0.8940947564053638,0,1
unshaken,-0.017722187373450084,0.8940947564053638,0,1
unspeakable,-0.017722187373450084,0.8940947564053638,0,1
untiring,-0.017722187373450084,0.8940947564053638,0,1
untransparent,-0.017722187373450084,0.8940947564053638,0,1
updates,-0.017722187373450084,0.8940947564053638,0,1
upending,-0.017722187373450084,0.8940947564053638,0,1
upheaval,-0.017722187373450084,0.8940947564053638,0,1
uprisings,-0.017722187373450084,0.8940947564053638,0,1
ups,-0.017722187373450084,0.8940947564053638,0,1
upscale,-0.017722187373450084,0.8940947564053638,0,1
urges,-0.017722187373450084,0.8940947564053638,0,1
usein,-0.017722187373450084,0.8940947564053638,0,1
utter,-0.017722187373450084,0.8940947564053638,0,1
uttering,-0.017722187373450084,0.8940947564053638,0,1
v,-0.017722187373450084,0.8940947564053638,0,1
vaccinated,-0.017722187373450084,0.8940947564053638,0,1
vaccine,-0.017722187373450084,0.8940947564053638,0,1
vaccines,-0.017722187373450084,0.8940947564053638,0,1
valdai,-0.017722187373450084,0.8940947564053638,0,1
valid,-0.017722187373450084,0.8940947564053638,0,1
valour,-0.017722187373450084,0.8940947564053638,0,1
valuables,-0.017722187373450084,0.8940947564053638,0,1
vanguard,-0.017722187373450084,0.8940947564053638,0,1
variety,-0.017722187373450084,0.8940947564053638,0,1
vasetskaya,-0.017722187373450084,0.8940947564053638,0,1
vasili,-0.017722187373450084,0.8940947564053638,0,1
vastly,-0.017722187373450084,0.8940947564053638,0,1
vasylkiv,-0.017722187373450084,0.8940947564053638,0,1
veiled,-0.017722187373450084,0.8940947564053638,0,1
venerates,-0.017722187373450084,0.8940947564053638,0,1
venturing,-0.017722187373450084,0.8940947564053638,0,1
venue,-0.017722187373450084,0.8940947564053638,0,1
verifiably,-0.017722187373450084,0.8940947564053638,0,1
vershinin's,-0.017722187373450084,0.8940947564053638,0,1
veteran,-0.017722187373450084,0.8940947564053638,0,1
vice-speaker,-0.017722187373450084,0.8940947564053638,0,1
videotaped,-0.017722187373450084,0.8940947564053638,0,1
viewpoint,-0.017722187373450084,0.8940947564053638,0,1
viewpoints,-0.017722187373450084,0.8940947564053638,0,1
viktoriya,-0.017722187373450084,0.8940947564053638,0,1
vinnytsia,-0.017722187373450084,0.8940947564053638,0,1
virtue,-0.017722187373450084,0.8940947564053638,0,1
visualize,-0.017722187373450084,0.8940947564053638,0,1
volgograd,-0.017722187373450084,0.8940947564053638,0,1
vulgar,-0.017722187373450084,0.8940947564053638,0,1
vulnerability,-0.017722187373450084,0.8940947564053638,0,1
vyacheslav,-0.017722187373450084,0.8940947564053638,0,1
vynohradne,-0.017722187373450084,0.8940947564053638,0,1
wall,-0.017722187373450084,0.8940947564053638,0,1
war-like,-0.017722187373450084,0.8940947564053638,0,1
war-party,-0.017722187373450084,0.8940947564053638,0,1
warehouse,-0.017722187373450084,0.8940947564053638,0,1
warmth,-0.017722187373450084,0.8940947564053638,0,1
warranted,-0.017722187373450084,0.8940947564053638,0,1
warrior,-0.017722187373450084,0.8940947564053638,0,1
warships,-0.017722187373450084,0.8940947564053638,0,1
wash,-0.017722187373450084,0.8940947564053638,0,1
wasp,-0.017722187373450084,0.8940947564053638,0,1
water-filtration,-0.017722187373450084,0.8940947564053638,0,1
watershed,-0.017722187373450084,0.8940947564053638,0,1
waver,-0.017722187373450084,0.8940947564053638,0,1
weakness,-0.017722187373450084,0.8940947564053638,0,1
wealth,-0.017722187373450084,0.8940947564053638,0,1
weaponization,-0.017722187373450084,0.8940947564053638,0,1
weaponized,-0.017722187373450084,0.8940947564053638,0,1
webcasts,-0.017722187373450084,0.8940947564053638,0,1
weekends,-0.017722187373450084,0.8940947564053638,0,1
weird,-0.017722187373450084,0.8940947564053638,0,1
well-defined,-0.017722187373450084,0.8940947564053638,0,1
well-documented,-0.017722187373450084,0.8940947564053638,0,1
well-formulated,-0.017722187373450084,0.8940947564053638,0,1
well-founded,-0.017722187373450084,0.8940947564053638,0,1
well-nourished,-0.017722187373450084,0.8940947564053638,0,1
well-planned,-0.017722187373450084,0.8940947564053638,0,1
well-prepared,-0.017722187373450084,0.8940947564053638,0,1
wells,-0.017722187373450084,0.8940947564053638,0,1
westerly,-0.017722187373450084,0.8940947564053638,0,1
westin,-0.017722187373450084,0.8940947564053638,0,1
westward,-0.017722187373450084,0.8940947564053638,0,1
whenever,-0.017722187373450084,0.8940947564053638,0,1
whereabouts,-0.017722187373450084,0.8940947564053638,0,1
whitewashed,-0.017722187373450084,0.8940947564053638,0,1
wide-ranging,-0.017722187373450084,0.8940947564053638,0,1
widescale,-0.017722187373450084,0.8940947564053638,0,1
winning,-0.017722187373450084,0.8940947564053638,0,1
wins,-0.017722187373450084,0.8940947564053638,0,1
wipe,-0.017722187373450084,0.8940947564053638,0,1
wiping,-0.017722187373450084,0.8940947564053638,0,1
withdraws,-0.017722187373450084,0.8940947564053638,0,1
wondering,-0.017722187373450084,0.8940947564053638,0,1
worded,-0.017722187373450084,0.8940947564053638,0,1
worker,-0.017722187373450084,0.8940947564053638,0,1
workshop,-0.017722187373450084,0.8940947564053638,0,1
worrisome,-0.017722187373450084,0.8940947564053638,0,1
would-be,-0.017722187373450084,0.8940947564053638,0,1
wound,-0.017722187373450084,0.8940947564053638,0,1
wrap,-0.017722187373450084,0.8940947564053638,0,1
wrecked,-0.017722187373450084,0.8940947564053638,0,1
wrest,-0.017722187373450084,0.8940947564053638,0,1
write,-0.017722187373450084,0.8940947564053638,0,1
wrongful,-0.017722187373450084,0.8940947564053638,0,1
www.sbu.gov.ua,-0.017722187373450084,0.8940947564053638,0,1
yale,-0.017722187373450084,0.8940947564053638,0,1
yar,-0.017722187373450084,0.8940947564053638,0,1
yassir,-0.017722187373450084,0.8940947564053638,0,1
yekaterinburg,-0.017722187373450084,0.8940947564053638,0,1
yeva,-0.017722187373450084,0.8940947564053638,0,1
yevhen,-0.017722187373450084,0.8940947564053638,0,1
younger,-0.017722187373450084,0.8940947564053638,0,1
yuli,-0.017722187373450084,0.8940947564053638,0,1
yunkom,-0.017722187373450084,0.8940947564053638,0,1
yurga,-0.017722187373450084,0.8940947564053638,0,1
yuryivka,-0.017722187373450084,0.8940947564053638,0,1
zakharova,-0.017722187373450084,0.8940947564053638,0,1
zaporizhia,-0.017722187373450084,0.8940947564053638,0,1
zhovanka,-0.017722187373450084,0.8940947564053638,0,1
zima,-0.017722187373450084,0.8940947564053638,0,1
zinedine,-0.017722187373450084,0.8940947564053638,0,1
zolfaghar,-0.017722187373450084,0.8940947564053638,0,1
zurabov,-0.017722187373450084,0.8940947564053638,0,1
country,-0.018190703261038707,0.89271235437253,207,161
airport,-0.018867005299467776,0.8907484456533551,6,5
dealing,-0.018867005299467776,0.8907484456533551,6,5
extraordinary,-0.018867005299467776,0.8907484456533551,6,5
girl,-0.018867005299467776,0.8907484456533551,6,5
got,-0.018867005299467776,0.8907484456533551,6,5
industrial,-0.018867005299467776,0.8907484456533551,6,5
kept,-0.018867005299467776,0.8907484456533551,6,5
looks,-0.018867005299467776,0.8907484456533551,6,5
massacre,-0.018867005299467776,0.8907484456533551,6,5
motivated,-0.018867005299467776,0.8907484456533551,6,5
practically,-0.018867005299467776,0.8907484456533551,6,5
requires,-0.018867005299467776,0.8907484456533551,6,5
restoring,-0.018867005299467776,0.8907484456533551,6,5
rules-based,-0.018867005299467776,0.8907484456533551,6,5
sound,-0.018867005299467776,0.8907484456533551,6,5
spread,-0.018867005299467776,0.8907484456533551,6,5
supporters,-0.018867005299467776,0.8907484456533551,6,5
surprise,-0.018867005299467776,0.8907484456533551,6,5
unconditional,-0.018867005299467776,0.8907484456533551,6,5
vast,-0.018867005299467776,0.8907484456533551,6,5
waged,-0.018867005299467776,0.8907484456533551,6,5
weapon,-0.018867005299467776,0.8907484456533551,6,5
advance,-0.02079393294383469,0.8853417388755365,11,9
discussions,-0.02079393294383469,0.8853417388755365,11,9
hardly,-0.02079393294383469,0.8853417388755365,11,9
involvement,-0.02079393294383469,0.8853417388755365,11,9
important,-0.021524255930494802,0.8833597634775662,75,59
criminals,-0.02399751470187224,0.8768912353231431,16,13
fight,-0.02399751470187224,0.8768912353231431,16,13
medical,-0.02399751470187224,0.8768912353231431,16,13
purpose,-0.02399751470187224,0.8768912353231431,16,13
everyone,-0.025298808419538896,0.8736247604623415,53,42
concerning,-0.02757101925461982,0.868121353790756,21,17
heavy,-0.03008929197723004,0.8622877814461458,49,39
basis,-0.031867950720839366,0.8583177821990602,40,32
10-year-old,-0.03544462861733584,0.8506670087651363,1,1
13-year-old,-0.03544462861733584,0.8506670087651363,1,1
14-year-old,-0.03544462861733584,0.8506670087651363,1,1
152-millimetre,-0.03544462861733584,0.8506670087651363,1,1
22-year-old,-0.03544462861733584,0.8506670087651363,1,1
7-year-old,-0.03544462861733584,0.8506670087651363,1,1
abdi,-0.03544462861733584,0.8506670087651363,1,1
abominable,-0.03544462861733584,0.8506670087651363,1,1
abundance,-0.03544462861733584,0.8506670087651363,1,1
accidental,-0.03544462861733584,0.8506670087651363,1,1
accord,-0.03544462861733584,0.8506670087651363,1,1
adhering,-0.03544462861733584,0.8506670087651363,1,1
adjustments,-0.03544462861733584,0.8506670087651363,1,1
advocating,-0.03544462861733584,0.8506670087651363,1,1
affiliated,-0.03544462861733584,0.8506670087651363,1,1
afforded,-0.03544462861733584,0.8506670087651363,1,1
afternoon,-0.03544462861733584,0.8506670087651363,1,1
aggressions,-0.03544462861733584,0.8506670087651363,1,1
agriculture,-0.03544462861733584,0.8506670087651363,1,1
alert,-0.03544462861733584,0.8506670087651363,1,1
align,-0.03544462861733584,0.8506670087651363,1,1
all-for,-0.03544462861733584,0.8506670087651363,1,1
ally,-0.03544462861733584,0.8506670087651363,1,1
ambiguous,-0.03544462861733584,0.8506670087651363,1,1
ambitious,-0.03544462861733584,0.8506670087651363,1,1
analyses,-0.03544462861733584,0.8506670087651363,1,1
annihilation,-0.03544462861733584,0.8506670087651363,1,1
anti-semites,-0.03544462861733584,0.8506670087651363,1,1
anyone's,-0.03544462861733584,0.8506670087651363,1,1
appearances,-0.03544462861733584,0.8506670087651363,1,1
appoint,-0.03544462861733584,0.8506670087651363,1,1
appropriated,-0.03544462861733584,0.8506670087651363,1,1
architects,-0.03544462861733584,0.8506670087651363,1,1
armament,-0.03544462861733584,0.8506670087651363,1,1
arsonist,-0.03544462861733584,0.8506670087651363,1,1
artemivsk,-0.03544462861733584,0.8506670087651363,1,1
assassinate,-0.03544462861733584,0.8506670087651363,1,1
atrocity,-0.03544462861733584,0.8506670087651363,1,1
attended,-0.03544462861733584,0.8506670087651363,1,1
attests,-0.03544462861733584,0.8506670087651363,1,1
attitudes,-0.03544462861733584,0.8506670087651363,1,1
await,-0.03544462861733584,0.8506670087651363,1,1
awarded,-0.03544462861733584,0.8506670087651363,1,1
bachelet,-0.03544462861733584,0.8506670087651363,1,1
balka,-0.03544462861733584,0.8506670087651363,1,1
ballot,-0.03544462861733584,0.8506670087651363,1,1
banks,-0.03544462861733584,0.8506670087651363,1,1
barely,-0.03544462861733584,0.8506670087651363,1,1
barracks,-0.03544462861733584,0.8506670087651363,1,1
bars,-0.03544462861733584,0.8506670087651363,1,1
basin,-0.03544462861733584,0.8506670087651363,1,1
beg,-0.03544462861733584,0.8506670087651363,1,1
behest,-0.03544462861733584,0.8506670087651363,1,1
believers,-0.03544462861733584,0.8506670087651363,1,1
bereaved,-0.03544462861733584,0.8506670087651363,1,1
bigger,-0.03544462861733584,0.8506670087651363,1,1
birch,-0.03544462861733584,0.8506670087651363,1,1
birthday,-0.03544462861733584,0.8506670087651363,1,1
boasting,-0.03544462861733584,0.8506670087651363,1,1
bogged,-0.03544462861733584,0.8506670087651363,1,1
bombard,-0.03544462861733584,0.8506670087651363,1,1
bombings,-0.03544462861733584,0.8506670087651363,1,1
bore,-0.03544462861733584,0.8506670087651363,1,1
bother,-0.03544462861733584,0.8506670087651363,1,1
boycott,-0.03544462861733584,0.8506670087651363,1,1
brave,-0.03544462861733584,0.8506670087651363,1,1
bridges,-0.03544462861733584,0.8506670087651363,1,1
brown,-0.03544462861733584,0.8506670087651363,1,1
budgetary,-0.03544462861733584,0.8506670087651363,1,1
buffer,-0.03544462861733584,0.8506670087651363,1,1
burgeoning,-0.03544462861733584,0.8506670087651363,1,1
bury,-0.03544462861733584,0.8506670087651363,1,1
calculated,-0.03544462861733584,0.8506670087651363,1,1
camouflaged,-0.03544462861733584,0.8506670087651363,1,1
cash,-0.03544462861733584,0.8506670087651363,1,1
champion,-0.03544462861733584,0.8506670087651363,1,1
chornomorsk,-0.03544462861733584,0.8506670087651363,1,1
clarification,-0.03544462861733584,0.8506670087651363,1,1
clements,-0.03544462861733584,0.8506670087651363,1,1
cleverly,-0.03544462861733584,0.8506670087651363,1,1
cliches,-0.03544462861733584,0.8506670087651363,1,1
club,-0.03544462861733584,0.8506670087651363,1,1
coke,-0.03544462861733584,0.8506670087651363,1,1
collaborate,-0.03544462861733584,0.8506670087651363,1,1
collecting,-0.03544462861733584,0.8506670087651363,1,1
column,-0.03544462861733584,0.8506670087651363,1,1
commits,-0.03544462861733584,0.8506670087651363,1,1
commodities,-0.03544462861733584,0.8506670087651363,1,1
comparative,-0.03544462861733584,0.8506670087651363,1,1
comparing,-0.03544462861733584,0.8506670087651363,1,1
compel,-0.03544462861733584,0.8506670087651363,1,1
compilation,-0.03544462861733584,0.8506670087651363,1,1
complaining,-0.03544462861733584,0.8506670087651363,1,1
complicate,-0.03544462861733584,0.8506670087651363,1,1
complicates,-0.03544462861733584,0.8506670087651363,1,1
compounded,-0.03544462861733584,0.8506670087651363,1,1
compromises,-0.03544462861733584,0.8506670087651363,1,1
conciliatory,-0.03544462861733584,0.8506670087651363,1,1
conditioning,-0.03544462861733584,0.8506670087651363,1,1
condoned,-0.03544462861733584,0.8506670087651363,1,1
conscious,-0.03544462861733584,0.8506670087651363,1,1
consciousness,-0.03544462861733584,0.8506670087651363,1,1
considerations,-0.03544462861733584,0.8506670087651363,1,1
constraints,-0.03544462861733584,0.8506670087651363,1,1
constructed,-0.03544462861733584,0.8506670087651363,1,1
consuming,-0.03544462861733584,0.8506670087651363,1,1
contexts,-0.03544462861733584,0.8506670087651363,1,1
continuity,-0.03544462861733584,0.8506670087651363,1,1
continuously,-0.03544462861733584,0.8506670087651363,1,1
contradicted,-0.03544462861733584,0.8506670087651363,1,1
cooled,-0.03544462861733584,0.8506670087651363,1,1
copy,-0.03544462861733584,0.8506670087651363,1,1
corner,-0.03544462861733584,0.8506670087651363,1,1
cornerstone,-0.03544462861733584,0.8506670087651363,1,1
counts,-0.03544462861733584,0.8506670087651363,1,1
cowardly,-0.03544462861733584,0.8506670087651363,1,1
critics,-0.03544462861733584,0.8506670087651363,1,1
croatian,-0.03544462861733584,0.8506670087651363,1,1
crowds,-0.03544462861733584,0.8506670087651363,1,1
crush,-0.03544462861733584,0.8506670087651363,1,1
custom,-0.03544462861733584,0.8506670087651363,1,1
d,-0.03544462861733584,0.8506670087651363,1,1
dampen,-0.03544462861733584,0.8506670087651363,1,1
dared,-0.03544462861733584,0.8506670087651363,1,1
darkest,-0.03544462861733584,0.8506670087651363,1,1
dates,-0.03544462861733584,0.8506670087651363,1,1
dating,-0.03544462861733584,0.8506670087651363,1,1
deceased,-0.03544462861733584,0.8506670087651363,1,1
deceitful,-0.03544462861733584,0.8506670087651363,1,1
deceiving,-0.03544462861733584,0.8506670087651363,1,1
decentralizing,-0.03544462861733584,0.8506670087651363,1,1
decides,-0.03544462861733584,0.8506670087651363,1,1
declined,-0.03544462861733584,0.8506670087651363,1,1
dedicate,-0.03544462861733584,0.8506670087651363,1,1
deep-rooted,-0.03544462861733584,0.8506670087651363,1,1
defences,-0.03544462861733584,0.8506670087651363,1,1
defiantly,-0.03544462861733584,0.8506670087651363,1,1
defied,-0.03544462861733584,0.8506670087651363,1,1
defuse,-0.03544462861733584,0.8506670087651363,1,1
degenerate,-0.03544462861733584,0.8506670087651363,1,1
despicable,-0.03544462861733584,0.8506670087651363,1,1
destabilized,-0.03544462861733584,0.8506670087651363,1,1
detect,-0.03544462861733584,0.8506670087651363,1,1
devastate,-0.03544462861733584,0.8506670087651363,1,1
devastated,-0.03544462861733584,0.8506670087651363,1,1
device,-0.03544462861733584,0.8506670087651363,1,1
devoid,-0.03544462861733584,0.8506670087651363,1,1
devoted,-0.03544462861733584,0.8506670087651363,1,1
dimensions,-0.03544462861733584,0.8506670087651363,1,1
disabled,-0.03544462861733584,0.8506670087651363,1,1
disappearing,-0.03544462861733584,0.8506670087651363,1,1
disarmed,-0.03544462861733584,0.8506670087651363,1,1
discouraged,-0.03544462861733584,0.8506670087651363,1,1
disintegration,-0.03544462861733584,0.8506670087651363,1,1
disputes,-0.03544462861733584,0.8506670087651363,1,1
dissolve,-0.03544462861733584,0.8506670087651363,1,1
distinguish,-0.03544462861733584,0.8506670087651363,1,1
distortion,-0.03544462861733584,0.8506670087651363,1,1
disturbed,-0.03544462861733584,0.8506670087651363,1,1
dmitriy,-0.03544462861733584,0.8506670087651363,1,1
domain,-0.03544462861733584,0.8506670087651363,1,1
donbas's,-0.03544462861733584,0.8506670087651363,1,1
door,-0.03544462861733584,0.8506670087651363,1,1
doors,-0.03544462861733584,0.8506670087651363,1,1
dreams,-0.03544462861733584,0.8506670087651363,1,1
dressed,-0.03544462861733584,0.8506670087651363,1,1
drifting,-0.03544462861733584,0.8506670087651363,1,1
drik,-0.03544462861733584,0.8506670087651363,1,1
driver,-0.03544462861733584,0.8506670087651363,1,1
dropping,-0.03544462861733584,0.8506670087651363,1,1
dual-use,-0.03544462861733584,0.8506670087651363,1,1
dzhaparova,-0.03544462861733584,0.8506670087651363,1,1
earthquake,-0.03544462861733584,0.8506670087651363,1,1
educated,-0.03544462861733584,0.8506670087651363,1,1
efficiently,-0.03544462861733584,0.8506670087651363,1,1
eighth,-0.03544462861733584,0.8506670087651363,1,1
elimination,-0.03544462861733584,0.8506670087651363,1,1
elites,-0.03544462861733584,0.8506670087651363,1,1
enabling,-0.03544462861733584,0.8506670087651363,1,1
endangering,-0.03544462861733584,0.8506670087651363,1,1
endorses,-0.03544462861733584,0.8506670087651363,1,1
endure,-0.03544462861733584,0.8506670087651363,1,1
endured,-0.03544462861733584,0.8506670087651363,1,1
enemy's,-0.03544462861733584,0.8506670087651363,1,1
enforced,-0.03544462861733584,0.8506670087651363,1,1
enjoying,-0.03544462861733584,0.8506670087651363,1,1
enmity,-0.03544462861733584,0.8506670087651363,1,1
equipping,-0.03544462861733584,0.8506670087651363,1,1
erected,-0.03544462861733584,0.8506670087651363,1,1
es,-0.03544462861733584,0.8506670087651363,1,1
euro-atlantic,-0.03544462861733584,0.8506670087651363,1,1
everyday,-0.03544462861733584,0.8506670087651363,1,1
exacerbate,-0.03544462861733584,0.8506670087651363,1,1
exacerbated,-0.03544462861733584,0.8506670087651363,1,1
exacerbation,-0.03544462861733584,0.8506670087651363,1,1
examined,-0.03544462861733584,0.8506670087651363,1,1
exceedingly,-0.03544462861733584,0.8506670087651363,1,1
exceeds,-0.03544462861733584,0.8506670087651363,1,1
excluding,-0.03544462861733584,0.8506670087651363,1,1
exerted,-0.03544462861733584,0.8506670087651363,1,1
exiting,-0.03544462861733584,0.8506670087651363,1,1
exploiting,-0.03544462861733584,0.8506670087651363,1,1
expressions,-0.03544462861733584,0.8506670087651363,1,1
expropriation,-0.03544462861733584,0.8506670087651363,1,1
externally,-0.03544462861733584,0.8506670087651363,1,1
extinguish,-0.03544462861733584,0.8506670087651363,1,1
falsely,-0.03544462861733584,0.8506670087651363,1,1
familiarize,-0.03544462861733584,0.8506670087651363,1,1
fantasy,-0.03544462861733584,0.8506670087651363,1,1
farming,-0.03544462861733584,0.8506670087651363,1,1
fashion,-0.03544462861733584,0.8506670087651363,1,1
fernandez-taranco,-0.03544462861733584,0.8506670087651363,1,1
fierce,-0.03544462861733584,0.8506670087651363,1,1
finish,-0.03544462861733584,0.8506670087651363,1,1
fly,-0.03544462861733584,0.8506670087651363,1,1
fond,-0.03544462861733584,0.8506670087651363,1,1
fooled,-0.03544462861733584,0.8506670087651363,1,1
footing,-0.03544462861733584,0.8506670087651363,1,1
forbid,-0.03544462861733584,0.8506670087651363,1,1
forgiven,-0.03544462861733584,0.8506670087651363,1,1
forty,-0.03544462861733584,0.8506670087651363,1,1
freight,-0.03544462861733584,0.8506670087651363,1,1
frequent,-0.03544462861733584,0.8506670087651363,1,1
friendship,-0.03544462861733584,0.8506670087651363,1,1
frightened,-0.03544462861733584,0.8506670087651363,1,1
fronts,-0.03544462861733584,0.8506670087651363,1,1
fruits,-0.03544462861733584,0.8506670087651363,1,1
funding,-0.03544462861733584,0.8506670087651363,1,1
gangs,-0.03544462861733584,0.8506670087651363,1,1
gap,-0.03544462861733584,0.8506670087651363,1,1
germans,-0.03544462861733584,0.8506670087651363,1,1
girls,-0.03544462861733584,0.8506670087651363,1,1
gold,-0.03544462861733584,0.8506670087651363,1,1
govern,-0.03544462861733584,0.8506670087651363,1,1
governed,-0.03544462861733584,0.8506670087651363,1,1
greatest,-0.03544462861733584,0.8506670087651363,1,1
green,-0.03544462861733584,0.8506670087651363,1,1
greeted,-0.03544462861733584,0.8506670087651363,1,1
ground-based,-0.03544462861733584,0.8506670087651363,1,1
gruesome,-0.03544462861733584,0.8506670087651363,1,1
guarded,-0.03544462861733584,0.8506670087651363,1,1
guide,-0.03544462861733584,0.8506670087651363,1,1
gunfire,-0.03544462861733584,0.8506670087651363,1,1
guys,-0.03544462861733584,0.8506670087651363,1,1
hall,-0.03544462861733584,0.8506670087651363,1,1
hamper,-0.03544462861733584,0.8506670087651363,1,1
harmless,-0.03544462861733584,0.8506670087651363,1,1
heights,-0.03544462861733584,0.8506670087651363,1,1
helicopter,-0.03544462861733584,0.8506670087651363,1,1
helsinki,-0.03544462861733584,0.8506670087651363,1,1
hennadiy,-0.03544462861733584,0.8506670087651363,1,1
hesitated,-0.03544462861733584,0.8506670087651363,1,1
high-mobility,-0.03544462861733584,0.8506670087651363,1,1
hindrance,-0.03544462861733584,0.8506670087651363,1,1
hole,-0.03544462861733584,0.8506670087651363,1,1
household,-0.03544462861733584,0.8506670087651363,1,1
hub,-0.03544462861733584,0.8506670087651363,1,1
humanism,-0.03544462861733584,0.8506670087651363,1,1
husbands,-0.03544462861733584,0.8506670087651363,1,1
ideals,-0.03544462861733584,0.8506670087651363,1,1
illicit,-0.03544462861733584,0.8506670087651363,1,1
illness,-0.03544462861733584,0.8506670087651363,1,1
ilze,-0.03544462861733584,0.8506670087651363,1,1
immunity,-0.03544462861733584,0.8506670087651363,1,1
impede,-0.03544462861733584,0.8506670087651363,1,1
implicit,-0.03544462861733584,0.8506670087651363,1,1
in-person,-0.03544462861733584,0.8506670087651363,1,1
inaugurated,-0.03544462861733584,0.8506670087651363,1,1
incapable,-0.03544462861733584,0.8506670087651363,1,1
inclusiveness,-0.03544462861733584,0.8506670087651363,1,1
indications,-0.03544462861733584,0.8506670087651363,1,1
indirect,-0.03544462861733584,0.8506670087651363,1,1
infiltrated,-0.03544462861733584,0.8506670087651363,1,1
inflicts,-0.03544462861733584,0.8506670087651363,1,1
influenced,-0.03544462861733584,0.8506670087651363,1,1
influx,-0.03544462861733584,0.8506670087651363,1,1
inherited,-0.03544462861733584,0.8506670087651363,1,1
initiate,-0.03544462861733584,0.8506670087651363,1,1
initiation,-0.03544462861733584,0.8506670087651363,1,1
injust,-0.03544462861733584,0.8506670087651363,1,1
insidious,-0.03544462861733584,0.8506670087651363,1,1
instigation,-0.03544462861733584,0.8506670087651363,1,1
insufficient,-0.03544462861733584,0.8506670087651363,1,1
insult,-0.03544462861733584,0.8506670087651363,1,1
insulted,-0.03544462861733584,0.8506670087651363,1,1
interconnected,-0.03544462861733584,0.8506670087651363,1,1
interfere,-0.03544462861733584,0.8506670087651363,1,1
intolerable,-0.03544462861733584,0.8506670087651363,1,1
intoxicated,-0.03544462861733584,0.8506670087651363,1,1
irony,-0.03544462861733584,0.8506670087651363,1,1
irreparable,-0.03544462861733584,0.8506670087651363,1,1
irresponsibly,-0.03544462861733584,0.8506670087651363,1,1
issuance,-0.03544462861733584,0.8506670087651363,1,1
jamming,-0.03544462861733584,0.8506670087651363,1,1
joyce,-0.03544462861733584,0.8506670087651363,1,1
kazemirova,-0.03544462861733584,0.8506670087651363,1,1
kelly,-0.03544462861733584,0.8506670087651363,1,1
khazin,-0.03544462861733584,0.8506670087651363,1,1
kicked,-0.03544462861733584,0.8506670087651363,1,1
kidnappings,-0.03544462861733584,0.8506670087651363,1,1
knowing,-0.03544462861733584,0.8506670087651363,1,1
krasny,-0.03544462861733584,0.8506670087651363,1,1
kuban,-0.03544462861733584,0.8506670087651363,1,1
laughable,-0.03544462861733584,0.8506670087651363,1,1
lawless,-0.03544462861733584,0.8506670087651363,1,1
learning,-0.03544462861733584,0.8506670087651363,1,1
legalize,-0.03544462861733584,0.8506670087651363,1,1
legs,-0.03544462861733584,0.8506670087651363,1,1
leonid,-0.03544462861733584,0.8506670087651363,1,1
lifeline,-0.03544462861733584,0.8506670087651363,1,1
lined,-0.03544462861733584,0.8506670087651363,1,1
listed,-0.03544462861733584,0.8506670087651363,1,1
lithuanian,-0.03544462861733584,0.8506670087651363,1,1
localities,-0.03544462861733584,0.8506670087651363,1,1
lots,-0.03544462861733584,0.8506670087651363,1,1
lowering,-0.03544462861733584,0.8506670087651363,1,1
lows,-0.03544462861733584,0.8506670087651363,1,1
luck,-0.03544462861733584,0.8506670087651363,1,1
machines,-0.03544462861733584,0.8506670087651363,1,1
macron,-0.03544462861733584,0.8506670087651363,1,1
maimed,-0.03544462861733584,0.8506670087651363,1,1
makiivka,-0.03544462861733584,0.8506670087651363,1,1
man-made,-0.03544462861733584,0.8506670087651363,1,1
man-portable,-0.03544462861733584,0.8506670087651363,1,1
manage,-0.03544462861733584,0.8506670087651363,1,1
mandates,-0.03544462861733584,0.8506670087651363,1,1
manifestation,-0.03544462861733584,0.8506670087651363,1,1
march-april,-0.03544462861733584,0.8506670087651363,1,1
marine,-0.03544462861733584,0.8506670087651363,1,1
massively,-0.03544462861733584,0.8506670087651363,1,1
meduza,-0.03544462861733584,0.8506670087651363,1,1
meets,-0.03544462861733584,0.8506670087651363,1,1
megawatts,-0.03544462861733584,0.8506670087651363,1,1
mentions,-0.03544462861733584,0.8506670087651363,1,1
merit,-0.03544462861733584,0.8506670087651363,1,1
merits,-0.03544462861733584,0.8506670087651363,1,1
mikhail,-0.03544462861733584,0.8506670087651363,1,1
militarized,-0.03544462861733584,0.8506670087651363,1,1
military-industrial,-0.03544462861733584,0.8506670087651363,1,1
minefields,-0.03544462861733584,0.8506670087651363,1,1
miss,-0.03544462861733584,0.8506670087651363,1,1
mm,-0.03544462861733584,0.8506670087651363,1,1
mobs,-0.03544462861733584,0.8506670087651363,1,1
mode,-0.03544462861733584,0.8506670087651363,1,1
mop,-0.03544462861733584,0.8506670087651363,1,1
morality,-0.03544462861733584,0.8506670087651363,1,1
multifaceted,-0.03544462861733584,0.8506670087651363,1,1
multifunctional,-0.03544462861733584,0.8506670087651363,1,1
music,-0.03544462861733584,0.8506670087651363,1,1
mykola,-0.03544462861733584,0.8506670087651363,1,1
n,-0.03544462861733584,0.8506670087651363,1,1
narrow,-0.03544462861733584,0.8506670087651363,1,1
naïve,-0.03544462861733584,0.8506670087651363,1,1
neo,-0.03544462861733584,0.8506670087651363,1,1
nigeria,-0.03544462861733584,0.8506670087651363,1,1
nineteenth-century,-0.03544462861733584,0.8506670087651363,1,1
normalizing,-0.03544462861733584,0.8506670087651363,1,1
notices,-0.03544462861733584,0.8506670087651363,1,1
novoaidar,-0.03544462861733584,0.8506670087651363,1,1
o,-0.03544462861733584,0.8506670087651363,1,1
obliges,-0.03544462861733584,0.8506670087651363,1,1
observations,-0.03544462861733584,0.8506670087651363,1,1
obstruct,-0.03544462861733584,0.8506670087651363,1,1
ocean,-0.03544462861733584,0.8506670087651363,1,1
odd,-0.03544462861733584,0.8506670087651363,1,1
ofthis,-0.03544462861733584,0.8506670087651363,1,1
ofviolence,-0.03544462861733584,0.8506670087651363,1,1
older,-0.03544462861733584,0.8506670087651363,1,1
oleksandra,-0.03544462861733584,0.8506670087651363,1,1
omar,-0.03544462861733584,0.8506670087651363,1,1
ombudsman,-0.03544462861733584,0.8506670087651363,1,1
onset,-0.03544462861733584,0.8506670087651363,1,1
onwards,-0.03544462861733584,0.8506670087651363,1,1
optimistic,-0.03544462861733584,0.8506670087651363,1,1
ordering,-0.03544462861733584,0.8506670087651363,1,1
orphanages,-0.03544462861733584,0.8506670087651363,1,1
outline,-0.03544462861733584,0.8506670087651363,1,1
outspoken,-0.03544462861733584,0.8506670087651363,1,1
outwardly,-0.03544462861733584,0.8506670087651363,1,1
overcoming,-0.03544462861733584,0.8506670087651363,1,1
overt,-0.03544462861733584,0.8506670087651363,1,1
overview,-0.03544462861733584,0.8506670087651363,1,1
owed,-0.03544462861733584,0.8506670087651363,1,1
pace,-0.03544462861733584,0.8506670087651363,1,1
pack,-0.03544462861733584,0.8506670087651363,1,1
pains,-0.03544462861733584,0.8506670087651363,1,1
pale,-0.03544462861733584,0.8506670087651363,1,1
panel,-0.03544462861733584,0.8506670087651363,1,1
parking,-0.03544462861733584,0.8506670087651363,1,1
parliaments,-0.03544462861733584,0.8506670087651363,1,1
pashkov,-0.03544462861733584,0.8506670087651363,1,1
passive,-0.03544462861733584,0.8506670087651363,1,1
patient,-0.03544462861733584,0.8506670087651363,1,1
patriarch,-0.03544462861733584,0.8506670087651363,1,1
pave,-0.03544462861733584,0.8506670087651363,1,1
pays,-0.03544462861733584,0.8506670087651363,1,1
penetrated,-0.03544462861733584,0.8506670087651363,1,1
penitentiary,-0.03544462861733584,0.8506670087651363,1,1
perfect,-0.03544462861733584,0.8506670087651363,1,1
perform,-0.03544462861733584,0.8506670087651363,1,1
performing,-0.03544462861733584,0.8506670087651363,1,1
periods,-0.03544462861733584,0.8506670087651363,1,1
permits,-0.03544462861733584,0.8506670087651363,1,1
persuaded,-0.03544462861733584,0.8506670087651363,1,1
perverts,-0.03544462861733584,0.8506670087651363,1,1
peskov,-0.03544462861733584,0.8506670087651363,1,1
phantom,-0.03544462861733584,0.8506670087651363,1,1
phone,-0.03544462861733584,0.8506670087651363,1,1
phrases,-0.03544462861733584,0.8506670087651363,1,1
picking,-0.03544462861733584,0.8506670087651363,1,1
pisky,-0.03544462861733584,0.8506670087651363,1,1
planes,-0.03544462861733584,0.8506670087651363,1,1
plant's,-0.03544462861733584,0.8506670087651363,1,1
plausible,-0.03544462861733584,0.8506670087651363,1,1
plural,-0.03544462861733584,0.8506670087651363,1,1
post-soviet,-0.03544462861733584,0.8506670087651363,1,1
praise,-0.03544462861733584,0.8506670087651363,1,1
praises,-0.03544462861733584,0.8506670087651363,1,1
pramila,-0.03544462861733584,0.8506670087651363,1,1
preach,-0.03544462861733584,0.8506670087651363,1,1
preceding,-0.03544462861733584,0.8506670087651363,1,1
preconditions,-0.03544462861733584,0.8506670087651363,1,1
preference,-0.03544462861733584,0.8506670087651363,1,1
preferences,-0.03544462861733584,0.8506670087651363,1,1
premature,-0.03544462861733584,0.8506670087651363,1,1
premeditated,-0.03544462861733584,0.8506670087651363,1,1
preserving,-0.03544462861733584,0.8506670087651363,1,1
presided,-0.03544462861733584,0.8506670087651363,1,1
pretence,-0.03544462861733584,0.8506670087651363,1,1
pretty,-0.03544462861733584,0.8506670087651363,1,1
privilege,-0.03544462861733584,0.8506670087651363,1,1
privileged,-0.03544462861733584,0.8506670087651363,1,1
prize,-0.03544462861733584,0.8506670087651363,1,1
pro-democracy,-0.03544462861733584,0.8506670087651363,1,1
probable,-0.03544462861733584,0.8506670087651363,1,1
profound,-0.03544462861733584,0.8506670087651363,1,1
promotion,-0.03544462861733584,0.8506670087651363,1,1
prosecute,-0.03544462861733584,0.8506670087651363,1,1
pull,-0.03544462861733584,0.8506670087651363,1,1
pushes,-0.03544462861733584,0.8506670087651363,1,1
qualification,-0.03544462861733584,0.8506670087651363,1,1
quotes,-0.03544462861733584,0.8506670087651363,1,1
radiological,-0.03544462861733584,0.8506670087651363,1,1
rafael,-0.03544462861733584,0.8506670087651363,1,1
raging,-0.03544462861733584,0.8506670087651363,1,1
rajasingham,-0.03544462861733584,0.8506670087651363,1,1
ramifications,-0.03544462861733584,0.8506670087651363,1,1
rapist,-0.03544462861733584,0.8506670087651363,1,1
rare,-0.03544462861733584,0.8506670087651363,1,1
rate,-0.03544462861733584,0.8506670087651363,1,1
ratification,-0.03544462861733584,0.8506670087651363,1,1
rationale,-0.03544462861733584,0.8506670087651363,1,1
raze,-0.03544462861733584,0.8506670087651363,1,1
reads,-0.03544462861733584,0.8506670087651363,1,1
recalls,-0.03544462861733584,0.8506670087651363,1,1
recognizes,-0.03544462861733584,0.8506670087651363,1,1
recognizing,-0.03544462861733584,0.8506670087651363,1,1
reconciled,-0.03544462861733584,0.8506670087651363,1,1
recovering,-0.03544462861733584,0.8506670087651363,1,1
recruits,-0.03544462861733584,0.8506670087651363,1,1
reducing,-0.03544462861733584,0.8506670087651363,1,1
reformed,-0.03544462861733584,0.8506670087651363,1,1
register,-0.03544462861733584,0.8506670087651363,1,1
registration,-0.03544462861733584,0.8506670087651363,1,1
rein,-0.03544462861733584,0.8506670087651363,1,1
reinforced,-0.03544462861733584,0.8506670087651363,1,1
rejection,-0.03544462861733584,0.8506670087651363,1,1
relationship,-0.03544462861733584,0.8506670087651363,1,1
relegated,-0.03544462861733584,0.8506670087651363,1,1
relieving,-0.03544462861733584,0.8506670087651363,1,1
relocation,-0.03544462861733584,0.8506670087651363,1,1
reluctance,-0.03544462861733584,0.8506670087651363,1,1
reminders,-0.03544462861733584,0.8506670087651363,1,1
reply,-0.03544462861733584,0.8506670087651363,1,1
report's,-0.03544462861733584,0.8506670087651363,1,1
resembles,-0.03544462861733584,0.8506670087651363,1,1
reservoirs,-0.03544462861733584,0.8506670087651363,1,1
residing,-0.03544462861733584,0.8506670087651363,1,1
restrict,-0.03544462861733584,0.8506670087651363,1,1
restrictive,-0.03544462861733584,0.8506670087651363,1,1
resuming,-0.03544462861733584,0.8506670087651363,1,1
reveals,-0.03544462861733584,0.8506670087651363,1,1
revival,-0.03544462861733584,0.8506670087651363,1,1
revolt,-0.03544462861733584,0.8506670087651363,1,1
rewards,-0.03544462861733584,0.8506670087651363,1,1
riddled,-0.03544462861733584,0.8506670087651363,1,1
riga,-0.03544462861733584,0.8506670087651363,1,1
riots,-0.03544462861733584,0.8506670087651363,1,1
row,-0.03544462861733584,0.8506670087651363,1,1
rumours,-0.03544462861733584,0.8506670087651363,1,1
russian-speakers,-0.03544462861733584,0.8506670087651363,1,1
russian-supported,-0.03544462861733584,0.8506670087651363,1,1
rwanda,-0.03544462861733584,0.8506670087651363,1,1
saddened,-0.03544462861733584,0.8506670087651363,1,1
safeguard,-0.03544462861733584,0.8506670087651363,1,1
saint,-0.03544462861733584,0.8506670087651363,1,1
sale,-0.03544462861733584,0.8506670087651363,1,1
salute,-0.03544462861733584,0.8506670087651363,1,1
satisfy,-0.03544462861733584,0.8506670087651363,1,1
savage,-0.03544462861733584,0.8506670087651363,1,1
sc,-0.03544462861733584,0.8506670087651363,1,1
scare,-0.03544462861733584,0.8506670087651363,1,1
scholz,-0.03544462861733584,0.8506670087651363,1,1
sectors,-0.03544462861733584,0.8506670087651363,1,1
security-building,-0.03544462861733584,0.8506670087651363,1,1
segment,-0.03544462861733584,0.8506670087651363,1,1
sends,-0.03544462861733584,0.8506670087651363,1,1
sentences,-0.03544462861733584,0.8506670087651363,1,1
sever,-0.03544462861733584,0.8506670087651363,1,1
shipment,-0.03544462861733584,0.8506670087651363,1,1
shootings,-0.03544462861733584,0.8506670087651363,1,1
shouting,-0.03544462861733584,0.8506670087651363,1,1
siberian,-0.03544462861733584,0.8506670087651363,1,1
silos,-0.03544462861733584,0.8506670087651363,1,1
siren,-0.03544462861733584,0.8506670087651363,1,1
sixty-seventh,-0.03544462861733584,0.8506670087651363,1,1
size,-0.03544462861733584,0.8506670087651363,1,1
sky,-0.03544462861733584,0.8506670087651363,1,1
slang,-0.03544462861733584,0.8506670087651363,1,1
slavery,-0.03544462861733584,0.8506670087651363,1,1
slit,-0.03544462861733584,0.8506670087651363,1,1
smell,-0.03544462861733584,0.8506670087651363,1,1
smerch,-0.03544462861733584,0.8506670087651363,1,1
soft,-0.03544462861733584,0.8506670087651363,1,1
soledar,-0.03544462861733584,0.8506670087651363,1,1
solved,-0.03544462861733584,0.8506670087651363,1,1
sow,-0.03544462861733584,0.8506670087651363,1,1
span,-0.03544462861733584,0.8506670087651363,1,1
specialized,-0.03544462861733584,0.8506670087651363,1,1
specifying,-0.03544462861733584,0.8506670087651363,1,1
spreads,-0.03544462861733584,0.8506670087651363,1,1
stake,-0.03544462861733584,0.8506670087651363,1,1
stalemate,-0.03544462861733584,0.8506670087651363,1,1
stamping,-0.03544462861733584,0.8506670087651363,1,1
stanytsia,-0.03544462861733584,0.8506670087651363,1,1
straight,-0.03544462861733584,0.8506670087651363,1,1
stretch,-0.03544462861733584,0.8506670087651363,1,1
stronghold,-0.03544462861733584,0.8506670087651363,1,1
studying,-0.03544462861733584,0.8506670087651363,1,1
stumbling,-0.03544462861733584,0.8506670087651363,1,1
subjugating,-0.03544462861733584,0.8506670087651363,1,1
submitting,-0.03544462861733584,0.8506670087651363,1,1
suburb,-0.03544462861733584,0.8506670087651363,1,1
succession,-0.03544462861733584,0.8506670087651363,1,1
successor,-0.03544462861733584,0.8506670087651363,1,1
summarily,-0.03544462861733584,0.8506670087651363,1,1
superior,-0.03544462861733584,0.8506670087651363,1,1
surface,-0.03544462861733584,0.8506670087651363,1,1
surprisingly,-0.03544462861733584,0.8506670087651363,1,1
survival,-0.03544462861733584,0.8506670087651363,1,1
sweeping,-0.03544462861733584,0.8506670087651363,1,1
swiftly,-0.03544462861733584,0.8506670087651363,1,1
sympathetic,-0.03544462861733584,0.8506670087651363,1,1
tantamount,-0.03544462861733584,0.8506670087651363,1,1
tasked,-0.03544462861733584,0.8506670087651363,1,1
taye-brook,-0.03544462861733584,0.8506670087651363,1,1
telmanovo,-0.03544462861733584,0.8506670087651363,1,1
terminated,-0.03544462861733584,0.8506670087651363,1,1
testifying,-0.03544462861733584,0.8506670087651363,1,1
tests,-0.03544462861733584,0.8506670087651363,1,1
thomas,-0.03544462861733584,0.8506670087651363,1,1
throats,-0.03544462861733584,0.8506670087651363,1,1
timetable,-0.03544462861733584,0.8506670087651363,1,1
tire,-0.03544462861733584,0.8506670087651363,1,1
tolerated,-0.03544462861733584,0.8506670087651363,1,1
tone,-0.03544462861733584,0.8506670087651363,1,1
tormented,-0.03544462861733584,0.8506670087651363,1,1
tow,-0.03544462861733584,0.8506670087651363,1,1
traditionally,-0.03544462861733584,0.8506670087651363,1,1
trail,-0.03544462861733584,0.8506670087651363,1,1
trained,-0.03544462861733584,0.8506670087651363,1,1
trains,-0.03544462861733584,0.8506670087651363,1,1
trampled,-0.03544462861733584,0.8506670087651363,1,1
trampling,-0.03544462861733584,0.8506670087651363,1,1
transferring,-0.03544462861733584,0.8506670087651363,1,1
treachery,-0.03544462861733584,0.8506670087651363,1,1
tribunals,-0.03544462861733584,0.8506670087651363,1,1
trip,-0.03544462861733584,0.8506670087651363,1,1
twist,-0.03544462861733584,0.8506670087651363,1,1
ultra-nationalist,-0.03544462861733584,0.8506670087651363,1,1
unconstructive,-0.03544462861733584,0.8506670087651363,1,1
uncrewed,-0.03544462861733584,0.8506670087651363,1,1
understandings,-0.03544462861733584,0.8506670087651363,1,1
undisguised,-0.03544462861733584,0.8506670087651363,1,1
uniform,-0.03544462861733584,0.8506670087651363,1,1
unite,-0.03544462861733584,0.8506670087651363,1,1
universally,-0.03544462861733584,0.8506670087651363,1,1
unjustly,-0.03544462861733584,0.8506670087651363,1,1
unleash,-0.03544462861733584,0.8506670087651363,1,1
unstable,-0.03544462861733584,0.8506670087651363,1,1
unsuitable,-0.03544462861733584,0.8506670087651363,1,1
urging,-0.03544462861733584,0.8506670087651363,1,1
usurped,-0.03544462861733584,0.8506670087651363,1,1
vacate,-0.03544462861733584,0.8506670087651363,1,1
vasyl,-0.03544462861733584,0.8506670087651363,1,1
vein,-0.03544462861733584,0.8506670087651363,1,1
verifying,-0.03544462861733584,0.8506670087651363,1,1
versus,-0.03544462861733584,0.8506670087651363,1,1
vestiges,-0.03544462861733584,0.8506670087651363,1,1
vice-governor,-0.03544462861733584,0.8506670087651363,1,1
viewing,-0.03544462861733584,0.8506670087651363,1,1
vitorino,-0.03544462861733584,0.8506670087651363,1,1
vocabulary,-0.03544462861733584,0.8506670087651363,1,1
vocal,-0.03544462861733584,0.8506670087651363,1,1
vyshhorod,-0.03544462861733584,0.8506670087651363,1,1
w,-0.03544462861733584,0.8506670087651363,1,1
warhead,-0.03544462861733584,0.8506670087651363,1,1
warsaw,-0.03544462861733584,0.8506670087651363,1,1
washing,-0.03544462861733584,0.8506670087651363,1,1
well-wishers,-0.03544462861733584,0.8506670087651363,1,1
whim,-0.03544462861733584,0.8506670087651363,1,1
whipping,-0.03544462861733584,0.8506670087651363,1,1
wholesale,-0.03544462861733584,0.8506670087651363,1,1
wield,-0.03544462861733584,0.8506670087651363,1,1
wild,-0.03544462861733584,0.8506670087651363,1,1
wishing,-0.03544462861733584,0.8506670087651363,1,1
won,-0.03544462861733584,0.8506670087651363,1,1
wondered,-0.03544462861733584,0.8506670087651363,1,1
wording,-0.03544462861733584,0.8506670087651363,1,1
wore,-0.03544462861733584,0.8506670087651363,1,1
worst-case,-0.03544462861733584,0.8506670087651363,1,1
worthwhile,-0.03544462861733584,0.8506670087651363,1,1
wrath,-0.03544462861733584,0.8506670087651363,1,1
wrought,-0.03544462861733584,0.8506670087651363,1,1
yellow,-0.03544462861733584,0.8506670087651363,1,1
zakharchenko,-0.03544462861733584,0.8506670087651363,1,1
zero,-0.03544462861733584,0.8506670087651363,1,1
zolote,-0.03544462861733584,0.8506670087651363,1,1
à,-0.03544462861733584,0.8506670087651363,1,1
briefings,-0.03773698399442388,0.8459722310018766,12,10
honour,-0.03773698399442388,0.8459722310018766,12,10
publicly,-0.03773698399442388,0.8459722310018766,12,10
targeting,-0.039068243150375964,0.8433135269484304,17,14
allegations,-0.040079496595059064,0.8413252285460602,7,6
capable,-0.040079496595059064,0.8413252285460602,7,6
diplomacy,-0.040079496595059064,0.8413252285460602,7,6
ending,-0.040079496595059064,0.8413252285460602,7,6
existence,-0.040079496595059064,0.8413252285460602,7,6
guterres,-0.040079496595059064,0.8413252285460602,7,6
houses,-0.040079496595059064,0.8413252285460602,7,6
offer,-0.040079496595059064,0.8413252285460602,7,6
shoot,-0.040079496595059064,0.8413252285460602,7,6
struggle,-0.040079496595059064,0.8413252285460602,7,6
term,-0.040079496595059064,0.8413252285460602,7,6
written,-0.040079496595059064,0.8413252285460602,7,6
framework,-0.041593824973755675,0.8383959772479765,22,18
recently,-0.04286857940021248,0.8359729281989775,41,33
sent,-0.04800500257551797,0.8265718084417659,32,26
6-year-old,-0.05316732373711235,0.8176407910205594,1,2
activated,-0.05316732373711235,0.8176407910205594,1,2
adhered,-0.05316732373711235,0.8176407910205594,1,2
admission,-0.05316732373711235,0.8176407910205594,1,2
affecting,-0.05316732373711235,0.8176407910205594,1,2
affiliation,-0.05316732373711235,0.8176407910205594,1,2
agency's,-0.05316732373711235,0.8176407910205594,1,2
airborne,-0.05316732373711235,0.8176407910205594,1,2
alarm,-0.05316732373711235,0.8176407910205594,1,2
amounted,-0.05316732373711235,0.8176407910205594,1,2
andriy,-0.05316732373711235,0.8176407910205594,1,2
applaud,-0.05316732373711235,0.8176407910205594,1,2
arming,-0.05316732373711235,0.8176407910205594,1,2
arriving,-0.05316732373711235,0.8176407910205594,1,2
aspiration,-0.05316732373711235,0.8176407910205594,1,2
assigned,-0.05316732373711235,0.8176407910205594,1,2
availability,-0.05316732373711235,0.8176407910205594,1,2
awaits,-0.05316732373711235,0.8176407910205594,1,2
b,-0.05316732373711235,0.8176407910205594,1,2
belonged,-0.05316732373711235,0.8176407910205594,1,2
besieged,-0.05316732373711235,0.8176407910205594,1,2
blames,-0.05316732373711235,0.8176407910205594,1,2
bounds,-0.05316732373711235,0.8176407910205594,1,2
brainwashing,-0.05316732373711235,0.8176407910205594,1,2
branch,-0.05316732373711235,0.8176407910205594,1,2
briefed,-0.05316732373711235,0.8176407910205594,1,2
categorical,-0.05316732373711235,0.8176407910205594,1,2
caught,-0.05316732373711235,0.8176407910205594,1,2
celebration,-0.05316732373711235,0.8176407910205594,1,2
civil-society,-0.05316732373711235,0.8176407910205594,1,2
co-sponsored,-0.05316732373711235,0.8176407910205594,1,2
commission's,-0.05316732373711235,0.8176407910205594,1,2
community's,-0.05316732373711235,0.8176407910205594,1,2
competitor,-0.05316732373711235,0.8176407910205594,1,2
completion,-0.05316732373711235,0.8176407910205594,1,2
complexity,-0.05316732373711235,0.8176407910205594,1,2
complying,-0.05316732373711235,0.8176407910205594,1,2
components,-0.05316732373711235,0.8176407910205594,1,2
condone,-0.05316732373711235,0.8176407910205594,1,2
confiscated,-0.05316732373711235,0.8176407910205594,1,2
consolidating,-0.05316732373711235,0.8176407910205594,1,2
consolidation,-0.05316732373711235,0.8176407910205594,1,2
consulate,-0.05316732373711235,0.8176407910205594,1,2
contempt,-0.05316732373711235,0.8176407910205594,1,2
contrast,-0.05316732373711235,0.8176407910205594,1,2
conveyed,-0.05316732373711235,0.8176407910205594,1,2
crops,-0.05316732373711235,0.8176407910205594,1,2
crushed,-0.05316732373711235,0.8176407910205594,1,2
customary,-0.05316732373711235,0.8176407910205594,1,2
cycle,-0.05316732373711235,0.8176407910205594,1,2
de-escalate,-0.05316732373711235,0.8176407910205594,1,2
decisively,-0.05316732373711235,0.8176407910205594,1,2
delegation's,-0.05316732373711235,0.8176407910205594,1,2
denise,-0.05316732373711235,0.8176407910205594,1,2
depend,-0.05316732373711235,0.8176407910205594,1,2
disorder,-0.05316732373711235,0.8176407910205594,1,2
distract,-0.05316732373711235,0.8176407910205594,1,2
doctors,-0.05316732373711235,0.8176407910205594,1,2
donor,-0.05316732373711235,0.8176407910205594,1,2
drivel,-0.05316732373711235,0.8176407910205594,1,2
eat,-0.05316732373711235,0.8176407910205594,1,2
elaborate,-0.05316732373711235,0.8176407910205594,1,2
emerge,-0.05316732373711235,0.8176407910205594,1,2
emergencies,-0.05316732373711235,0.8176407910205594,1,2
employ,-0.05316732373711235,0.8176407910205594,1,2
endanger,-0.05316732373711235,0.8176407910205594,1,2
endangered,-0.05316732373711235,0.8176407910205594,1,2
enjoys,-0.05316732373711235,0.8176407910205594,1,2
erase,-0.05316732373711235,0.8176407910205594,1,2
exceed,-0.05316732373711235,0.8176407910205594,1,2
excess,-0.05316732373711235,0.8176407910205594,1,2
exchanges,-0.05316732373711235,0.8176407910205594,1,2
executing,-0.05316732373711235,0.8176407910205594,1,2
executions,-0.05316732373711235,0.8176407910205594,1,2
expectation,-0.05316732373711235,0.8176407910205594,1,2
expects,-0.05316732373711235,0.8176407910205594,1,2
expulsion,-0.05316732373711235,0.8176407910205594,1,2
extends,-0.05316732373711235,0.8176407910205594,1,2
factories,-0.05316732373711235,0.8176407910205594,1,2
farce,-0.05316732373711235,0.8176407910205594,1,2
finds,-0.05316732373711235,0.8176407910205594,1,2
fragile,-0.05316732373711235,0.8176407910205594,1,2
fuelled,-0.05316732373711235,0.8176407910205594,1,2
futility,-0.05316732373711235,0.8176407910205594,1,2
generators,-0.05316732373711235,0.8176407910205594,1,2
globally,-0.05316732373711235,0.8176407910205594,1,2
grab,-0.05316732373711235,0.8176407910205594,1,2
gunpoint,-0.05316732373711235,0.8176407910205594,1,2
hanging,-0.05316732373711235,0.8176407910205594,1,2
harming,-0.05316732373711235,0.8176407910205594,1,2
hero,-0.05316732373711235,0.8176407910205594,1,2
holds,-0.05316732373711235,0.8176407910205594,1,2
honouring,-0.05316732373711235,0.8176407910205594,1,2
horrors,-0.05316732373711235,0.8176407910205594,1,2
incredible,-0.05316732373711235,0.8176407910205594,1,2
indefinite,-0.05316732373711235,0.8176407910205594,1,2
injustices,-0.05316732373711235,0.8176407910205594,1,2
insane,-0.05316732373711235,0.8176407910205594,1,2
insincere,-0.05316732373711235,0.8176407910205594,1,2
instigated,-0.05316732373711235,0.8176407910205594,1,2
intent,-0.05316732373711235,0.8176407910205594,1,2
intercept,-0.05316732373711235,0.8176407910205594,1,2
interrogation,-0.05316732373711235,0.8176407910205594,1,2
interventions,-0.05316732373711235,0.8176407910205594,1,2
introducing,-0.05316732373711235,0.8176407910205594,1,2
jointly,-0.05316732373711235,0.8176407910205594,1,2
kills,-0.05316732373711235,0.8176407910205594,1,2
la,-0.05316732373711235,0.8176407910205594,1,2
leader's,-0.05316732373711235,0.8176407910205594,1,2
league,-0.05316732373711235,0.8176407910205594,1,2
lesson,-0.05316732373711235,0.8176407910205594,1,2
leverage,-0.05316732373711235,0.8176407910205594,1,2
license,-0.05316732373711235,0.8176407910205594,1,2
loan,-0.05316732373711235,0.8176407910205594,1,2
love,-0.05316732373711235,0.8176407910205594,1,2
luhanska,-0.05316732373711235,0.8176407910205594,1,2
manifested,-0.05316732373711235,0.8176407910205594,1,2
manipulated,-0.05316732373711235,0.8176407910205594,1,2
manipulating,-0.05316732373711235,0.8176407910205594,1,2
manoeuvres,-0.05316732373711235,0.8176407910205594,1,2
mercenary,-0.05316732373711235,0.8176407910205594,1,2
milan,-0.05316732373711235,0.8176407910205594,1,2
mistreatment,-0.05316732373711235,0.8176407910205594,1,2
mitigate,-0.05316732373711235,0.8176407910205594,1,2
mouth,-0.05316732373711235,0.8176407910205594,1,2
msuya,-0.05316732373711235,0.8176407910205594,1,2
offering,-0.05316732373711235,0.8176407910205594,1,2
ofits,-0.05316732373711235,0.8176407910205594,1,2
ofthose,-0.05316732373711235,0.8176407910205594,1,2
oleksandr,-0.05316732373711235,0.8176407910205594,1,2
ombudsperson,-0.05316732373711235,0.8176407910205594,1,2
oneself,-0.05316732373711235,0.8176407910205594,1,2
opting,-0.05316732373711235,0.8176407910205594,1,2
outbreak,-0.05316732373711235,0.8176407910205594,1,2
paralysed,-0.05316732373711235,0.8176407910205594,1,2
paramount,-0.05316732373711235,0.8176407910205594,1,2
partnership,-0.05316732373711235,0.8176407910205594,1,2
persist,-0.05316732373711235,0.8176407910205594,1,2
perverse,-0.05316732373711235,0.8176407910205594,1,2
pillars,-0.05316732373711235,0.8176407910205594,1,2
plain,-0.05316732373711235,0.8176407910205594,1,2
players,-0.05316732373711235,0.8176407910205594,1,2
prayers,-0.05316732373711235,0.8176407910205594,1,2
predictably,-0.05316732373711235,0.8176407910205594,1,2
priests,-0.05316732373711235,0.8176407910205594,1,2
privileges,-0.05316732373711235,0.8176407910205594,1,2
proactive,-0.05316732373711235,0.8176407910205594,1,2
protested,-0.05316732373711235,0.8176407910205594,1,2
quarter,-0.05316732373711235,0.8176407910205594,1,2
quick,-0.05316732373711235,0.8176407910205594,1,2
rallies,-0.05316732373711235,0.8176407910205594,1,2
rations,-0.05316732373711235,0.8176407910205594,1,2
re-establish,-0.05316732373711235,0.8176407910205594,1,2
recreation,-0.05316732373711235,0.8176407910205594,1,2
regulations,-0.05316732373711235,0.8176407910205594,1,2
reinforcing,-0.05316732373711235,0.8176407910205594,1,2
repatriation,-0.05316732373711235,0.8176407910205594,1,2
repetition,-0.05316732373711235,0.8176407910205594,1,2
responses,-0.05316732373711235,0.8176407910205594,1,2
reunited,-0.05316732373711235,0.8176407910205594,1,2
revenues,-0.05316732373711235,0.8176407910205594,1,2
rising,-0.05316732373711235,0.8176407910205594,1,2
rome,-0.05316732373711235,0.8176407910205594,1,2
rostov,-0.05316732373711235,0.8176407910205594,1,2
ruin,-0.05316732373711235,0.8176407910205594,1,2
sabre-rattling,-0.05316732373711235,0.8176407910205594,1,2
sailors,-0.05316732373711235,0.8176407910205594,1,2
scenes,-0.05316732373711235,0.8176407910205594,1,2
scores,-0.05316732373711235,0.8176407910205594,1,2
script,-0.05316732373711235,0.8176407910205594,1,2
searched,-0.05316732373711235,0.8176407910205594,1,2
sections,-0.05316732373711235,0.8176407910205594,1,2
seizing,-0.05316732373711235,0.8176407910205594,1,2
shameless,-0.05316732373711235,0.8176407910205594,1,2
shield,-0.05316732373711235,0.8176407910205594,1,2
shyrokyne,-0.05316732373711235,0.8176407910205594,1,2
simplify,-0.05316732373711235,0.8176407910205594,1,2
soaked,-0.05316732373711235,0.8176407910205594,1,2
spectrum,-0.05316732373711235,0.8176407910205594,1,2
stakes,-0.05316732373711235,0.8176407910205594,1,2
stormed,-0.05316732373711235,0.8176407910205594,1,2
strengthened,-0.05316732373711235,0.8176407910205594,1,2
stroke,-0.05316732373711235,0.8176407910205594,1,2
structure,-0.05316732373711235,0.8176407910205594,1,2
substantially,-0.05316732373711235,0.8176407910205594,1,2
suffers,-0.05316732373711235,0.8176407910205594,1,2
switch,-0.05316732373711235,0.8176407910205594,1,2
symbolic,-0.05316732373711235,0.8176407910205594,1,2
tartar,-0.05316732373711235,0.8176407910205594,1,2
tenacity,-0.05316732373711235,0.8176407910205594,1,2
terrorize,-0.05316732373711235,0.8176407910205594,1,2
theft,-0.05316732373711235,0.8176407910205594,1,2
thugs,-0.05316732373711235,0.8176407910205594,1,2
ticking,-0.05316732373711235,0.8176407910205594,1,2
trace,-0.05316732373711235,0.8176407910205594,1,2
trees,-0.05316732373711235,0.8176407910205594,1,2
trustworthy,-0.05316732373711235,0.8176407910205594,1,2
truths,-0.05316732373711235,0.8176407910205594,1,2
tumour,-0.05316732373711235,0.8176407910205594,1,2
twentieth,-0.05316732373711235,0.8176407910205594,1,2
unabated,-0.05316732373711235,0.8176407910205594,1,2
unified,-0.05316732373711235,0.8176407910205594,1,2
unlawfully,-0.05316732373711235,0.8176407910205594,1,2
unpredictable,-0.05316732373711235,0.8176407910205594,1,2
verifiable,-0.05316732373711235,0.8176407910205594,1,2
viktor,-0.05316732373711235,0.8176407910205594,1,2
violator,-0.05316732373711235,0.8176407910205594,1,2
vivid,-0.05316732373711235,0.8176407910205594,1,2
walk,-0.05316732373711235,0.8176407910205594,1,2
ward,-0.05316732373711235,0.8176407910205594,1,2
warrants,-0.05316732373711235,0.8176407910205594,1,2
watched,-0.05316732373711235,0.8176407910205594,1,2
web,-0.05316732373711235,0.8176407910205594,1,2
yield,-0.05316732373711235,0.8176407910205594,1,2
implementation,-0.055790502966176825,0.8132773760930525,70,56
numerous,-0.05660993678782386,0.8119366062983021,18,15
school,-0.05660993678782386,0.8119366062983021,18,15
simple,-0.05660993678782386,0.8119366062983021,18,15
commissioner,-0.05765819206942176,0.8102362974760715,23,19
ensuring,-0.05765819206942176,0.8102362974760715,23,19
play,-0.05776505700831499,0.8100638798004054,13,11
concrete,-0.06508870351633551,0.798626649716388,8,7
decentralization,-0.06508870351633551,0.798626649716388,8,7
operating,-0.06508870351633551,0.798626649716388,8,7
orthodox,-0.06508870351633551,0.798626649716388,8,7
prepare,-0.06508870351633551,0.798626649716388,8,7
sources,-0.06508870351633551,0.798626649716388,8,7
towards,-0.06863438987914697,0.7933355821435186,43,35
abide,-0.07089027273823485,0.7900449275725732,2,2
absent,-0.07089027273823485,0.7900449275725732,2,2
alarmed,-0.07089027273823485,0.7900449275725732,2,2
anti-ukrainian,-0.07089027273823485,0.7900449275725732,2,2
approaching,-0.07089027273823485,0.7900449275725732,2,2
arrest,-0.07089027273823485,0.7900449275725732,2,2
arsenal,-0.07089027273823485,0.7900449275725732,2,2
associations,-0.07089027273823485,0.7900449275725732,2,2
autumn,-0.07089027273823485,0.7900449275725732,2,2
awful,-0.07089027273823485,0.7900449275725732,2,2
beaten,-0.07089027273823485,0.7900449275725732,2,2
behave,-0.07089027273823485,0.7900449275725732,2,2
beneath,-0.07089027273823485,0.7900449275725732,2,2
brazil,-0.07089027273823485,0.7900449275725732,2,2
brigades,-0.07089027273823485,0.7900449275725732,2,2
cabinet,-0.07089027273823485,0.7900449275725732,2,2
clock,-0.07089027273823485,0.7900449275725732,2,2
complaints,-0.07089027273823485,0.7900449275725732,2,2
complicity,-0.07089027273823485,0.7900449275725732,2,2
component,-0.07089027273823485,0.7900449275725732,2,2
conformity,-0.07089027273823485,0.7900449275725732,2,2
consisting,-0.07089027273823485,0.7900449275725732,2,2
consolidate,-0.07089027273823485,0.7900449275725732,2,2
construction,-0.07089027273823485,0.7900449275725732,2,2
contain,-0.07089027273823485,0.7900449275725732,2,2
contingent,-0.07089027273823485,0.7900449275725732,2,2
contravention,-0.07089027273823485,0.7900449275725732,2,2
coordinating,-0.07089027273823485,0.7900449275725732,2,2
crazy,-0.07089027273823485,0.7900449275725732,2,2
creeping,-0.07089027273823485,0.7900449275725732,2,2
de-nazification,-0.07089027273823485,0.7900449275725732,2,2
deteriorate,-0.07089027273823485,0.7900449275725732,2,2
disappointing,-0.07089027273823485,0.7900449275725732,2,2
disasters,-0.07089027273823485,0.7900449275725732,2,2
disposal,-0.07089027273823485,0.7900449275725732,2,2
disturbing,-0.07089027273823485,0.7900449275725732,2,2
donors,-0.07089027273823485,0.7900449275725732,2,2
elaborating,-0.07089027273823485,0.7900449275725732,2,2
elsewhere,-0.07089027273823485,0.7900449275725732,2,2
emphasized,-0.07089027273823485,0.7900449275725732,2,2
ends,-0.07089027273823485,0.7900449275725732,2,2
era,-0.07089027273823485,0.7900449275725732,2,2
ertugrul,-0.07089027273823485,0.7900449275725732,2,2
exercised,-0.07089027273823485,0.7900449275725732,2,2
fabricated,-0.07089027273823485,0.7900449275725732,2,2
factors,-0.07089027273823485,0.7900449275725732,2,2
feels,-0.07089027273823485,0.7900449275725732,2,2
fertile,-0.07089027273823485,0.7900449275725732,2,2
film,-0.07089027273823485,0.7900449275725732,2,2
flags,-0.07089027273823485,0.7900449275725732,2,2
forceful,-0.07089027273823485,0.7900449275725732,2,2
forest,-0.07089027273823485,0.7900449275725732,2,2
fortunately,-0.07089027273823485,0.7900449275725732,2,2
fragments,-0.07089027273823485,0.7900449275725732,2,2
fraternal,-0.07089027273823485,0.7900449275725732,2,2
fresh,-0.07089027273823485,0.7900449275725732,2,2
gabon,-0.07089027273823485,0.7900449275725732,2,2
ging,-0.07089027273823485,0.7900449275725732,2,2
guaranteeing,-0.07089027273823485,0.7900449275725732,2,2
guardians,-0.07089027273823485,0.7900449275725732,2,2
guards,-0.07089027273823485,0.7900449275725732,2,2
guiding,-0.07089027273823485,0.7900449275725732,2,2
guilt,-0.07089027273823485,0.7900449275725732,2,2
handful,-0.07089027273823485,0.7900449275725732,2,2
harassment,-0.07089027273823485,0.7900449275725732,2,2
hug,-0.07089027273823485,0.7900449275725732,2,2
icrc,-0.07089027273823485,0.7900449275725732,2,2
identifying,-0.07089027273823485,0.7900449275725732,2,2
impetus,-0.07089027273823485,0.7900449275725732,2,2
insists,-0.07089027273823485,0.7900449275725732,2,2
intends,-0.07089027273823485,0.7900449275725732,2,2
involves,-0.07089027273823485,0.7900449275725732,2,2
jobs,-0.07089027273823485,0.7900449275725732,2,2
kateryna,-0.07089027273823485,0.7900449275725732,2,2
legitimize,-0.07089027273823485,0.7900449275725732,2,2
liberators,-0.07089027273823485,0.7900449275725732,2,2
limiting,-0.07089027273823485,0.7900449275725732,2,2
maintained,-0.07089027273823485,0.7900449275725732,2,2
manpower,-0.07089027273823485,0.7900449275725732,2,2
master,-0.07089027273823485,0.7900449275725732,2,2
method,-0.07089027273823485,0.7900449275725732,2,2
militarily,-0.07089027273823485,0.7900449275725732,2,2
misleading,-0.07089027273823485,0.7900449275725732,2,2
misled,-0.07089027273823485,0.7900449275725732,2,2
mutilated,-0.07089027273823485,0.7900449275725732,2,2
nationwide,-0.07089027273823485,0.7900449275725732,2,2
neutral,-0.07089027273823485,0.7900449275725732,2,2
nice,-0.07089027273823485,0.7900449275725732,2,2
ninth,-0.07089027273823485,0.7900449275725732,2,2
notified,-0.07089027273823485,0.7900449275725732,2,2
opposing,-0.07089027273823485,0.7900449275725732,2,2
opted,-0.07089027273823485,0.7900449275725732,2,2
outrage,-0.07089027273823485,0.7900449275725732,2,2
partially,-0.07089027273823485,0.7900449275725732,2,2
pattern,-0.07089027273823485,0.7900449275725732,2,2
permit,-0.07089027273823485,0.7900449275725732,2,2
pilot,-0.07089027273823485,0.7900449275725732,2,2
planet,-0.07089027273823485,0.7900449275725732,2,2
post-war,-0.07089027273823485,0.7900449275725732,2,2
preside,-0.07089027273823485,0.7900449275725732,2,2
prevents,-0.07089027273823485,0.7900449275725732,2,2
pride,-0.07089027273823485,0.7900449275725732,2,2
prison,-0.07089027273823485,0.7900449275725732,2,2
prohibit,-0.07089027273823485,0.7900449275725732,2,2
pursue,-0.07089027273823485,0.7900449275725732,2,2
qualified,-0.07089027273823485,0.7900449275725732,2,2
realizing,-0.07089027273823485,0.7900449275725732,2,2
recommendation,-0.07089027273823485,0.7900449275725732,2,2
reintegration,-0.07089027273823485,0.7900449275725732,2,2
reiterated,-0.07089027273823485,0.7900449275725732,2,2
removing,-0.07089027273823485,0.7900449275725732,2,2
representation,-0.07089027273823485,0.7900449275725732,2,2
respectively,-0.07089027273823485,0.7900449275725732,2,2
revealing,-0.07089027273823485,0.7900449275725732,2,2
ridiculous,-0.07089027273823485,0.7900449275725732,2,2
route,-0.07089027273823485,0.7900449275725732,2,2
routine,-0.07089027273823485,0.7900449275725732,2,2
safely,-0.07089027273823485,0.7900449275725732,2,2
satisfactory,-0.07089027273823485,0.7900449275725732,2,2
seventy-seventh,-0.07089027273823485,0.7900449275725732,2,2
shame,-0.07089027273823485,0.7900449275725732,2,2
sharp,-0.07089027273823485,0.7900449275725732,2,2
signals,-0.07089027273823485,0.7900449275725732,2,2
succeeding,-0.07089027273823485,0.7900449275725732,2,2
taste,-0.07089027273823485,0.7900449275725732,2,2
transformation,-0.07089027273823485,0.7900449275725732,2,2
travel,-0.07089027273823485,0.7900449275725732,2,2
unless,-0.07089027273823485,0.7900449275725732,2,2
unusual,-0.07089027273823485,0.7900449275725732,2,2
valuable,-0.07089027273823485,0.7900449275725732,2,2
viability,-0.07089027273823485,0.7900449275725732,2,2
warm,-0.07089027273823485,0.7900449275725732,2,2
weak,-0.07089027273823485,0.7900449275725732,2,2
wear,-0.07089027273823485,0.7900449275725732,2,2
wife,-0.07089027273823485,0.7900449275725732,2,2
wisdom,-0.07089027273823485,0.7900449275725732,2,2
show,-0.076199175763616,0.7825158215522501,19,16
establishment,-0.08016645828060663,0.7770719583746248,14,12
fulfil,-0.08016645828060663,0.7770719583746248,14,12
accordingly,-0.08861347562615875,0.7659472899507299,2,3
adhere,-0.08861347562615875,0.7659472899507299,2,3
advancing,-0.08861347562615875,0.7659472899507299,2,3
annexed,-0.08861347562615875,0.7659472899507299,2,3
asian,-0.08861347562615875,0.7659472899507299,2,3
aspect,-0.08861347562615875,0.7659472899507299,2,3
big,-0.08861347562615875,0.7659472899507299,2,3
broadcast,-0.08861347562615875,0.7659472899507299,2,3
cancel,-0.08861347562615875,0.7659472899507299,2,3
capture,-0.08861347562615875,0.7659472899507299,2,3
closure,-0.08861347562615875,0.7659472899507299,2,3
collect,-0.08861347562615875,0.7659472899507299,2,3
commissions,-0.08861347562615875,0.7659472899507299,2,3
considers,-0.08861347562615875,0.7659472899507299,2,3
continent,-0.08861347562615875,0.7659472899507299,2,3
convey,-0.08861347562615875,0.7659472899507299,2,3
courts,-0.08861347562615875,0.7659472899507299,2,3
covers,-0.08861347562615875,0.7659472899507299,2,3
denial,-0.08861347562615875,0.7659472899507299,2,3
denying,-0.08861347562615875,0.7659472899507299,2,3
detentions,-0.08861347562615875,0.7659472899507299,2,3
diplomat,-0.08861347562615875,0.7659472899507299,2,3
drafted,-0.08861347562615875,0.7659472899507299,2,3
earth,-0.08861347562615875,0.7659472899507299,2,3
equality,-0.08861347562615875,0.7659472899507299,2,3
estimated,-0.08861347562615875,0.7659472899507299,2,3
everyone's,-0.08861347562615875,0.7659472899507299,2,3
excuse,-0.08861347562615875,0.7659472899507299,2,3
expanded,-0.08861347562615875,0.7659472899507299,2,3
fascism,-0.08861347562615875,0.7659472899507299,2,3
father,-0.08861347562615875,0.7659472899507299,2,3
filled,-0.08861347562615875,0.7659472899507299,2,3
finance,-0.08861347562615875,0.7659472899507299,2,3
flights,-0.08861347562615875,0.7659472899507299,2,3
footsteps,-0.08861347562615875,0.7659472899507299,2,3
formal,-0.08861347562615875,0.7659472899507299,2,3
general's,-0.08861347562615875,0.7659472899507299,2,3
generation,-0.08861347562615875,0.7659472899507299,2,3
ghana,-0.08861347562615875,0.7659472899507299,2,3
grandchildren,-0.08861347562615875,0.7659472899507299,2,3
gun,-0.08861347562615875,0.7659472899507299,2,3
horrifying,-0.08861347562615875,0.7659472899507299,2,3
immense,-0.08861347562615875,0.7659472899507299,2,3
indicated,-0.08861347562615875,0.7659472899507299,2,3
indigenous,-0.08861347562615875,0.7659472899507299,2,3
intimidating,-0.08861347562615875,0.7659472899507299,2,3
introduction,-0.08861347562615875,0.7659472899507299,2,3
irpin,-0.08861347562615875,0.7659472899507299,2,3
irrefutable,-0.08861347562615875,0.7659472899507299,2,3
justifying,-0.08861347562615875,0.7659472899507299,2,3
keys,-0.08861347562615875,0.7659472899507299,2,3
laying,-0.08861347562615875,0.7659472899507299,2,3
legacy,-0.08861347562615875,0.7659472899507299,2,3
lift,-0.08861347562615875,0.7659472899507299,2,3
location,-0.08861347562615875,0.7659472899507299,2,3
minimum,-0.08861347562615875,0.7659472899507299,2,3
mining,-0.08861347562615875,0.7659472899507299,2,3
nationalities,-0.08861347562615875,0.7659472899507299,2,3
negotiation,-0.08861347562615875,0.7659472899507299,2,3
oblasts,-0.08861347562615875,0.7659472899507299,2,3
operational,-0.08861347562615875,0.7659472899507299,2,3
oppression,-0.08861347562615875,0.7659472899507299,2,3
outlined,-0.08861347562615875,0.7659472899507299,2,3
persistent,-0.08861347562615875,0.7659472899507299,2,3
pretexts,-0.08861347562615875,0.7659472899507299,2,3
reconstruction,-0.08861347562615875,0.7659472899507299,2,3
reduce,-0.08861347562615875,0.7659472899507299,2,3
reduced,-0.08861347562615875,0.7659472899507299,2,3
reich,-0.08861347562615875,0.7659472899507299,2,3
safer,-0.08861347562615875,0.7659472899507299,2,3
saturday,-0.08861347562615875,0.7659472899507299,2,3
serves,-0.08861347562615875,0.7659472899507299,2,3
severely,-0.08861347562615875,0.7659472899507299,2,3
sharing,-0.08861347562615875,0.7659472899507299,2,3
sight,-0.08861347562615875,0.7659472899507299,2,3
signature,-0.08861347562615875,0.7659472899507299,2,3
sponsor,-0.08861347562615875,0.7659472899507299,2,3
stayed,-0.08861347562615875,0.7659472899507299,2,3
style,-0.08861347562615875,0.7659472899507299,2,3
suppression,-0.08861347562615875,0.7659472899507299,2,3
termination,-0.08861347562615875,0.7659472899507299,2,3
testament,-0.08861347562615875,0.7659472899507299,2,3
trigger,-0.08861347562615875,0.7659472899507299,2,3
under-secretary,-0.08861347562615875,0.7659472899507299,2,3
underlying,-0.08861347562615875,0.7659472899507299,2,3
void,-0.08861347562615875,0.7659472899507299,2,3
weekend,-0.08861347562615875,0.7659472899507299,2,3
wounding,-0.08861347562615875,0.7659472899507299,2,3
bridge,-0.09255496728613084,0.7609538295769069,9,8
happens,-0.09255496728613084,0.7609538295769069,9,8
p.m,-0.09255496728613084,0.7609538295769069,9,8
protocol,-0.09255496728613084,0.7609538295769069,9,8
provides,-0.09255496728613084,0.7609538295769069,9,8
threatening,-0.09255496728613084,0.7609538295769069,9,8
volnovakha,-0.09255496728613084,0.7609538295769069,9,8
waiting,-0.09255496728613084,0.7609538295769069,9,8
soon,-0.09436476748288578,0.7586999070425362,30,25
month,-0.09484697813828814,0.7581033598697304,25,21
shelled,-0.09484697813828814,0.7581033598697304,25,21
ofthe,-0.09750409047456349,0.7548456344108693,20,17
respond,-0.10443283517741687,0.7465735455869114,15,13
victory,-0.10443283517741687,0.7465735455869114,15,13
absolute,-0.10633693240633958,0.7443536592001736,3,3
adopting,-0.10633693240633958,0.7443536592001736,3,3
altogether,-0.10633693240633958,0.7443536592001736,3,3
army's,-0.10633693240633958,0.7443536592001736,3,3
assess,-0.10633693240633958,0.7443536592001736,3,3
atmosphere,-0.10633693240633958,0.7443536592001736,3,3
believes,-0.10633693240633958,0.7443536592001736,3,3
blatantly,-0.10633693240633958,0.7443536592001736,3,3
books,-0.10633693240633958,0.7443536592001736,3,3
bound,-0.10633693240633958,0.7443536592001736,3,3
brink,-0.10633693240633958,0.7443536592001736,3,3
broken,-0.10633693240633958,0.7443536592001736,3,3
camp,-0.10633693240633958,0.7443536592001736,3,3
cessation,-0.10633693240633958,0.7443536592001736,3,3
clarify,-0.10633693240633958,0.7443536592001736,3,3
compare,-0.10633693240633958,0.7443536592001736,3,3
competent,-0.10633693240633958,0.7443536592001736,3,3
discovered,-0.10633693240633958,0.7443536592001736,3,3
drawing,-0.10633693240633958,0.7443536592001736,3,3
ecuador,-0.10633693240633958,0.7443536592001736,3,3
escalate,-0.10633693240633958,0.7443536592001736,3,3
everybody,-0.10633693240633958,0.7443536592001736,3,3
examine,-0.10633693240633958,0.7443536592001736,3,3
expanding,-0.10633693240633958,0.7443536592001736,3,3
exploded,-0.10633693240633958,0.7443536592001736,3,3
feet,-0.10633693240633958,0.7443536592001736,3,3
firm,-0.10633693240633958,0.7443536592001736,3,3
flooding,-0.10633693240633958,0.7443536592001736,3,3
forcible,-0.10633693240633958,0.7443536592001736,3,3
frozen,-0.10633693240633958,0.7443536592001736,3,3
hectares,-0.10633693240633958,0.7443536592001736,3,3
injuring,-0.10633693240633958,0.7443536592001736,3,3
invitation,-0.10633693240633958,0.7443536592001736,3,3
ivan,-0.10633693240633958,0.7443536592001736,3,3
latin,-0.10633693240633958,0.7443536592001736,3,3
length,-0.10633693240633958,0.7443536592001736,3,3
literature,-0.10633693240633958,0.7443536592001736,3,3
loud,-0.10633693240633958,0.7443536592001736,3,3
maternity,-0.10633693240633958,0.7443536592001736,3,3
mobilize,-0.10633693240633958,0.7443536592001736,3,3
newspapers,-0.10633693240633958,0.7443536592001736,3,3
noting,-0.10633693240633958,0.7443536592001736,3,3
null,-0.10633693240633958,0.7443536592001736,3,3
obliged,-0.10633693240633958,0.7443536592001736,3,3
obstacle,-0.10633693240633958,0.7443536592001736,3,3
paper,-0.10633693240633958,0.7443536592001736,3,3
parade,-0.10633693240633958,0.7443536592001736,3,3
passenger,-0.10633693240633958,0.7443536592001736,3,3
passengers,-0.10633693240633958,0.7443536592001736,3,3
permission,-0.10633693240633958,0.7443536592001736,3,3
persuade,-0.10633693240633958,0.7443536592001736,3,3
principal,-0.10633693240633958,0.7443536592001736,3,3
professional,-0.10633693240633958,0.7443536592001736,3,3
property,-0.10633693240633958,0.7443536592001736,3,3
qualify,-0.10633693240633958,0.7443536592001736,3,3
realizes,-0.10633693240633958,0.7443536592001736,3,3
removal,-0.10633693240633958,0.7443536592001736,3,3
resumed,-0.10633693240633958,0.7443536592001736,3,3
ruling,-0.10633693240633958,0.7443536592001736,3,3
seeks,-0.10633693240633958,0.7443536592001736,3,3
sorrow,-0.10633693240633958,0.7443536592001736,3,3
success,-0.10633693240633958,0.7443536592001736,3,3
suspend,-0.10633693240633958,0.7443536592001736,3,3
symbol,-0.10633693240633958,0.7443536592001736,3,3
thursday,-0.10633693240633958,0.7443536592001736,3,3
totalitarian,-0.10633693240633958,0.7443536592001736,3,3
transported,-0.10633693240633958,0.7443536592001736,3,3
trends,-0.10633693240633958,0.7443536592001736,3,3
tsarev,-0.10633693240633958,0.7443536592001736,3,3
ultimatums,-0.10633693240633958,0.7443536592001736,3,3
undermined,-0.10633693240633958,0.7443536592001736,3,3
upper,-0.10633693240633958,0.7443536592001736,3,3
whitewash,-0.10633693240633958,0.7443536592001736,3,3
widespread,-0.10633693240633958,0.7443536592001736,3,3
wishes,-0.10633693240633958,0.7443536592001736,3,3
works,-0.10633693240633958,0.7443536592001736,3,3
worrying,-0.10633693240633958,0.7443536592001736,3,3
agreed,-0.11324664679156721,0.7364777233230686,36,30
legal,-0.11324664679156721,0.7364777233230686,36,30
truth,-0.11324664679156721,0.7364777233230686,36,30
officials,-0.11554998019658555,0.7339119296579477,26,22
look,-0.12026088714247603,0.7287517085059032,21,18
ban,-0.12170269599920457,0.7271950656627894,10,9
scale,-0.12170269599920457,0.7271950656627894,10,9
abandon,-0.12406064308423306,0.724671453653725,3,4
abductions,-0.12406064308423306,0.724671453653725,3,4
adults,-0.12406064308423306,0.724671453653725,3,4
argument,-0.12406064308423306,0.724671453653725,3,4
assist,-0.12406064308423306,0.724671453653725,3,4
assume,-0.12406064308423306,0.724671453653725,3,4
believed,-0.12406064308423306,0.724671453653725,3,4
belonging,-0.12406064308423306,0.724671453653725,3,4
canal,-0.12406064308423306,0.724671453653725,3,4
checkpoints,-0.12406064308423306,0.724671453653725,3,4
declaring,-0.12406064308423306,0.724671453653725,3,4
defined,-0.12406064308423306,0.724671453653725,3,4
difficulties,-0.12406064308423306,0.724671453653725,3,4
engagement,-0.12406064308423306,0.724671453653725,3,4
executed,-0.12406064308423306,0.724671453653725,3,4
fallen,-0.12406064308423306,0.724671453653725,3,4
firmly,-0.12406064308423306,0.724671453653725,3,4
focused,-0.12406064308423306,0.724671453653725,3,4
fuelling,-0.12406064308423306,0.724671453653725,3,4
hardware,-0.12406064308423306,0.724671453653725,3,4
howitzers,-0.12406064308423306,0.724671453653725,3,4
indicates,-0.12406064308423306,0.724671453653725,3,4
isolated,-0.12406064308423306,0.724671453653725,3,4
loss,-0.12406064308423306,0.724671453653725,3,4
mediation,-0.12406064308423306,0.724671453653725,3,4
nowhere,-0.12406064308423306,0.724671453653725,3,4
renewed,-0.12406064308423306,0.724671453653725,3,4
require,-0.12406064308423306,0.724671453653725,3,4
run,-0.12406064308423306,0.724671453653725,3,4
sergey,-0.12406064308423306,0.724671453653725,3,4
shameful,-0.12406064308423306,0.724671453653725,3,4
simonovic,-0.12406064308423306,0.724671453653725,3,4
sincerely,-0.12406064308423306,0.724671453653725,3,4
sixth,-0.12406064308423306,0.724671453653725,3,4
skies,-0.12406064308423306,0.724671453653725,3,4
surely,-0.12406064308423306,0.724671453653725,3,4
terrorizing,-0.12406064308423306,0.724671453653725,3,4
thirdly,-0.12406064308423306,0.724671453653725,3,4
trafficking,-0.12406064308423306,0.724671453653725,3,4
vehicle,-0.12406064308423306,0.724671453653725,3,4
agencies,-0.13019139577887764,0.718233675729447,16,14
come,-0.13277487277589106,0.7155721285426474,47,39
october,-0.13390964833541935,0.7144123306781653,32,27
basic,-0.14425724395440678,0.7040848873978434,22,19
joint,-0.14425724395440678,0.7040848873978434,22,19
pv,-0.15119231926293825,0.6973985294708165,43,36
huge,-0.15205176134989756,0.6965822822968337,11,10
treatment,-0.15205176134989756,0.6965822822968337,11,10
involved,-0.15716254615600614,0.6917824415292384,17,15
lead,-0.15716254615600614,0.6917824415292384,17,15
murder,-0.15716254615600614,0.6917824415292384,17,15
abduction,-0.15950882615498158,0.6896091316091881,4,5
artificial,-0.15950882615498158,0.6896091316091881,4,5
board,-0.15950882615498158,0.6896091316091881,4,5
complicated,-0.15950882615498158,0.6896091316091881,4,5
described,-0.15950882615498158,0.6896091316091881,4,5
determination,-0.15950882615498158,0.6896091316091881,4,5
eliminate,-0.15950882615498158,0.6896091316091881,4,5
entering,-0.15950882615498158,0.6896091316091881,4,5
fleeing,-0.15950882615498158,0.6896091316091881,4,5
fulfilling,-0.15950882615498158,0.6896091316091881,4,5
greatly,-0.15950882615498158,0.6896091316091881,4,5
indicate,-0.15950882615498158,0.6896091316091881,4,5
investigating,-0.15950882615498158,0.6896091316091881,4,5
loved,-0.15950882615498158,0.6896091316091881,4,5
malta,-0.15950882615498158,0.6896091316091881,4,5
mh-l7,-0.15950882615498158,0.6896091316091881,4,5
newly,-0.15950882615498158,0.6896091316091881,4,5
observe,-0.15950882615498158,0.6896091316091881,4,5
offices,-0.15950882615498158,0.6896091316091881,4,5
programmes,-0.15950882615498158,0.6896091316091881,4,5
respects,-0.15950882615498158,0.6896091316091881,4,5
saved,-0.15950882615498158,0.6896091316091881,4,5
seizure,-0.15950882615498158,0.6896091316091881,4,5
shelters,-0.15950882615498158,0.6896091316091881,4,5
stops,-0.15950882615498158,0.6896091316091881,4,5
systematically,-0.15950882615498158,0.6896091316091881,4,5
track,-0.15950882615498158,0.6896091316091881,4,5
treated,-0.15950882615498158,0.6896091316091881,4,5
unequivocally,-0.15950882615498158,0.6896091316091881,4,5
upcoming,-0.15950882615498158,0.6896091316091881,4,5
found,-0.16932034083817776,0.6807165499113814,23,20
believe,-0.17307873891581474,0.677390005005822,69,57
fake,-0.1832890361975326,0.6685617993545339,12,11
increasing,-0.1832890361975326,0.6685617993545339,12,11
invited,-0.1832890361975326,0.6685617993545339,12,11
town,-0.18422045853662966,0.6677710551993187,29,25
battle,-0.19495802488205308,0.6588217386151003,5,6
bloodshed,-0.19495802488205308,0.6588217386151003,5,6
changes,-0.19495802488205308,0.6588217386151003,5,6
chaos,-0.19495802488205308,0.6588217386151003,5,6
crucial,-0.19495802488205308,0.6588217386151003,5,6
cynically,-0.19495802488205308,0.6588217386151003,5,6
desperately,-0.19495802488205308,0.6588217386151003,5,6
entities,-0.19495802488205308,0.6588217386151003,5,6
neighbour,-0.19495802488205308,0.6588217386151003,5,6
paid,-0.19495802488205308,0.6588217386151003,5,6
pictures,-0.19495802488205308,0.6588217386151003,5,6
playing,-0.19495802488205308,0.6588217386151003,5,6
recordings,-0.19495802488205308,0.6588217386151003,5,6
successful,-0.19495802488205308,0.6588217386151003,5,6
unmanned,-0.19495802488205308,0.6588217386151003,5,6
unprovoked,-0.19495802488205308,0.6588217386151003,5,6
win,-0.19495802488205308,0.6588217386151003,5,6
injured,-0.19530808129776503,0.6585349841867314,24,21
torture,-0.19530808129776503,0.6585349841867314,24,21
responsible,-0.20047215474239968,0.654340005952033,35,30
bodies,-0.20890757458929538,0.6476249864158903,30,26
different,-0.20890757458929538,0.6476249864158903,30,26
alarming,-0.21268300513035088,0.6446725706644583,6,6
armaments,-0.21268300513035088,0.6446725706644583,6,6
buk,-0.21268300513035088,0.6446725706644583,6,6
conventions,-0.21268300513035088,0.6446725706644583,6,6
destabilize,-0.21268300513035088,0.6446725706644583,6,6
harm,-0.21268300513035088,0.6446725706644583,6,6
interference,-0.21268300513035088,0.6446725706644583,6,6
investigated,-0.21268300513035088,0.6446725706644583,6,6
justified,-0.21268300513035088,0.6446725706644583,6,6
orphans,-0.21268300513035088,0.6446725706644583,6,6
paying,-0.21268300513035088,0.6446725706644583,6,6
places,-0.21268300513035088,0.6446725706644583,6,6
proceed,-0.21268300513035088,0.6446725706644583,6,6
prosecutor,-0.21268300513035088,0.6446725706644583,6,6
shelter,-0.21268300513035088,0.6446725706644583,6,6
students,-0.21268300513035088,0.6446725706644583,6,6
sumy,-0.21268300513035088,0.6446725706644583,6,6
universal,-0.21268300513035088,0.6446725706644583,6,6
watch,-0.21268300513035088,0.6446725706644583,6,6
seeking,-0.21520159410042256,0.6427206407009677,13,12
briefing,-0.22210255548220262,0.637442525398817,25,22
start,-0.22424603174358204,0.6358235269358723,36,31
almost,-0.22871222503880237,0.6324803425034219,57,48
agricultural,-0.24343852498628682,0.6217335869191244,20,18
namely,-0.24763959794587498,0.6187420348414793,14,13
pretext,-0.24763959794587498,0.6187420348414793,14,13
terrible,-0.24763959794587498,0.6187420348414793,14,13
acknowledge,-0.24813372742375378,0.6183922536863736,7,7
cruel,-0.24813372742375378,0.6183922536863736,7,7
deep,-0.24813372742375378,0.6183922536863736,7,7
deeply,-0.24813372742375378,0.6183922536863736,7,7
fleet,-0.24813372742375378,0.6183922536863736,7,7
killings,-0.24813372742375378,0.6183922536863736,7,7
onto,-0.24813372742375378,0.6183922536863736,7,7
platform,-0.24813372742375378,0.6183922536863736,7,7
production,-0.24813372742375378,0.6183922536863736,7,7
represent,-0.24813372742375378,0.6183922536863736,7,7
resulting,-0.24813372742375378,0.6183922536863736,7,7
warfare,-0.24813372742375378,0.6183922536863736,7,7
willingness,-0.24813372742375378,0.6183922536863736,7,7
yesterday's,-0.24813372742375378,0.6183922536863736,7,7
adopted,-0.24869828883959313,0.6179931472768982,37,32
get,-0.2496051041355713,0.6173532730932348,26,23
considered,-0.273538324650168,0.6009680496993943,21,19
currently,-0.273538324650168,0.6009680496993943,21,19
demonstrated,-0.273538324650168,0.6009680496993943,21,19
lives,-0.28071331609704603,0.5962340648664539,49,42
condolences,-0.2835854654826126,0.5943607478486067,8,8
crossed,-0.2835854654826126,0.5943607478486067,8,8
danger,-0.2835854654826126,0.5943607478486067,8,8
gas,-0.2835854654826126,0.5943607478486067,8,8
greater,-0.2835854654826126,0.5943607478486067,8,8
remove,-0.2835854654826126,0.5943607478486067,8,8
website,-0.2835854654826126,0.5943607478486067,8,8
leave,-0.28714387673669534,0.5920566415010509,33,29
help,-0.2885992624043148,0.5911195571666354,44,38
remember,-0.3041492767977539,0.5812928140038864,22,20
given,-0.30439219445016064,0.5811419215543103,50,43
council's,-0.3134242434621444,0.5755864949519822,45,39
absolutely,-0.3136859332799765,0.575427108151157,16,15
appeal,-0.3136859332799765,0.575427108151157,16,15
brutal,-0.31903821935058485,0.5721862139295714,9,9
contained,-0.31903821935058485,0.5721862139295714,9,9
developments,-0.31903821935058485,0.5721862139295714,9,9
follow,-0.31903821935058485,0.5721862139295714,9,9
languages,-0.31903821935058485,0.5721862139295714,9,9
wheat,-0.31903821935058485,0.5721862139295714,9,9
units,-0.3352018174221142,0.5626120052185911,23,21
destruction,-0.3421488953590783,0.5585914573438532,35,31
forward,-0.34715277639747133,0.5557293163276447,17,16
kakhovka,-0.34715277639747133,0.5557293163276447,17,16
brief,-0.35449198907133056,0.5515812723522726,10,10
highly,-0.35449198907133056,0.5515812723522726,10,10
observed,-0.35449198907133056,0.5515812723522726,10,10
regional,-0.35449198907133056,0.5515812723522726,10,10
hold,-0.36663848061207926,0.5448423101577806,24,22
later,-0.36663848061207926,0.5448423101577806,24,22
criminal,-0.3782919084860989,0.5385187985365563,53,46
conclude,-0.3899467746885123,0.5323273805474156,11,11
probably,-0.3899467746885123,0.5323273805474156,11,11
sake,-0.3899467746885123,0.5323273805474156,11,11
activities,-0.3952223177298355,0.5295670238644652,31,28
disaster,-0.39841137811562416,0.527910829784624,25,23
free,-0.39841137811562416,0.527910829784624,25,23
signed,-0.39897711714440415,0.5276179894450999,37,33
black,-0.40378521658359207,0.5251408596021975,54,47
approximately,-0.4147348129772345,0.51957603161306265,19,18
children's,-0.42540257624579514,0.5142535001419173,12,12
sign,-0.42540257624579514,0.5142535001419173,12,12
storage,-0.42540257624579514,0.5142535001419173,12,12
others,-0.4255953460639462,0.5141581977216991,32,29
civil,-0.43048028380804026,0.5117533743760295,26,24
force,-0.4347455864448062,0.5096695013963792,44,39
major,-0.44878382169700126,0.5029130645364852,20,19
cooperation,-0.45591484620742795,0.49953938965481526,56,49
committee,-0.4608593937868466,0.497222608045894,13,13
relevant,-0.48297146263598023,0.4870794401857359,21,20
perpetrators,-0.4963172273553367,0.48112278555976873,14,14
six,-0.4963172273553367,0.48112278555976873,14,14
already,-0.5155754116845608,0.4727352125417441,127,107
enough,-0.5172785336027608,0.47200489645893107,22,21
attempts,-0.5204854812036215,0.47063466298766643,47,42
facilities,-0.5204854812036215,0.47063466298766643,47,42
ceasefire,-0.5273797163215854,0.46771056909797726,53,47
deteriorating,-0.5376198795828501,0.46342080276764375,3,5
deterioration,-0.5376198795828501,0.46342080276764375,3,5
difference,-0.5376198795828501,0.46342080276764375,3,5
everywhere,-0.5376198795828501,0.46342080276764375,3,5
inside,-0.5376198795828501,0.46342080276764375,3,5
integration,-0.5376198795828501,0.46342080276764375,3,5
intensified,-0.5376198795828501,0.46342080276764375,3,5
kenya,-0.5376198795828501,0.46342080276764375,3,5
mined,-0.5376198795828501,0.46342080276764375,3,5
northern,-0.5376198795828501,0.46342080276764375,3,5
presenting,-0.5376198795828501,0.46342080276764375,3,5
projects,-0.5376198795828501,0.46342080276764375,3,5
proved,-0.5376198795828501,0.46342080276764375,3,5
refuses,-0.5376198795828501,0.46342080276764375,3,5
relating,-0.5376198795828501,0.46342080276764375,3,5
responded,-0.5376198795828501,0.46342080276764375,3,5
revealed,-0.5376198795828501,0.46342080276764375,3,5
sad,-0.5376198795828501,0.46342080276764375,3,5
stands,-0.5376198795828501,0.46342080276764375,3,5
store,-0.5376198795828501,0.46342080276764375,3,5
sustained,-0.5376198795828501,0.46342080276764375,3,5
tolerate,-0.5376198795828501,0.46342080276764375,3,5
unknown,-0.5376198795828501,0.46342080276764375,3,5
worst,-0.5376198795828501,0.46342080276764375,3,5
yemen,-0.5376198795828501,0.46342080276764375,3,5
affect,-0.5445734420820705,0.4605434996056902,2,4
articles,-0.5445734420820705,0.4605434996056902,2,4
blaming,-0.5445734420820705,0.4605434996056902,2,4
brings,-0.5445734420820705,0.4605434996056902,2,4
broader,-0.5445734420820705,0.4605434996056902,2,4
confirming,-0.5445734420820705,0.4605434996056902,2,4
connected,-0.5445734420820705,0.4605434996056902,2,4
conversations,-0.5445734420820705,0.4605434996056902,2,4
desperate,-0.5445734420820705,0.4605434996056902,2,4
distribute,-0.5445734420820705,0.4605434996056902,2,4
explosive,-0.5445734420820705,0.4605434996056902,2,4
exporting,-0.5445734420820705,0.4605434996056902,2,4
factory,-0.5445734420820705,0.4605434996056902,2,4
governance,-0.5445734420820705,0.4605434996056902,2,4
homeland,-0.5445734420820705,0.4605434996056902,2,4
improving,-0.5445734420820705,0.4605434996056902,2,4
inflicted,-0.5445734420820705,0.4605434996056902,2,4
kindergarten,-0.5445734420820705,0.4605434996056902,2,4
management,-0.5445734420820705,0.4605434996056902,2,4
outright,-0.5445734420820705,0.4605434996056902,2,4
peacekeepers,-0.5445734420820705,0.4605434996056902,2,4
permitted,-0.5445734420820705,0.4605434996056902,2,4
persistently,-0.5445734420820705,0.4605434996056902,2,4
rejects,-0.5445734420820705,0.4605434996056902,2,4
relief,-0.5445734420820705,0.4605434996056902,2,4
remembered,-0.5445734420820705,0.4605434996056902,2,4
responsibilities,-0.5445734420820705,0.4605434996056902,2,4
ruined,-0.5445734420820705,0.4605434996056902,2,4
ruled,-0.5445734420820705,0.4605434996056902,2,4
secondary,-0.5445734420820705,0.4605434996056902,2,4
separatism,-0.5445734420820705,0.4605434996056902,2,4
subsequent,-0.5445734420820705,0.4605434996056902,2,4
t,-0.5445734420820705,0.4605434996056902,2,4
unhindered,-0.5445734420820705,0.4605434996056902,2,4
unlawful,-0.5445734420820705,0.4605434996056902,2,4
unrest,-0.5445734420820705,0.4605434996056902,2,4
vacation,-0.5445734420820705,0.4605434996056902,2,4
violates,-0.5445734420820705,0.4605434996056902,2,4
volume,-0.5445734420820705,0.4605434996056902,2,4
welcomed,-0.5445734420820705,0.4605434996056902,2,4
apartment,-0.5476293671690496,0.4592879544653631,4,6
authorized,-0.5476293671690496,0.4592879544653631,4,6
chernobyl,-0.5476293671690496,0.4592879544653631,4,6
crossing,-0.5476293671690496,0.4592879544653631,4,6
deserve,-0.5476293671690496,0.4592879544653631,4,6
drop,-0.5476293671690496,0.4592879544653631,4,6
extended,-0.5476293671690496,0.4592879544653631,4,6
flag,-0.5476293671690496,0.4592879544653631,4,6
heinous,-0.5476293671690496,0.4592879544653631,4,6
looting,-0.5476293671690496,0.4592879544653631,4,6
meaning,-0.5476293671690496,0.4592879544653631,4,6
monitors,-0.5476293671690496,0.4592879544653631,4,6
radio,-0.5476293671690496,0.4592879544653631,4,6
relation,-0.5476293671690496,0.4592879544653631,4,6
room,-0.5476293671690496,0.4592879544653631,4,6
self,-0.5476293671690496,0.4592879544653631,4,6
spent,-0.5476293671690496,0.4592879544653631,4,6
stories,-0.5476293671690496,0.4592879544653631,4,6
strengthen,-0.5476293671690496,0.4592879544653631,4,6
unit,-0.5476293671690496,0.4592879544653631,4,6
army,-0.5556681379101099,0.4560109003101539,54,48
add,-0.5773241867292948,0.4473630697489773,6,7
afraid,-0.5773241867292948,0.4473630697489773,6,7
causing,-0.5773241867292948,0.4473630697489773,6,7
commit,-0.5773241867292948,0.4473630697489773,6,7
element,-0.5773241867292948,0.4473630697489773,6,7
expected,-0.5773241867292948,0.4473630697489773,6,7
hiding,-0.5773241867292948,0.4473630697489773,6,7
liberate,-0.5773241867292948,0.4473630697489773,6,7
overwhelming,-0.5773241867292948,0.4473630697489773,6,7
recommendations,-0.5773241867292948,0.4473630697489773,6,7
severe,-0.5773241867292948,0.4473630697489773,6,7
socialist,-0.5773241867292948,0.4473630697489773,6,7
union,-0.5919813135209797,0.44165397819821206,61,54
122-millimetre,-0.59393310613406,0.4409022285057864,1,3
abuses,-0.59393310613406,0.4409022285057864,1,3
accords,-0.59393310613406,0.4409022285057864,1,3
administrations,-0.59393310613406,0.4409022285057864,1,3
affects,-0.59393310613406,0.4409022285057864,1,3
agent,-0.59393310613406,0.4409022285057864,1,3
aligned,-0.59393310613406,0.4409022285057864,1,3
amid,-0.59393310613406,0.4409022285057864,1,3
avail,-0.59393310613406,0.4409022285057864,1,3
awaiting,-0.59393310613406,0.4409022285057864,1,3
bears,-0.59393310613406,0.4409022285057864,1,3
belligerent,-0.59393310613406,0.4409022285057864,1,3
bombers,-0.59393310613406,0.4409022285057864,1,3
boss,-0.59393310613406,0.4409022285057864,1,3
brutality,-0.59393310613406,0.4409022285057864,1,3
burden,-0.59393310613406,0.4409022285057864,1,3
burn,-0.59393310613406,0.4409022285057864,1,3
businesses,-0.59393310613406,0.4409022285057864,1,3
capturing,-0.59393310613406,0.4409022285057864,1,3
celebrate,-0.59393310613406,0.4409022285057864,1,3
chechens,-0.59393310613406,0.4409022285057864,1,3
coast,-0.59393310613406,0.4409022285057864,1,3
colonel,-0.59393310613406,0.4409022285057864,1,3
colony,-0.59393310613406,0.4409022285057864,1,3
compact,-0.59393310613406,0.4409022285057864,1,3
contract,-0.59393310613406,0.4409022285057864,1,3
contributions,-0.59393310613406,0.4409022285057864,1,3
cooperating,-0.59393310613406,0.4409022285057864,1,3
coronavirus,-0.59393310613406,0.4409022285057864,1,3
cries,-0.59393310613406,0.4409022285057864,1,3
crossings,-0.59393310613406,0.4409022285057864,1,3
debates,-0.59393310613406,0.4409022285057864,1,3
depressed,-0.59393310613406,0.4409022285057864,1,3
destroys,-0.59393310613406,0.4409022285057864,1,3
disease,-0.59393310613406,0.4409022285057864,1,3
dry,-0.59393310613406,0.4409022285057864,1,3
en,-0.59393310613406,0.4409022285057864,1,3
exact,-0.59393310613406,0.4409022285057864,1,3
exclude,-0.59393310613406,0.4409022285057864,1,3
existential,-0.59393310613406,0.4409022285057864,1,3
experienced,-0.59393310613406,0.4409022285057864,1,3
eyewitness,-0.59393310613406,0.4409022285057864,1,3
focusing,-0.59393310613406,0.4409022285057864,1,3
forests,-0.59393310613406,0.4409022285057864,1,3
foster,-0.59393310613406,0.4409022285057864,1,3
gathering,-0.59393310613406,0.4409022285057864,1,3
glory,-0.59393310613406,0.4409022285057864,1,3
grim,-0.59393310613406,0.4409022285057864,1,3
grossly,-0.59393310613406,0.4409022285057864,1,3
heirs,-0.59393310613406,0.4409022285057864,1,3
heroism,-0.59393310613406,0.4409022285057864,1,3
hindering,-0.59393310613406,0.4409022285057864,1,3
hotline,-0.59393310613406,0.4409022285057864,1,3
inevitably,-0.59393310613406,0.4409022285057864,1,3
intensive,-0.59393310613406,0.4409022285057864,1,3
invade,-0.59393310613406,0.4409022285057864,1,3
joining,-0.59393310613406,0.4409022285057864,1,3
mainland,-0.59393310613406,0.4409022285057864,1,3
mainly,-0.59393310613406,0.4409022285057864,1,3
messages,-0.59393310613406,0.4409022285057864,1,3
mothers,-0.59393310613406,0.4409022285057864,1,3
multistorey,-0.59393310613406,0.4409022285057864,1,3
observance,-0.59393310613406,0.4409022285057864,1,3
observation,-0.59393310613406,0.4409022285057864,1,3
overnight,-0.59393310613406,0.4409022285057864,1,3
painful,-0.59393310613406,0.4409022285057864,1,3
possession,-0.59393310613406,0.4409022285057864,1,3
predecessors,-0.59393310613406,0.4409022285057864,1,3
president-elect,-0.59393310613406,0.4409022285057864,1,3
preventive,-0.59393310613406,0.4409022285057864,1,3
prompted,-0.59393310613406,0.4409022285057864,1,3
pulled,-0.59393310613406,0.4409022285057864,1,3
queue,-0.59393310613406,0.4409022285057864,1,3
raids,-0.59393310613406,0.4409022285057864,1,3
rely,-0.59393310613406,0.4409022285057864,1,3
reminder,-0.59393310613406,0.4409022285057864,1,3
reserves,-0.59393310613406,0.4409022285057864,1,3
resolutely,-0.59393310613406,0.4409022285057864,1,3
responding,-0.59393310613406,0.4409022285057864,1,3
retreating,-0.59393310613406,0.4409022285057864,1,3
russian-occupied,-0.59393310613406,0.4409022285057864,1,3
russian-ukrainian,-0.59393310613406,0.4409022285057864,1,3
scourge,-0.59393310613406,0.4409022285057864,1,3
sentiments,-0.59393310613406,0.4409022285057864,1,3
sets,-0.59393310613406,0.4409022285057864,1,3
sharply,-0.59393310613406,0.4409022285057864,1,3
shipping,-0.59393310613406,0.4409022285057864,1,3
siege,-0.59393310613406,0.4409022285057864,1,3
sounded,-0.59393310613406,0.4409022285057864,1,3
steal,-0.59393310613406,0.4409022285057864,1,3
steel,-0.59393310613406,0.4409022285057864,1,3
sudan,-0.59393310613406,0.4409022285057864,1,3
tangible,-0.59393310613406,0.4409022285057864,1,3
thinks,-0.59393310613406,0.4409022285057864,1,3
torturing,-0.59393310613406,0.4409022285057864,1,3
transform,-0.59393310613406,0.4409022285057864,1,3
transit,-0.59393310613406,0.4409022285057864,1,3
transnistria,-0.59393310613406,0.4409022285057864,1,3
twenty,-0.59393310613406,0.4409022285057864,1,3
unequivocal,-0.59393310613406,0.4409022285057864,1,3
unimaginable,-0.59393310613406,0.4409022285057864,1,3
updated,-0.59393310613406,0.4409022285057864,1,3
wartime,-0.59393310613406,0.4409022285057864,1,3
welcomes,-0.59393310613406,0.4409022285057864,1,3
whoever,-0.59393310613406,0.4409022285057864,1,3
zaporizhzhia,-0.59393310613406,0.4409022285057864,1,3
open,-0.5942324649769279,0.44078710202199156,31,29
applied,-0.6023410904004997,0.43768618558015204,7,8
commander,-0.6023410904004997,0.43768618558015204,7,8
explanation,-0.6023410904004997,0.43768618558015204,7,8
hospital,-0.6023410904004997,0.43768618558015204,7,8
lived,-0.6023410904004997,0.43768618558015204,7,8
losses,-0.6023410904004997,0.43768618558015204,7,8
mind,-0.6023410904004997,0.43768618558015204,7,8
moral,-0.6023410904004997,0.43768618558015204,7,8
nazism,-0.6023410904004997,0.43768618558015204,7,8
organizing,-0.6023410904004997,0.43768618558015204,7,8
planning,-0.6023410904004997,0.43768618558015204,7,8
self-proclaimed,-0.6023410904004997,0.43768618558015204,7,8
starting,-0.6023410904004997,0.43768618558015204,7,8
surrender,-0.6023410904004997,0.43768618558015204,7,8
trial,-0.6023410904004997,0.43768618558015204,7,8
period,-0.6026968246621771,0.4375509113469013,17,17
control,-0.6200448146385839,0.43103063305130984,62,55
address,-0.6207713306377075,0.43076079906094455,25,24
activity,-0.6298150511407592,0.42742316245939116,8,9
condemnation,-0.6298150511407592,0.42742316245939116,8,9
deny,-0.6298150511407592,0.42742316245939116,8,9
putting,-0.6298150511407592,0.42742316245939116,8,9
speaks,-0.6298150511407592,0.42742316245939116,8,9
undertaken,-0.6298150511407592,0.42742316245939116,8,9
york,-0.6298150511407592,0.42742316245939116,8,9
live,-0.6554224979555876,0.4181806403030458,26,25
mechanism,-0.6589704770448422,0.4169236390159905,9,10
police,-0.6589704770448422,0.4169236390159905,9,10
sites,-0.6589704770448422,0.4169236390159905,9,10
points,-0.6736216371379944,0.41179178189883325,19,19
previous,-0.6736216371379944,0.41179178189883325,19,19
secretary,-0.6736216371379944,0.41179178189883325,19,19
also,-0.6737153402815921,0.41175926150046716,265,219
administrative,-0.6893272398070992,0.4063933056813651,10,11
controlled,-0.6893272398070992,0.4063933056813651,10,11
meet,-0.6893272398070992,0.4063933056813651,10,11
talks,-0.6893272398070992,0.4063933056813651,10,11
wants,-0.6893272398070992,0.4063933056813651,10,11
coming,-0.7205722122868622,0.39595627728526606,11,12
convoys,-0.7205722122868622,0.39595627728526606,11,12
grounds,-0.7205722122868622,0.39595627728526606,11,12
monitor,-0.7205722122868622,0.39595627728526606,11,12
planned,-0.7205722122868622,0.39595627728526606,11,12
temporary,-0.7205722122868622,0.39595627728526606,11,12
unity,-0.7205722122868622,0.39595627728526606,11,12
airlines,-0.7524924680424538,0.3856882461967902,12,13
blood,-0.7524924680424538,0.3856882461967902,12,13
caused,-0.7524924680424538,0.3856882461967902,12,13
filtration,-0.7524924680424538,0.3856882461967902,12,13
chance,-0.7849381699611909,0.375635113906307,13,14
hatred,-0.7849381699611909,0.375635113906307,13,14
mariupol,-0.8088343654670839,0.36846509543099315,44,41
10-point,-0.812914129250175,0.36726008771111773,0,2
18â,-0.812914129250175,0.36726008771111773,0,2
64th,-0.812914129250175,0.36726008771111773,0,2
76th,-0.812914129250175,0.36726008771111773,0,2
academic,-0.812914129250175,0.36726008771111773,0,2
accelerate,-0.812914129250175,0.36726008771111773,0,2
accidents,-0.812914129250175,0.36726008771111773,0,2
acknowledgement,-0.812914129250175,0.36726008771111773,0,2
additionally,-0.812914129250175,0.36726008771111773,0,2
adjourned,-0.812914129250175,0.36726008771111773,0,2
aeroplanes,-0.812914129250175,0.36726008771111773,0,2
aggravating,-0.812914129250175,0.36726008771111773,0,2
aggregates,-0.812914129250175,0.36726008771111773,0,2
airports,-0.812914129250175,0.36726008771111773,0,2
all-for-all,-0.812914129250175,0.36726008771111773,0,2
alteration,-0.812914129250175,0.36726008771111773,0,2
altitude,-0.812914129250175,0.36726008771111773,0,2
ambulance,-0.812914129250175,0.36726008771111773,0,2
an-26,-0.812914129250175,0.36726008771111773,0,2
angel,-0.812914129250175,0.36726008771111773,0,2
anisimov,-0.812914129250175,0.36726008771111773,0,2
annexing,-0.812914129250175,0.36726008771111773,0,2
apocalypse,-0.812914129250175,0.36726008771111773,0,2
armies,-0.812914129250175,0.36726008771111773,0,2
armour,-0.812914129250175,0.36726008771111773,0,2
assembly's,-0.812914129250175,0.36726008771111773,0,2
assisting,-0.812914129250175,0.36726008771111773,0,2
attackers,-0.812914129250175,0.36726008771111773,0,2
authorization,-0.812914129250175,0.36726008771111773,0,2
averting,-0.812914129250175,0.36726008771111773,0,2
bahkmut,-0.812914129250175,0.36726008771111773,0,2
balukh,-0.812914129250175,0.36726008771111773,0,2
bench,-0.812914129250175,0.36726008771111773,0,2
bezimenne,-0.812914129250175,0.36726008771111773,0,2
blasphemy,-0.812914129250175,0.36726008771111773,0,2
bravely,-0.812914129250175,0.36726008771111773,0,2
bypassing,-0.812914129250175,0.36726008771111773,0,2
cancer,-0.812914129250175,0.36726008771111773,0,2
cancerous,-0.812914129250175,0.36726008771111773,0,2
candlelight,-0.812914129250175,0.36726008771111773,0,2
caring,-0.812914129250175,0.36726008771111773,0,2
caucasus,-0.812914129250175,0.36726008771111773,0,2
caution,-0.812914129250175,0.36726008771111773,0,2
celebrating,-0.812914129250175,0.36726008771111773,0,2
centurion,-0.812914129250175,0.36726008771111773,0,2
chechen,-0.812914129250175,0.36726008771111773,0,2
child's,-0.812914129250175,0.36726008771111773,0,2
chornobyl,-0.812914129250175,0.36726008771111773,0,2
chubarov,-0.812914129250175,0.36726008771111773,0,2
co-sponsors,-0.812914129250175,0.36726008771111773,0,2
coastline,-0.812914129250175,0.36726008771111773,0,2
code,-0.812914129250175,0.36726008771111773,0,2
coffin,-0.812914129250175,0.36726008771111773,0,2
compose,-0.812914129250175,0.36726008771111773,0,2
composition,-0.812914129250175,0.36726008771111773,0,2
concerted,-0.812914129250175,0.36726008771111773,0,2
conclusive,-0.812914129250175,0.36726008771111773,0,2
conflict-affected,-0.812914129250175,0.36726008771111773,0,2
conquest,-0.812914129250175,0.36726008771111773,0,2
conspiracy,-0.812914129250175,0.36726008771111773,0,2
constituencies,-0.812914129250175,0.36726008771111773,0,2
constituted,-0.812914129250175,0.36726008771111773,0,2
construct,-0.812914129250175,0.36726008771111773,0,2
consular,-0.812914129250175,0.36726008771111773,0,2
contributor,-0.812914129250175,0.36726008771111773,0,2
controlling,-0.812914129250175,0.36726008771111773,0,2
convicted,-0.812914129250175,0.36726008771111773,0,2
cope,-0.812914129250175,0.36726008771111773,0,2
cossack,-0.812914129250175,0.36726008771111773,0,2
coupled,-0.812914129250175,0.36726008771111773,0,2
courageous,-0.812914129250175,0.36726008771111773,0,2
courageously,-0.812914129250175,0.36726008771111773,0,2
court's,-0.812914129250175,0.36726008771111773,0,2
crates,-0.812914129250175,0.36726008771111773,0,2
craves,-0.812914129250175,0.36726008771111773,0,2
crews,-0.812914129250175,0.36726008771111773,0,2
cubic,-0.812914129250175,0.36726008771111773,0,2
cult,-0.812914129250175,0.36726008771111773,0,2
curbing,-0.812914129250175,0.36726008771111773,0,2
czar,-0.812914129250175,0.36726008771111773,0,2
dagestan,-0.812914129250175,0.36726008771111773,0,2
de-putinization,-0.812914129250175,0.36726008771111773,0,2
deadline,-0.812914129250175,0.36726008771111773,0,2
deals,-0.812914129250175,0.36726008771111773,0,2
deepen,-0.812914129250175,0.36726008771111773,0,2
deepfake,-0.812914129250175,0.36726008771111773,0,2
defunct,-0.812914129250175,0.36726008771111773,0,2
demographic,-0.812914129250175,0.36726008771111773,0,2
denounce,-0.812914129250175,0.36726008771111773,0,2
denuclearization,-0.812914129250175,0.36726008771111773,0,2
denys,-0.812914129250175,0.36726008771111773,0,2
departed,-0.812914129250175,0.36726008771111773,0,2
depending,-0.812914129250175,0.36726008771111773,0,2
detain,-0.812914129250175,0.36726008771111773,0,2
detected,-0.812914129250175,0.36726008771111773,0,2
devastation,-0.812914129250175,0.36726008771111773,0,2
devil,-0.812914129250175,0.36726008771111773,0,2
diametrically,-0.812914129250175,0.36726008771111773,0,2
differentiation,-0.812914129250175,0.36726008771111773,0,2
dima,-0.812914129250175,0.36726008771111773,0,2
directing,-0.812914129250175,0.36726008771111773,0,2
disappearances,-0.812914129250175,0.36726008771111773,0,2
disdain,-0.812914129250175,0.36726008771111773,0,2
diseases,-0.812914129250175,0.36726008771111773,0,2
dismantling,-0.812914129250175,0.36726008771111773,0,2
dispatched,-0.812914129250175,0.36726008771111773,0,2
disrupting,-0.812914129250175,0.36726008771111773,0,2
disruptions,-0.812914129250175,0.36726008771111773,0,2
dock,-0.812914129250175,0.36726008771111773,0,2
domination,-0.812914129250175,0.36726008771111773,0,2
doubtful,-0.812914129250175,0.36726008771111773,0,2
dust,-0.812914129250175,0.36726008771111773,0,2
dzhemilev,-0.812914129250175,0.36726008771111773,0,2
ebrd,-0.812914129250175,0.36726008771111773,0,2
echo,-0.812914129250175,0.36726008771111773,0,2
ecological,-0.812914129250175,0.36726008771111773,0,2
eighteenth-century,-0.812914129250175,0.36726008771111773,0,2
eliminating,-0.812914129250175,0.36726008771111773,0,2
embarking,-0.812914129250175,0.36726008771111773,0,2
encompass,-0.812914129250175,0.36726008771111773,0,2
enhance,-0.812914129250175,0.36726008771111773,0,2
enterprises,-0.812914129250175,0.36726008771111773,0,2
envisaging,-0.812914129250175,0.36726008771111773,0,2
epic,-0.812914129250175,0.36726008771111773,0,2
erasing,-0.812914129250175,0.36726008771111773,0,2
evidenced,-0.812914129250175,0.36726008771111773,0,2
exchanged,-0.812914129250175,0.36726008771111773,0,2
exclusion,-0.812914129250175,0.36726008771111773,0,2
executioners,-0.812914129250175,0.36726008771111773,0,2
exemplary,-0.812914129250175,0.36726008771111773,0,2
expires,-0.812914129250175,0.36726008771111773,0,2
exporter,-0.812914129250175,0.36726008771111773,0,2
fabricate,-0.812914129250175,0.36726008771111773,0,2
faces,-0.812914129250175,0.36726008771111773,0,2
fact-finding,-0.812914129250175,0.36726008771111773,0,2
faction,-0.812914129250175,0.36726008771111773,0,2
farm,-0.812914129250175,0.36726008771111773,0,2
fearful,-0.812914129250175,0.36726008771111773,0,2
finnish,-0.812914129250175,0.36726008771111773,0,2
fixed,-0.812914129250175,0.36726008771111773,0,2
flagrantly,-0.812914129250175,0.36726008771111773,0,2
focuses,-0.812914129250175,0.36726008771111773,0,2
forcefully,-0.812914129250175,0.36726008771111773,0,2
foreseen,-0.812914129250175,0.36726008771111773,0,2
forgive,-0.812914129250175,0.36726008771111773,0,2
fourthly,-0.812914129250175,0.36726008771111773,0,2
frameworks,-0.812914129250175,0.36726008771111773,0,2
fsb,-0.812914129250175,0.36726008771111773,0,2
furthering,-0.812914129250175,0.36726008771111773,0,2
gender,-0.812914129250175,0.36726008771111773,0,2
generals,-0.812914129250175,0.36726008771111773,0,2
george,-0.812914129250175,0.36726008771111773,0,2
georgians,-0.812914129250175,0.36726008771111773,0,2
gravely,-0.812914129250175,0.36726008771111773,0,2
greek,-0.812914129250175,0.36726008771111773,0,2
grids,-0.812914129250175,0.36726008771111773,0,2
grieving,-0.812914129250175,0.36726008771111773,0,2
gukovo,-0.812914129250175,0.36726008771111773,0,2
hallmark,-0.812914129250175,0.36726008771111773,0,2
halted,-0.812914129250175,0.36726008771111773,0,2
happiness,-0.812914129250175,0.36726008771111773,0,2
harvest,-0.812914129250175,0.36726008771111773,0,2
healthy,-0.812914129250175,0.36726008771111773,0,2
heartbreaking,-0.812914129250175,0.36726008771111773,0,2
highlighting,-0.812914129250175,0.36726008771111773,0,2
hoped,-0.812914129250175,0.36726008771111773,0,2
hospitality,-0.812914129250175,0.36726008771111773,0,2
households,-0.812914129250175,0.36726008771111773,0,2
hryhoriy,-0.812914129250175,0.36726008771111773,0,2
humanistic,-0.812914129250175,0.36726008771111773,0,2
identification,-0.812914129250175,0.36726008771111773,0,2
ihor,-0.812914129250175,0.36726008771111773,0,2
illegitimately,-0.812914129250175,0.36726008771111773,0,2
impeded,-0.812914129250175,0.36726008771111773,0,2
inaction,-0.812914129250175,0.36726008771111773,0,2
incomplete,-0.812914129250175,0.36726008771111773,0,2
incorporation,-0.812914129250175,0.36726008771111773,0,2
indication,-0.812914129250175,0.36726008771111773,0,2
infantry,-0.812914129250175,0.36726008771111773,0,2
informative,-0.812914129250175,0.36726008771111773,0,2
infringed,-0.812914129250175,0.36726008771111773,0,2
insanity,-0.812914129250175,0.36726008771111773,0,2
insightful,-0.812914129250175,0.36726008771111773,0,2
inspectors,-0.812914129250175,0.36726008771111773,0,2
installed,-0.812914129250175,0.36726008771111773,0,2
instigator,-0.812914129250175,0.36726008771111773,0,2
intergovernmental,-0.812914129250175,0.36726008771111773,0,2
interpol,-0.812914129250175,0.36726008771111773,0,2
interpretations,-0.812914129250175,0.36726008771111773,0,2
interrupt,-0.812914129250175,0.36726008771111773,0,2
invading,-0.812914129250175,0.36726008771111773,0,2
iran's,-0.812914129250175,0.36726008771111773,0,2
jet,-0.812914129250175,0.36726008771111773,0,2
jets,-0.812914129250175,0.36726008771111773,0,2
judgment,-0.812914129250175,0.36726008771111773,0,2
kalibr,-0.812914129250175,0.36726008771111773,0,2
kamaz,-0.812914129250175,0.36726008771111773,0,2
ki-moon,-0.812914129250175,0.36726008771111773,0,2
killers,-0.812914129250175,0.36726008771111773,0,2
knees,-0.812914129250175,0.36726008771111773,0,2
knowledge,-0.812914129250175,0.36726008771111773,0,2
kuku,-0.812914129250175,0.36726008771111773,0,2
labour,-0.812914129250175,0.36726008771111773,0,2
lecture,-0.812914129250175,0.36726008771111773,0,2
liberty,-0.812914129250175,0.36726008771111773,0,2
licence,-0.812914129250175,0.36726008771111773,0,2
like-minded,-0.812914129250175,0.36726008771111773,0,2
likewise,-0.812914129250175,0.36726008771111773,0,2
limitations,-0.812914129250175,0.36726008771111773,0,2
linda,-0.812914129250175,0.36726008771111773,0,2
lips,-0.812914129250175,0.36726008771111773,0,2
loading,-0.812914129250175,0.36726008771111773,0,2
lonely,-0.812914129250175,0.36726008771111773,0,2
loses,-0.812914129250175,0.36726008771111773,0,2
louder,-0.812914129250175,0.36726008771111773,0,2
luckily,-0.812914129250175,0.36726008771111773,0,2
lugansk,-0.812914129250175,0.36726008771111773,0,2
lvova-belova,-0.812914129250175,0.36726008771111773,0,2
lyashko,-0.812914129250175,0.36726008771111773,0,2
male,-0.812914129250175,0.36726008771111773,0,2
mama,-0.812914129250175,0.36726008771111773,0,2
mandated,-0.812914129250175,0.36726008771111773,0,2
maria,-0.812914129250175,0.36726008771111773,0,2
marking,-0.812914129250175,0.36726008771111773,0,2
medal,-0.812914129250175,0.36726008771111773,0,2
medieval,-0.812914129250175,0.36726008771111773,0,2
medvedev,-0.812914129250175,0.36726008771111773,0,2
memories,-0.812914129250175,0.36726008771111773,0,2
menacing,-0.812914129250175,0.36726008771111773,0,2
mobsters,-0.812914129250175,0.36726008771111773,0,2
mock,-0.812914129250175,0.36726008771111773,0,2
mortal,-0.812914129250175,0.36726008771111773,0,2
motorized,-0.812914129250175,0.36726008771111773,0,2
motyzhyn,-0.812914129250175,0.36726008771111773,0,2
muslim,-0.812914129250175,0.36726008771111773,0,2
mussolini,-0.812914129250175,0.36726008771111773,0,2
myron,-0.812914129250175,0.36726008771111773,0,2
nazi-style,-0.812914129250175,0.36726008771111773,0,2
neparatov,-0.812914129250175,0.36726008771111773,0,2
nightmare,-0.812914129250175,0.36726008771111773,0,2
nikopol,-0.812914129250175,0.36726008771111773,0,2
nine-year-old,-0.812914129250175,0.36726008771111773,0,2
no-go,-0.812914129250175,0.36726008771111773,0,2
nullify,-0.812914129250175,0.36726008771111773,0,2
numerical,-0.812914129250175,0.36726008771111773,0,2
nutrition,-0.812914129250175,0.36726008771111773,0,2
nutshell,-0.812914129250175,0.36726008771111773,0,2
obliging,-0.812914129250175,0.36726008771111773,0,2
obtaining,-0.812914129250175,0.36726008771111773,0,2
occupants,-0.812914129250175,0.36726008771111773,0,2
ochakiv,-0.812914129250175,0.36726008771111773,0,2
ofazov,-0.812914129250175,0.36726008771111773,0,2
ofcrimea,-0.812914129250175,0.36726008771111773,0,2
ofhostilities,-0.812914129250175,0.36726008771111773,0,2
oilseed,-0.812914129250175,0.36726008771111773,0,2
onyx,-0.812914129250175,0.36726008771111773,0,2
openness,-0.812914129250175,0.36726008771111773,0,2
orchestrated,-0.812914129250175,0.36726008771111773,0,2
ordnance,-0.812914129250175,0.36726008771111773,0,2
overestimated,-0.812914129250175,0.36726008771111773,0,2
overpass,-0.812914129250175,0.36726008771111773,0,2
owe,-0.812914129250175,0.36726008771111773,0,2
pacific,-0.812914129250175,0.36726008771111773,0,2
paradise,-0.812914129250175,0.36726008771111773,0,2
patriarchate,-0.812914129250175,0.36726008771111773,0,2
penetration,-0.812914129250175,0.36726008771111773,0,2
perverted,-0.812914129250175,0.36726008771111773,0,2
petersburg,-0.812914129250175,0.36726008771111773,0,2
philippines,-0.812914129250175,0.36726008771111773,0,2
pillar,-0.812914129250175,0.36726008771111773,0,2
pivdennyi,-0.812914129250175,0.36726008771111773,0,2
planting,-0.812914129250175,0.36726008771111773,0,2
plea,-0.812914129250175,0.36726008771111773,0,2
plunged,-0.812914129250175,0.36726008771111773,0,2
pobeda,-0.812914129250175,0.36726008771111773,0,2
pogroms,-0.812914129250175,0.36726008771111773,0,2
poisonous,-0.812914129250175,0.36726008771111773,0,2
prerequisite,-0.812914129250175,0.36726008771111773,0,2
pretends,-0.812914129250175,0.36726008771111773,0,2
pro-ukrainian,-0.812914129250175,0.36726008771111773,0,2
proclaiming,-0.812914129250175,0.36726008771111773,0,2
professionally,-0.812914129250175,0.36726008771111773,0,2
professor,-0.812914129250175,0.36726008771111773,0,2
proposes,-0.812914129250175,0.36726008771111773,0,2
prosperity,-0.812914129250175,0.36726008771111773,0,2
punishable,-0.812914129250175,0.36726008771111773,0,2
pursued,-0.812914129250175,0.36726008771111773,0,2
putinism,-0.812914129250175,0.36726008771111773,0,2
putler,-0.812914129250175,0.36726008771111773,0,2
puzzle,-0.812914129250175,0.36726008771111773,0,2
qualifies,-0.812914129250175,0.36726008771111773,0,2
questioned,-0.812914129250175,0.36726008771111773,0,2
quotation,-0.812914129250175,0.36726008771111773,0,2
racial,-0.812914129250175,0.36726008771111773,0,2
radio-location,-0.812914129250175,0.36726008771111773,0,2
ramming,-0.812914129250175,0.36726008771111773,0,2
ratify,-0.812914129250175,0.36726008771111773,0,2
razed,-0.812914129250175,0.36726008771111773,0,2
re-engage,-0.812914129250175,0.36726008771111773,0,2
reactor,-0.812914129250175,0.36726008771111773,0,2
reasoning,-0.812914129250175,0.36726008771111773,0,2
reception,-0.812914129250175,0.36726008771111773,0,2
recipient,-0.812914129250175,0.36726008771111773,0,2
reconfirmed,-0.812914129250175,0.36726008771111773,0,2
records,-0.812914129250175,0.36726008771111773,0,2
redraw,-0.812914129250175,0.36726008771111773,0,2
reflecting,-0.812914129250175,0.36726008771111773,0,2
refurbishing,-0.812914129250175,0.36726008771111773,0,2
regarded,-0.812914129250175,0.36726008771111773,0,2
rehabilitation,-0.812914129250175,0.36726008771111773,0,2
releases,-0.812914129250175,0.36726008771111773,0,2
relentless,-0.812914129250175,0.36726008771111773,0,2
relevance,-0.812914129250175,0.36726008771111773,0,2
relinquish,-0.812914129250175,0.36726008771111773,0,2
relocated,-0.812914129250175,0.36726008771111773,0,2
remedy,-0.812914129250175,0.36726008771111773,0,2
remnants,-0.812914129250175,0.36726008771111773,0,2
rendering,-0.812914129250175,0.36726008771111773,0,2
repairing,-0.812914129250175,0.36726008771111773,0,2
repel,-0.812914129250175,0.36726008771111773,0,2
repressive,-0.812914129250175,0.36726008771111773,0,2
rescuer,-0.812914129250175,0.36726008771111773,0,2
resemble,-0.812914129250175,0.36726008771111773,0,2
reset,-0.812914129250175,0.36726008771111773,0,2
reside,-0.812914129250175,0.36726008771111773,0,2
resists,-0.812914129250175,0.36726008771111773,0,2
resoluteness,-0.812914129250175,0.36726008771111773,0,2
responds,-0.812914129250175,0.36726008771111773,0,2
retaliation,-0.812914129250175,0.36726008771111773,0,2
retired,-0.812914129250175,0.36726008771111773,0,2
revanchist,-0.812914129250175,0.36726008771111773,0,2
reverse,-0.812914129250175,0.36726008771111773,0,2
review,-0.812914129250175,0.36726008771111773,0,2
ribbentrop,-0.812914129250175,0.36726008771111773,0,2
ruler,-0.812914129250175,0.36726008771111773,0,2
rural,-0.812914129250175,0.36726008771111773,0,2
russian-controlled,-0.812914129250175,0.36726008771111773,0,2
rybak,-0.812914129250175,0.36726008771111773,0,2
sa-ll,-0.812914129250175,0.36726008771111773,0,2
sanitation,-0.812914129250175,0.36726008771111773,0,2
satan,-0.812914129250175,0.36726008771111773,0,2
schoolchildren,-0.812914129250175,0.36726008771111773,0,2
scorched-earth,-0.812914129250175,0.36726008771111773,0,2
sdg,-0.812914129250175,0.36726008771111773,0,2
seamen,-0.812914129250175,0.36726008771111773,0,2
seaport,-0.812914129250175,0.36726008771111773,0,2
seats,-0.812914129250175,0.36726008771111773,0,2
sergiy,-0.812914129250175,0.36726008771111773,0,2
sex,-0.812914129250175,0.36726008771111773,0,2
seyran,-0.812914129250175,0.36726008771111773,0,2
shahed,-0.812914129250175,0.36726008771111773,0,2
shares,-0.812914129250175,0.36726008771111773,0,2
shortage,-0.812914129250175,0.36726008771111773,0,2
shoulder,-0.812914129250175,0.36726008771111773,0,2
signatory,-0.812914129250175,0.36726008771111773,0,2
simonyan,-0.812914129250175,0.36726008771111773,0,2
slav,-0.812914129250175,0.36726008771111773,0,2
slovyansk,-0.812914129250175,0.36726008771111773,0,2
smaller,-0.812914129250175,0.36726008771111773,0,2
spies,-0.812914129250175,0.36726008771111773,0,2
spilled,-0.812914129250175,0.36726008771111773,0,2
squares,-0.812914129250175,0.36726008771111773,0,2
state-owned,-0.812914129250175,0.36726008771111773,0,2
stockpiling,-0.812914129250175,0.36726008771111773,0,2
struggling,-0.812914129250175,0.36726008771111773,0,2
succumb,-0.812914129250175,0.36726008771111773,0,2
supra,-0.812914129250175,0.36726008771111773,0,2
supremacy,-0.812914129250175,0.36726008771111773,0,2
suspects,-0.812914129250175,0.36726008771111773,0,2
tackle,-0.812914129250175,0.36726008771111773,0,2
tanker,-0.812914129250175,0.36726008771111773,0,2
technology,-0.812914129250175,0.36726008771111773,0,2
teenage,-0.812914129250175,0.36726008771111773,0,2
temperature,-0.812914129250175,0.36726008771111773,0,2
temple,-0.812914129250175,0.36726008771111773,0,2
terminals,-0.812914129250175,0.36726008771111773,0,2
terribly,-0.812914129250175,0.36726008771111773,0,2
thanked,-0.812914129250175,0.36726008771111773,0,2
thanking,-0.812914129250175,0.36726008771111773,0,2
thereafter,-0.812914129250175,0.36726008771111773,0,2
three-year-old,-0.812914129250175,0.36726008771111773,0,2
throne,-0.812914129250175,0.36726008771111773,0,2
tirelessly,-0.812914129250175,0.36726008771111773,0,2
tojoin,-0.812914129250175,0.36726008771111773,0,2
torez,-0.812914129250175,0.36726008771111773,0,2
torn,-0.812914129250175,0.36726008771111773,0,2
touchline,-0.812914129250175,0.36726008771111773,0,2
tracks,-0.812914129250175,0.36726008771111773,0,2
translated,-0.812914129250175,0.36726008771111773,0,2
trumped-up,-0.812914129250175,0.36726008771111773,0,2
tugboat,-0.812914129250175,0.36726008771111773,0,2
twisted,-0.812914129250175,0.36726008771111773,0,2
ukraine-controlled,-0.812914129250175,0.36726008771111773,0,2
ukraine-russia,-0.812914129250175,0.36726008771111773,0,2
un-women,-0.812914129250175,0.36726008771111773,0,2
underline,-0.812914129250175,0.36726008771111773,0,2
unemployment,-0.812914129250175,0.36726008771111773,0,2
unexploded,-0.812914129250175,0.36726008771111773,0,2
unimpeded,-0.812914129250175,0.36726008771111773,0,2
unpaved,-0.812914129250175,0.36726008771111773,0,2
urgency,-0.812914129250175,0.36726008771111773,0,2
ussr,-0.812914129250175,0.36726008771111773,0,2
vakulenko,-0.812914129250175,0.36726008771111773,0,2
vershinin,-0.812914129250175,0.36726008771111773,0,2
vetoes,-0.812914129250175,0.36726008771111773,0,2
vice-prime,-0.812914129250175,0.36726008771111773,0,2
viewers,-0.812914129250175,0.36726008771111773,0,2
war-related,-0.812914129250175,0.36726008771111773,0,2
warming,-0.812914129250175,0.36726008771111773,0,2
warmongering,-0.812914129250175,0.36726008771111773,0,2
warship,-0.812914129250175,0.36726008771111773,0,2
weaker,-0.812914129250175,0.36726008771111773,0,2
weaponize,-0.812914129250175,0.36726008771111773,0,2
wider,-0.812914129250175,0.36726008771111773,0,2
wolves,-0.812914129250175,0.36726008771111773,0,2
worsen,-0.812914129250175,0.36726008771111773,0,2
writer,-0.812914129250175,0.36726008771111773,0,2
xenophobia,-0.812914129250175,0.36726008771111773,0,2
xxix,-0.812914129250175,0.36726008771111773,0,2
yani,-0.812914129250175,0.36726008771111773,0,2
yard,-0.812914129250175,0.36726008771111773,0,2
yenikale,-0.812914129250175,0.36726008771111773,0,2
z,-0.812914129250175,0.36726008771111773,0,2
zhytomyr,-0.812914129250175,0.36726008771111773,0,2
~,-0.812914129250175,0.36726008771111773,0,2
€,-0.812914129250175,0.36726008771111773,0,2
august,-0.8178008153183536,0.3658239413145056,14,15
impossible,-0.8178008153183536,0.3658239413145056,14,15
target,-0.8178008153183536,0.3658239413145056,14,15
mines,-0.850999902103649,0.35626962415638186,15,16
working,-0.8644368537187497,0.3525000409468638,32,31
including,-0.8685664774754833,0.35135247416607185,195,165
dangerous,-0.8844744439562345,0.34697908694341406,16,17
team,-0.8844744439562345,0.34697908694341406,16,17
decision,-0.893556308573296,0.34451539816178434,53,49
group,-0.893556308573296,0.34451539816178434,53,49
several,-0.897818504352096,0.34336732450903895,40,38
efforts,-0.9170495619447094,0.3382508553285729,60,55
report,-0.9170495619447094,0.3382508553285729,60,55
export,-0.9181773942648754,0.3379539845075381,17,18
saying,-0.9181773942648754,0.3379539845075381,17,18
thus,-0.9181773942648754,0.3379539845075381,17,18
leaders,-0.9319902945939773,0.33434628176746306,41,39
condemn,-0.9520718786680518,0.32919247857347655,18,19
letter,-0.9520718786680518,0.32919247857347655,18,19
send,-0.9520718786680518,0.32919247857347655,18,19
following,-0.9662267492309111,0.32562302298262014,42,40
september,-0.9694535415118153,0.3248165018765732,35,34
possible,-0.9805814560427702,0.32205529618746487,62,57
flight,-1.0546386981464826,0.30444116663465903,21,22
brigade,-1.0753013766072363,0.2997510531487312,7,9
exported,-1.0753013766072363,0.2997510531487312,7,9
lands,-1.0753013766072363,0.2997510531487312,7,9
mine,-1.0753013766072363,0.2997510531487312,7,9
nationals,-1.0753013766072363,0.2997510531487312,7,9
officially,-1.0753013766072363,0.2997510531487312,7,9
suffer,-1.0753013766072363,0.2997510531487312,7,9
cargo,-1.0761891577147071,0.29955163432729914,6,8
claiming,-1.0761891577147071,0.29955163432729914,6,8
downing,-1.0761891577147071,0.29955163432729914,6,8
failure,-1.0761891577147071,0.29955163432729914,6,8
integral,-1.0761891577147071,0.29955163432729914,6,8
primarily,-1.0761891577147071,0.29955163432729914,6,8
türkiye,-1.0761891577147071,0.29955163432729914,6,8
vital,-1.0761891577147071,0.29955163432729914,6,8
widely,-1.0761891577147071,0.29955163432729914,6,8
therefore,-1.0767793410873765,0.2994191582012544,65,60
behalf,-1.082491770739273,0.2981407979452384,8,10
effort,-1.082491770739273,0.2981407979452384,8,10
importance,-1.082491770739273,0.2981407979452384,8,10
makes,-1.082491770739273,0.2981407979452384,8,10
often,-1.082491770739273,0.2981407979452384,8,10
repeated,-1.082491770739273,0.2981407979452384,8,10
base,-1.0891936936229392,0.29664992934244805,5,7
benefit,-1.0891936936229392,0.29664992934244805,5,7
condemned,-1.0891936936229392,0.29664992934244805,5,7
decades,-1.0891936936229392,0.29664992934244805,5,7
decisive,-1.0891936936229392,0.29664992934244805,5,7
evacuated,-1.0891936936229392,0.29664992934244805,5,7
fifth,-1.0891936936229392,0.29664992934244805,5,7
friday,-1.0891936936229392,0.29664992934244805,5,7
hybrid,-1.0891936936229392,0.29664992934244805,5,7
incitement,-1.0891936936229392,0.29664992934244805,5,7
individual,-1.0891936936229392,0.29664992934244805,5,7
inter,-1.0891936936229392,0.29664992934244805,5,7
legitimacy,-1.0891936936229392,0.29664992934244805,5,7
mother,-1.0891936936229392,0.29664992934244805,5,7
olenivka,-1.0891936936229392,0.29664992934244805,5,7
passports,-1.0891936936229392,0.29664992934244805,5,7
punished,-1.0891936936229392,0.29664992934244805,5,7
rape,-1.0891936936229392,0.29664992934244805,5,7
resolutions,-1.0891936936229392,0.29664992934244805,5,7
wars,-1.0891936936229392,0.29664992934244805,5,7
ways,-1.0891936936229392,0.29664992934244805,5,7
atrocities,-1.095337192391534,0.2952916777279674,9,11
combat,-1.095337192391534,0.2952916777279674,9,11
hand,-1.095337192391534,0.2952916777279674,9,11
minorities,-1.095337192391534,0.2952916777279674,9,11
modern,-1.095337192391534,0.2952916777279674,9,11
nearly,-1.095337192391534,0.2952916777279674,9,11
record,-1.095337192391534,0.2952916777279674,9,11
risk,-1.095337192391534,0.2952916777279674,9,11
shell,-1.095337192391534,0.2952916777279674,9,11
sure,-1.095337192391534,0.2952916777279674,9,11
abuse,-1.1023049273662118,0.2937608250237814,4,7
alia,-1.1023049273662118,0.2937608250237814,4,7
bombs,-1.1023049273662118,0.2937608250237814,4,7
deadly,-1.1023049273662118,0.2937608250237814,4,7
devastating,-1.1023049273662118,0.2937608250237814,4,7
district,-1.1023049273662118,0.2937608250237814,4,7
documented,-1.1023049273662118,0.2937608250237814,4,7
freely,-1.1023049273662118,0.2937608250237814,4,7
heat,-1.1023049273662118,0.2937608250237814,4,7
identified,-1.1023049273662118,0.2937608250237814,4,7
liberation,-1.1023049273662118,0.2937608250237814,4,7
minutes,-1.1023049273662118,0.2937608250237814,4,7
modalities,-1.1023049273662118,0.2937608250237814,4,7
option,-1.1023049273662118,0.2937608250237814,4,7
sincere,-1.1023049273662118,0.2937608250237814,4,7
areas,-1.1121493670458764,0.2916152006772865,108,96
director,-1.112295638485813,0.2915834715799893,10,12
figures,-1.112295638485813,0.2915834715799893,10,12
old,-1.112295638485813,0.2915834715799893,10,12
refrain,-1.112295638485813,0.2915834715799893,10,12
seized,-1.112295638485813,0.2915834715799893,10,12
signing,-1.112295638485813,0.2915834715799893,10,12
request,-1.1235660640641545,0.28915188189256824,23,24
values,-1.1323391069845312,0.2872769526072084,11,13
congratulate,-1.1490881984127281,0.2837401029683553,3,6
customs,-1.1490881984127281,0.2837401029683553,3,6
disrupt,-1.1490881984127281,0.2837401029683553,3,6
eventually,-1.1490881984127281,0.2837401029683553,3,6
government's,-1.1490881984127281,0.2837401029683553,3,6
holodomor,-1.1490881984127281,0.2837401029683553,3,6
maintenance,-1.1490881984127281,0.2837401029683553,3,6
mobile,-1.1490881984127281,0.2837401029683553,3,6
protected,-1.1490881984127281,0.2837401029683553,3,6
session,-1.1490881984127281,0.2837401029683553,3,6
sympathy,-1.1490881984127281,0.2837401029683553,3,6
telephone,-1.1490881984127281,0.2837401029683553,3,6
vessel,-1.1490881984127281,0.2837401029683553,3,6
witnessed,-1.1490881984127281,0.2837401029683553,3,6
crash,-1.1547559041828068,0.2825557808310034,12,14
elements,-1.1547559041828068,0.2825557808310034,12,14
massive,-1.1547559041828068,0.2825557808310034,12,14
organized,-1.1547559041828068,0.2825557808310034,12,14
vehicles,-1.1581545960203496,0.28184858998366635,24,25
followed,-1.1790376774467766,0.27755199238553463,13,15
intention,-1.1790376774467766,0.27755199238553463,13,15
men,-1.1790376774467766,0.27755199238553463,13,15
suffering,-1.192813464059251,0.27476278100818075,25,26
since,-1.2044522224423577,0.27243363490619277,134,118
briefers,-1.2048116348565916,0.2723621040443529,14,16
ethnic,-1.2048116348565916,0.2723621040443529,14,16
thereby,-1.2048116348565916,0.2723621040443529,14,16
eastern,-1.2222417966143253,0.2689211468196596,63,59
water,-1.2411665119982274,0.26524635690577125,35,35
assistance,-1.2419786961836898,0.2650900513257831,50,48
actual,-1.242866866193347,0.26491925331649935,2,5
ahead,-1.242866866193347,0.26491925331649935,2,5
business,-1.242866866193347,0.26491925331649935,2,5
cars,-1.242866866193347,0.26491925331649935,2,5
communication,-1.242866866193347,0.26491925331649935,2,5
concessions,-1.242866866193347,0.26491925331649935,2,5
contributing,-1.242866866193347,0.26491925331649935,2,5
credibility,-1.242866866193347,0.26491925331649935,2,5
demonstrating,-1.242866866193347,0.26491925331649935,2,5
examination,-1.242866866193347,0.26491925331649935,2,5
expansion,-1.242866866193347,0.26491925331649935,2,5
fled,-1.242866866193347,0.26491925331649935,2,5
freezing,-1.242866866193347,0.26491925331649935,2,5
guarantor,-1.242866866193347,0.26491925331649935,2,5
halt,-1.242866866193347,0.26491925331649935,2,5
health-care,-1.242866866193347,0.26491925331649935,2,5
heart,-1.242866866193347,0.26491925331649935,2,5
hour,-1.242866866193347,0.26491925331649935,2,5
igor,-1.242866866193347,0.26491925331649935,2,5
instability,-1.242866866193347,0.26491925331649935,2,5
intimidate,-1.242866866193347,0.26491925331649935,2,5
irkutsk,-1.242866866193347,0.26491925331649935,2,5
jeffrey,-1.242866866193347,0.26491925331649935,2,5
jurisdiction,-1.242866866193347,0.26491925331649935,2,5
justification,-1.242866866193347,0.26491925331649935,2,5
monday,-1.242866866193347,0.26491925331649935,2,5
multilateral,-1.242866866193347,0.26491925331649935,2,5
murderers,-1.242866866193347,0.26491925331649935,2,5
nova,-1.242866866193347,0.26491925331649935,2,5
occasion,-1.242866866193347,0.26491925331649935,2,5
pause,-1.242866866193347,0.26491925331649935,2,5
preparation,-1.242866866193347,0.26491925331649935,2,5
pressing,-1.242866866193347,0.26491925331649935,2,5
proves,-1.242866866193347,0.26491925331649935,2,5
puppets,-1.242866866193347,0.26491925331649935,2,5
purposefully,-1.242866866193347,0.26491925331649935,2,5
reasonable,-1.242866866193347,0.26491925331649935,2,5
ruins,-1.242866866193347,0.26491925331649935,2,5
scheduled,-1.242866866193347,0.26491925331649935,2,5
separated,-1.242866866193347,0.26491925331649935,2,5
spend,-1.242866866193347,0.26491925331649935,2,5
stay,-1.242866866193347,0.26491925331649935,2,5
technological,-1.242866866193347,0.26491925331649935,2,5
tools,-1.242866866193347,0.26491925331649935,2,5
urgently,-1.242866866193347,0.26491925331649935,2,5
useless,-1.242866866193347,0.26491925331649935,2,5
memorandum,-1.2597835132149977,0.2616920725573437,16,18
exports,-1.3181203557097425,0.25092966684142837,18,20
become,-1.3209431651850159,0.2504228521681432,45,44
establish,-1.3482355543882352,0.2455868165473002,19,21
ready,-1.3914243678271976,0.23816470524640432,47,46
death,-1.4099298465133485,0.23506803946441834,21,23
fully,-1.4185776688896101,0.23363765370207645,40,40
system,-1.4368574620261048,0.23064854908696542,32,33
accustomed,-1.4400341876931235,0.23013380821248874,1,4
anti-ship,-1.4400341876931235,0.23013380821248874,1,4
art,-1.4400341876931235,0.23013380821248874,1,4
avert,-1.4400341876931235,0.23013380821248874,1,4
belong,-1.4400341876931235,0.23013380821248874,1,4
buried,-1.4400341876931235,0.23013380821248874,1,4
c,-1.4400341876931235,0.23013380821248874,1,4
captive,-1.4400341876931235,0.23013380821248874,1,4
columns,-1.4400341876931235,0.23013380821248874,1,4
commenting,-1.4400341876931235,0.23013380821248874,1,4
confession,-1.4400341876931235,0.23013380821248874,1,4
consists,-1.4400341876931235,0.23013380821248874,1,4
continuous,-1.4400341876931235,0.23013380821248874,1,4
defeated,-1.4400341876931235,0.23013380821248874,1,4
distribution,-1.4400341876931235,0.23013380821248874,1,4
dramatic,-1.4400341876931235,0.23013380821248874,1,4
dropped,-1.4400341876931235,0.23013380821248874,1,4
entirety,-1.4400341876931235,0.23013380821248874,1,4
ethnicity,-1.4400341876931235,0.23013380821248874,1,4
feasible,-1.4400341876931235,0.23013380821248874,1,4
games,-1.4400341876931235,0.23013380821248874,1,4
government-controlled,-1.4400341876931235,0.23013380821248874,1,4
grow,-1.4400341876931235,0.23013380821248874,1,4
guarantors,-1.4400341876931235,0.23013380821248874,1,4
heating,-1.4400341876931235,0.23013380821248874,1,4
human-rights,-1.4400341876931235,0.23013380821248874,1,4
inconsistent,-1.4400341876931235,0.23013380821248874,1,4
initially,-1.4400341876931235,0.23013380821248874,1,4
inviolability,-1.4400341876931235,0.23013380821248874,1,4
iskander,-1.4400341876931235,0.23013380821248874,1,4
isolation,-1.4400341876931235,0.23013380821248874,1,4
leaves,-1.4400341876931235,0.23013380821248874,1,4
manipulation,-1.4400341876931235,0.23013380821248874,1,4
marks,-1.4400341876931235,0.23013380821248874,1,4
meaningful,-1.4400341876931235,0.23013380821248874,1,4
midnight,-1.4400341876931235,0.23013380821248874,1,4
mockery,-1.4400341876931235,0.23013380821248874,1,4
model,-1.4400341876931235,0.23013380821248874,1,4
monitored,-1.4400341876931235,0.23013380821248874,1,4
mourning,-1.4400341876931235,0.23013380821248874,1,4
okaraine,-1.4400341876931235,0.23013380821248874,1,4
paramilitary,-1.4400341876931235,0.23013380821248874,1,4
parental,-1.4400341876931235,0.23013380821248874,1,4
persists,-1.4400341876931235,0.23013380821248874,1,4
plates,-1.4400341876931235,0.23013380821248874,1,4
posing,-1.4400341876931235,0.23013380821248874,1,4
presentations,-1.4400341876931235,0.23013380821248874,1,4
prevention,-1.4400341876931235,0.23013380821248874,1,4
processing,-1.4400341876931235,0.23013380821248874,1,4
quoted,-1.4400341876931235,0.23013380821248874,1,4
ratified,-1.4400341876931235,0.23013380821248874,1,4
rendered,-1.4400341876931235,0.23013380821248874,1,4
reportedly,-1.4400341876931235,0.23013380821248874,1,4
roads,-1.4400341876931235,0.23013380821248874,1,4
robbed,-1.4400341876931235,0.23013380821248874,1,4
rubble,-1.4400341876931235,0.23013380821248874,1,4
russification,-1.4400341876931235,0.23013380821248874,1,4
season,-1.4400341876931235,0.23013380821248874,1,4
shortages,-1.4400341876931235,0.23013380821248874,1,4
siberia,-1.4400341876931235,0.23013380821248874,1,4
signal,-1.4400341876931235,0.23013380821248874,1,4
sirens,-1.4400341876931235,0.23013380821248874,1,4
sons,-1.4400341876931235,0.23013380821248874,1,4
statute,-1.4400341876931235,0.23013380821248874,1,4
stronger,-1.4400341876931235,0.23013380821248874,1,4
strongholds,-1.4400341876931235,0.23013380821248874,1,4
traces,-1.4400341876931235,0.23013380821248874,1,4
validity,-1.4400341876931235,0.23013380821248874,1,4
verify,-1.4400341876931235,0.23013380821248874,1,4
wake,-1.4400341876931235,0.23013380821248874,1,4
watching,-1.4400341876931235,0.23013380821248874,1,4
wednesday,-1.4400341876931235,0.23013380821248874,1,4
last,-1.5031671987915738,0.22018467904888994,78,73
air,-1.5250365691642942,0.21685889839962547,43,43
attention,-1.5250365691642942,0.21685889839962547,43,43
left,-1.541981882780716,0.21432304680850878,35,36
within,-1.57707372475733,0.20918270382822512,36,37
five,-1.6029674254473993,0.2054831897500844,27,29
elections,-1.6031172315043727,0.20546201244342344,53,52
orders,-1.6143646837711838,0.20387934578991762,9,12
commission,-1.6155127264310265,0.20371861073370767,11,14
decree,-1.6238423450853117,0.2025568586562262,12,15
friends,-1.6238423450853117,0.2025568586562262,12,15
includes,-1.6238423450853117,0.2025568586562262,12,15
readiness,-1.6238423450853117,0.2025568586562262,12,15
third,-1.6238423450853117,0.2025568586562262,12,15
delivered,-1.6248111324536092,0.20242224665487396,8,11
demands,-1.6248111324536092,0.20242224665487396,8,11
existing,-1.6248111324536092,0.20242224665487396,8,11
narrative,-1.6248111324536092,0.20242224665487396,8,11
preventing,-1.6248111324536092,0.20242224665487396,8,11
proof,-1.6248111324536092,0.20242224665487396,8,11
restoration,-1.6248111324536092,0.20242224665487396,8,11
returned,-1.6248111324536092,0.20242224665487396,8,11
technical,-1.6248111324536092,0.20242224665487396,8,11
guarantees,-1.6359163256294518,0.20088668656021502,13,16
camps,-1.6460614852011006,0.1994958328147528,7,10
committing,-1.6460614852011006,0.1994958328147528,7,10
instance,-1.6460614852011006,0.1994958328147528,7,10
madam,-1.6460614852011006,0.1994958328147528,7,10
moving,-1.6460614852011006,0.1994958328147528,7,10
range,-1.6460614852011006,0.1994958328147528,7,10
tomorrow,-1.6460614852011006,0.1994958328147528,7,10
transparent,-1.6460614852011006,0.1994958328147528,7,10
violate,-1.6460614852011006,0.1994958328147528,7,10
volodymyr,-1.6460614852011006,0.1994958328147528,7,10
include,-1.6685749394641136,0.1964495183256708,15,18
accountable,-1.6824368971138233,0.19460096067698884,6,9
mission's,-1.6824368971138233,0.19460096067698884,6,9
religious,-1.6824368971138233,0.19460096067698884,6,9
savchenko,-1.6824368971138233,0.19460096067698884,6,9
institutions,-1.688187275307041,0.1938400986286808,16,19
council,-1.709321422397202,0.1910734361449632,505,422
damage,-1.7095152875470152,0.19104827153806347,17,20
defeat,-1.7095152875470152,0.19104827153806347,17,20
escalation,-1.7322951824058745,0.18811804678000077,18,21
barbaric,-1.7409176956881547,0.18702259063527504,5,8
blackmail,-1.7409176956881547,0.18702259063527504,5,8
blow,-1.7409176956881547,0.18702259063527504,5,8
brutally,-1.7409176956881547,0.18702259063527504,5,8
outrageous,-1.7409176956881547,0.18702259063527504,5,8
relatives,-1.7409176956881547,0.18702259063527504,5,8
strengthening,-1.7409176956881547,0.18702259063527504,5,8
tactic,-1.7409176956881547,0.18702259063527504,5,8
undermines,-1.7409176956881547,0.18702259063527504,5,8
change,-1.781400834469343,0.18197740608235324,20,23
democratic,-1.781400834469343,0.18197740608235324,20,23
pressure,-1.781400834469343,0.18197740608235324,20,23
centre,-1.8074116751058074,0.17881903595481363,21,24
upon,-1.8074116751058074,0.17881903595481363,21,24
deliberately,-1.8342292501291557,0.17562882325964713,22,25
next,-1.8617549002834974,0.17242239618406074,23,26
appalling,-1.8990984797829769,0.16817926254277693,3,7
challenge,-1.8990984797829769,0.16817926254277693,3,7
concept,-1.8990984797829769,0.16817926254277693,3,7
confidence,-1.8990984797829769,0.16817926254277693,3,7
deeds,-1.8990984797829769,0.16817926254277693,3,7
determined,-1.8990984797829769,0.16817926254277693,3,7
endless,-1.8990984797829769,0.16817926254277693,3,7
expressing,-1.8990984797829769,0.16817926254277693,3,7
ill,-1.8990984797829769,0.16817926254277693,3,7
lessons,-1.8990984797829769,0.16817926254277693,3,7
lose,-1.8990984797829769,0.16817926254277693,3,7
lviv,-1.8990984797829769,0.16817926254277693,3,7
nadiya,-1.8990984797829769,0.16817926254277693,3,7
occupy,-1.8990984797829769,0.16817926254277693,3,7
radioactive,-1.8990984797829769,0.16817926254277693,3,7
stressed,-1.8990984797829769,0.16817926254277693,3,7
vicinity,-1.8990984797829769,0.16817926254277693,3,7
abused,-1.9473654386403483,0.16287103289831395,0,3
adequately,-1.9473654386403483,0.16287103289831395,0,3
adherence,-1.9473654386403483,0.16287103289831395,0,3
air-raid,-1.9473654386403483,0.16287103289831395,0,3
antisemitic,-1.9473654386403483,0.16287103289831395,0,3
application,-1.9473654386403483,0.16287103289831395,0,3
arrests,-1.9473654386403483,0.16287103289831395,0,3
ashamed,-1.9473654386403483,0.16287103289831395,0,3
attending,-1.9473654386403483,0.16287103289831395,0,3
audio,-1.9473654386403483,0.16287103289831395,0,3
baby,-1.9473654386403483,0.16287103289831395,0,3
bleeding,-1.9473654386403483,0.16287103289831395,0,3
blitzkrieg,-1.9473654386403483,0.16287103289831395,0,3
café,-1.9473654386403483,0.16287103289831395,0,3
captain,-1.9473654386403483,0.16287103289831395,0,3
captivity,-1.9473654386403483,0.16287103289831395,0,3
carrier,-1.9473654386403483,0.16287103289831395,0,3
childhood,-1.9473654386403483,0.16287103289831395,0,3
christians,-1.9473654386403483,0.16287103289831395,0,3
completing,-1.9473654386403483,0.16287103289831395,0,3
consolidated,-1.9473654386403483,0.16287103289831395,0,3
controls,-1.9473654386403483,0.16287103289831395,0,3
cooling,-1.9473654386403483,0.16287103289831395,0,3
cronies,-1.9473654386403483,0.16287103289831395,0,3
danube,-1.9473654386403483,0.16287103289831395,0,3
daughters,-1.9473654386403483,0.16287103289831395,0,3
de-occupation,-1.9473654386403483,0.16287103289831395,0,3
decrease,-1.9473654386403483,0.16287103289831395,0,3
dedication,-1.9473654386403483,0.16287103289831395,0,3
deepest,-1.9473654386403483,0.16287103289831395,0,3
denials,-1.9473654386403483,0.16287103289831395,0,3
deportations,-1.9473654386403483,0.16287103289831395,0,3
deportees,-1.9473654386403483,0.16287103289831395,0,3
destiny,-1.9473654386403483,0.16287103289831395,0,3
deter,-1.9473654386403483,0.16287103289831395,0,3
diabolical,-1.9473654386403483,0.16287103289831395,0,3
disabilities,-1.9473654386403483,0.16287103289831395,0,3
disappear,-1.9473654386403483,0.16287103289831395,0,3
displacement,-1.9473654386403483,0.16287103289831395,0,3
disrupted,-1.9473654386403483,0.16287103289831395,0,3
distributing,-1.9473654386403483,0.16287103289831395,0,3
documentation,-1.9473654386403483,0.16287103289831395,0,3
doubled,-1.9473654386403483,0.16287103289831395,0,3
electronic,-1.9473654386403483,0.16287103289831395,0,3
employee,-1.9473654386403483,0.16287103289831395,0,3
enhanced,-1.9473654386403483,0.16287103289831395,0,3
enhancing,-1.9473654386403483,0.16287103289831395,0,3
envisages,-1.9473654386403483,0.16287103289831395,0,3
exhumed,-1.9473654386403483,0.16287103289831395,0,3
expire,-1.9473654386403483,0.16287103289831395,0,3
explore,-1.9473654386403483,0.16287103289831395,0,3
fatalities,-1.9473654386403483,0.16287103289831395,0,3
fortified,-1.9473654386403483,0.16287103289831395,0,3
furious,-1.9473654386403483,0.16287103289831395,0,3
gangnus,-1.9473654386403483,0.16287103289831395,0,3
geographical,-1.9473654386403483,0.16287103289831395,0,3
girkin,-1.9473654386403483,0.16287103289831395,0,3
globe,-1.9473654386403483,0.16287103289831395,0,3
grenade,-1.9473654386403483,0.16287103289831395,0,3
grip,-1.9473654386403483,0.16287103289831395,0,3
gunmen,-1.9473654386403483,0.16287103289831395,0,3
hamas,-1.9473654386403483,0.16287103289831395,0,3
hazardous,-1.9473654386403483,0.16287103289831395,0,3
highlights,-1.9473654386403483,0.16287103289831395,0,3
hotspots,-1.9473654386403483,0.16287103289831395,0,3
impediments,-1.9473654386403483,0.16287103289831395,0,3
impeding,-1.9473654386403483,0.16287103289831395,0,3
imperialist,-1.9473654386403483,0.16287103289831395,0,3
inaugural,-1.9473654386403483,0.16287103289831395,0,3
incompatible,-1.9473654386403483,0.16287103289831395,0,3
indicating,-1.9473654386403483,0.16287103289831395,0,3
indoctrination,-1.9473654386403483,0.16287103289831395,0,3
indonesia,-1.9473654386403483,0.16287103289831395,0,3
inherent,-1.9473654386403483,0.16287103289831395,0,3
initiative's,-1.9473654386403483,0.16287103289831395,0,3
ink,-1.9473654386403483,0.16287103289831395,0,3
izumrud,-1.9473654386403483,0.16287103289831395,0,3
jam,-1.9473654386403483,0.16287103289831395,0,3
jccc,-1.9473654386403483,0.16287103289831395,0,3
joyful,-1.9473654386403483,0.16287103289831395,0,3
kh-22,-1.9473654386403483,0.16287103289831395,0,3
kolchenko,-1.9473654386403483,0.16287103289831395,0,3
krasnodar,-1.9473654386403483,0.16287103289831395,0,3
larger,-1.9473654386403483,0.16287103289831395,0,3
limbs,-1.9473654386403483,0.16287103289831395,0,3
magnitude,-1.9473654386403483,0.16287103289831395,0,3
masse,-1.9473654386403483,0.16287103289831395,0,3
mausoleum,-1.9473654386403483,0.16287103289831395,0,3
mental,-1.9473654386403483,0.16287103289831395,0,3
mimicry,-1.9473654386403483,0.16287103289831395,0,3
mine-contaminated,-1.9473654386403483,0.16287103289831395,0,3
misinterpretation,-1.9473654386403483,0.16287103289831395,0,3
missile-defence,-1.9473654386403483,0.16287103289831395,0,3
mount,-1.9473654386403483,0.16287103289831395,0,3
murderer,-1.9473654386403483,0.16287103289831395,0,3
museums,-1.9473654386403483,0.16287103289831395,0,3
mustafa,-1.9473654386403483,0.16287103289831395,0,3
non-government-controlled,-1.9473654386403483,0.16287103289831395,0,3
notably,-1.9473654386403483,0.16287103289831395,0,3
notification,-1.9473654386403483,0.16287103289831395,0,3
o'brien,-1.9473654386403483,0.16287103289831395,0,3
o'clock,-1.9473654386403483,0.16287103289831395,0,3
occupies,-1.9473654386403483,0.16287103289831395,0,3
okhtyrka,-1.9473654386403483,0.16287103289831395,0,3
perpetrator,-1.9473654386403483,0.16287103289831395,0,3
pm,-1.9473654386403483,0.16287103289831395,0,3
polyanskiy,-1.9473654386403483,0.16287103289831395,0,3
pre-trial,-1.9473654386403483,0.16287103289831395,0,3
priorities,-1.9473654386403483,0.16287103289831395,0,3
prohibition,-1.9473654386403483,0.16287103289831395,0,3
prosecutor's,-1.9473654386403483,0.16287103289831395,0,3
recruitment,-1.9473654386403483,0.16287103289831395,0,3
relative,-1.9473654386403483,0.16287103289831395,0,3
representative's,-1.9473654386403483,0.16287103289831395,0,3
rescued,-1.9473654386403483,0.16287103289831395,0,3
respective,-1.9473654386403483,0.16287103289831395,0,3
russia-backed,-1.9473654386403483,0.16287103289831395,0,3
russia-led,-1.9473654386403483,0.16287103289831395,0,3
secretaries-general,-1.9473654386403483,0.16287103289831395,0,3
sentence,-1.9473654386403483,0.16287103289831395,0,3
sentenced,-1.9473654386403483,0.16287103289831395,0,3
settlers,-1.9473654386403483,0.16287103289831395,0,3
shellings,-1.9473654386403483,0.16287103289831395,0,3
shipped,-1.9473654386403483,0.16287103289831395,0,3
shoigu,-1.9473654386403483,0.16287103289831395,0,3
snizhne,-1.9473654386403483,0.16287103289831395,0,3
souls,-1.9473654386403483,0.16287103289831395,0,3
soviets,-1.9473654386403483,0.16287103289831395,0,3
sowing,-1.9473654386403483,0.16287103289831395,0,3
spillover,-1.9473654386403483,0.16287103289831395,0,3
stabilization,-1.9473654386403483,0.16287103289831395,0,3
stalin's,-1.9473654386403483,0.16287103289831395,0,3
standpoint,-1.9473654386403483,0.16287103289831395,0,3
strelkov,-1.9473654386403483,0.16287103289831395,0,3
superiors,-1.9473654386403483,0.16287103289831395,0,3
surovikin,-1.9473654386403483,0.16287103289831395,0,3
sustain,-1.9473654386403483,0.16287103289831395,0,3
tcg,-1.9473654386403483,0.16287103289831395,0,3
temperatures,-1.9473654386403483,0.16287103289831395,0,3
thirds,-1.9473654386403483,0.16287103289831395,0,3
toolbox,-1.9473654386403483,0.16287103289831395,0,3
torrent,-1.9473654386403483,0.16287103289831395,0,3
traceable,-1.9473654386403483,0.16287103289831395,0,3
trapped,-1.9473654386403483,0.16287103289831395,0,3
truck,-1.9473654386403483,0.16287103289831395,0,3
uman,-1.9473654386403483,0.16287103289831395,0,3
unesco,-1.9473654386403483,0.16287103289831395,0,3
untruth,-1.9473654386403483,0.16287103289831395,0,3
unwavering,-1.9473654386403483,0.16287103289831395,0,3
update,-1.9473654386403483,0.16287103289831395,0,3
vary,-1.9473654386403483,0.16287103289831395,0,3
verdict,-1.9473654386403483,0.16287103289831395,0,3
vorontsov,-1.9473654386403483,0.16287103289831395,0,3
wagner,-1.9473654386403483,0.16287103289831395,0,3
wasting,-1.9473654386403483,0.16287103289831395,0,3
yevgeny,-1.9473654386403483,0.16287103289831395,0,3
yevtushenko,-1.9473654386403483,0.16287103289831395,0,3
mass,-1.9478089656272868,0.16282315131807912,26,29
obligations,-1.9774497092665484,0.15965933258883924,27,30
ballistic,-2.092625707250703,0.14801149036035288,2,6
crew,-2.092625707250703,0.14801149036035288,2,6
executive,-2.092625707250703,0.14801149036035288,2,6
friend,-2.092625707250703,0.14801149036035288,2,6
guise,-2.092625707250703,0.14801149036035288,2,6
imminent,-2.092625707250703,0.14801149036035288,2,6
invaded,-2.092625707250703,0.14801149036035288,2,6
jewish,-2.092625707250703,0.14801149036035288,2,6
marked,-2.092625707250703,0.14801149036035288,2,6
ordered,-2.092625707250703,0.14801149036035288,2,6
polling,-2.092625707250703,0.14801149036035288,2,6
railway,-2.092625707250703,0.14801149036035288,2,6
resident,-2.092625707250703,0.14801149036035288,2,6
sham,-2.092625707250703,0.14801149036035288,2,6
sick,-2.092625707250703,0.14801149036035288,2,6
somalia,-2.092625707250703,0.14801149036035288,2,6
stores,-2.092625707250703,0.14801149036035288,2,6
teams,-2.092625707250703,0.14801149036035288,2,6
unconditionally,-2.092625707250703,0.14801149036035288,2,6
vii,-2.092625707250703,0.14801149036035288,2,6
winter,-2.092625707250703,0.14801149036035288,2,6
kherson,-2.130901561711025,0.14435582845101713,32,35
blocked,-2.149298069363838,0.14263508695916838,13,17
lie,-2.1508492653578926,0.14249105212611957,14,18
available,-2.1525941854517368,0.14232922468878906,12,16
dam,-2.1525941854517368,0.14232922468878906,12,16
failed,-2.1563925448553776,0.14197767119442417,15,19
anniversary,-2.1618559894684877,0.1414737179323533,11,15
assessment,-2.1618559894684877,0.1414737179323533,11,15
electricity,-2.1618559894684877,0.1414737179323533,11,15
mandate,-2.1618559894684877,0.1414737179323533,11,15
lost,-2.165262730082711,0.14116049473719305,16,20
allowed,-2.1785746492245233,0.13994401507019338,10,14
election,-2.1785746492245233,0.13994401507019338,10,14
never,-2.178816697970532,0.13992200523130016,44,46
always,-2.19098828444989,0.1388202188951395,18,22
total,-2.19098828444989,0.1388202188951395,18,22
owing,-2.2047835753863256,0.13758320189296158,9,13
under-secretary-general,-2.2047835753863256,0.13758320189296158,9,13
violated,-2.2070834504573957,0.1373781773810514,19,23
body,-2.243329542904445,0.13419175359687974,8,12
functioning,-2.243329542904445,0.13419175359687974,8,12
indeed,-2.244333836997944,0.1341046504217599,21,25
victims,-2.2582862864805167,0.13290105844433375,36,39
president,-2.261953179676194,0.13258674425368144,194,174
comprehensive,-2.265067640616159,0.13232043468318233,22,26
azovstal,-2.2983245600602085,0.12951363483719858,7,11
conference,-2.2983245600602085,0.12951363483719858,7,11
conflicts,-2.2983245600602085,0.12951363483719858,7,11
convoy,-2.2983245600602085,0.12951363483719858,7,11
direction,-2.2983245600602085,0.12951363483719858,7,11
exercise,-2.2983245600602085,0.12951363483719858,7,11
largest,-2.2983245600602085,0.12951363483719858,7,11
seize,-2.2983245600602085,0.12951363483719858,7,11
bank,-2.37593663929745,0.12321767468246547,6,10
bear,-2.37593663929745,0.12321767468246547,6,10
delivering,-2.37593663929745,0.12321767468246547,6,10
learned,-2.37593663929745,0.12321767468246547,6,10
protecting,-2.37593663929745,0.12321767468246547,6,10
top,-2.37593663929745,0.12321767468246547,6,10
aimed,-2.410141252903623,0.12055148799502147,28,32
kill,-2.410141252903623,0.12055148799502147,28,32
able,-2.4214001018776097,0.11968791388784428,41,44
assaults,-2.4388122597497155,0.11836581974342297,1,5
berdyansk,-2.4388122597497155,0.11836581974342297,1,5
capacities,-2.4388122597497155,0.11836581974342297,1,5
challenged,-2.4388122597497155,0.11836581974342297,1,5
chambers,-2.4388122597497155,0.11836581974342297,1,5
churkin,-2.4388122597497155,0.11836581974342297,1,5
coal,-2.4388122597497155,0.11836581974342297,1,5
commemorate,-2.4388122597497155,0.11836581974342297,1,5
definition,-2.4388122597497155,0.11836581974342297,1,5
degradation,-2.4388122597497155,0.11836581974342297,1,5
destabilizing,-2.4388122597497155,0.11836581974342297,1,5
disruption,-2.4388122597497155,0.11836581974342297,1,5
dramatically,-2.4388122597497155,0.11836581974342297,1,5
duties,-2.4388122597497155,0.11836581974342297,1,5
endeavour,-2.4388122597497155,0.11836581974342297,1,5
envisaged,-2.4388122597497155,0.11836581974342297,1,5
holocaust,-2.4388122597497155,0.11836581974342297,1,5
imperial,-2.4388122597497155,0.11836581974342297,1,5
implications,-2.4388122597497155,0.11836581974342297,1,5
increases,-2.4388122597497155,0.11836581974342297,1,5
locations,-2.4388122597497155,0.11836581974342297,1,5
monastery,-2.4388122597497155,0.11836581974342297,1,5
ofa,-2.4388122597497155,0.11836581974342297,1,5
organ,-2.4388122597497155,0.11836581974342297,1,5
pages,-2.4388122597497155,0.11836581974342297,1,5
proud,-2.4388122597497155,0.11836581974342297,1,5
raising,-2.4388122597497155,0.11836581974342297,1,5
rescue,-2.4388122597497155,0.11836581974342297,1,5
reservoir,-2.4388122597497155,0.11836581974342297,1,5
s-300,-2.4388122597497155,0.11836581974342297,1,5
signatories,-2.4388122597497155,0.11836581974342297,1,5
slogan,-2.4388122597497155,0.11836581974342297,1,5
somebody,-2.4388122597497155,0.11836581974342297,1,5
stealing,-2.4388122597497155,0.11836581974342297,1,5
striving,-2.4388122597497155,0.11836581974342297,1,5
sunday,-2.4388122597497155,0.11836581974342297,1,5
thousand,-2.4388122597497155,0.11836581974342297,1,5
treaties,-2.4388122597497155,0.11836581974342297,1,5
wage,-2.4388122597497155,0.11836581974342297,1,5
wrote,-2.4388122597497155,0.11836581974342297,1,5
year,-2.456002311724417,0.11707641432612281,52,54
car,-2.4858583716243,0.11487366092869045,5,9
enemy,-2.4858583716243,0.11487366092869045,5,9
foodstuffs,-2.4858583716243,0.11487366092869045,5,9
full-fledged,-2.4858583716243,0.11487366092869045,5,9
guaranteed,-2.4858583716243,0.11487366092869045,5,9
hroza,-2.4858583716243,0.11487366092869045,5,9
literally,-2.4858583716243,0.11487366092869045,5,9
mechanisms,-2.4858583716243,0.11487366092869045,5,9
priority,-2.4858583716243,0.11487366092869045,5,9
products,-2.4858583716243,0.11487366092869045,5,9
actions,-2.490661523188436,0.11452357880174524,93,90
necessary,-2.5201808944264026,0.11239769039306702,32,36
breach,-2.6442440754167658,0.1039255806607382,4,8
capabilities,-2.6442440754167658,0.1039255806607382,4,8
crises,-2.6442440754167658,0.1039255806607382,4,8
follows,-2.6442440754167658,0.1039255806607382,4,8
hostage,-2.6442440754167658,0.1039255806607382,4,8
initial,-2.6442440754167658,0.1039255806607382,4,8
officers,-2.6442440754167658,0.1039255806607382,4,8
opened,-2.6442440754167658,0.1039255806607382,4,8
properly,-2.6442440754167658,0.1039255806607382,4,8
removed,-2.6442440754167658,0.1039255806607382,4,8
served,-2.6442440754167658,0.1039255806607382,4,8
sophisticated,-2.6442440754167658,0.1039255806607382,4,8
stations,-2.6442440754167658,0.1039255806607382,4,8
create,-2.6872836085602225,0.10115212183391886,17,22
site,-2.690877670876897,0.10092420970370242,15,20
started,-2.6975649425713426,0.10050163829054226,19,24
cross,-2.6994542629211082,0.10038260188505843,14,19
station,-2.6994542629211082,0.10038260188505843,14,19
withdrawal,-2.7067529392361434,0.0999241942385285,20,25
impact,-2.7137166758332096,0.09948895363666455,13,18
red,-2.7137166758332096,0.09948895363666455,13,18
law,-2.7145283073162623,0.09943836068418954,134,126
parliament,-2.718180057376841,0.09921107649480654,21,26
autonomous,-2.7348410759424553,0.09818126802756555,12,17
continuing,-2.7348410759424553,0.09818126802756555,12,17
hours,-2.7348410759424553,0.09818126802756555,12,17
person,-2.7348410759424553,0.09818126802756555,12,17
seven,-2.7348410759424553,0.09818126802756555,12,17
definitely,-2.7498716476090217,0.09726223593504812,3,8
dictator,-2.7498716476090217,0.09726223593504812,3,8
encourage,-2.7498716476090217,0.09726223593504812,3,8
expand,-2.7498716476090217,0.09726223593504812,3,8
investigate,-2.7498716476090217,0.09726223593504812,3,8
moldova,-2.7498716476090217,0.09726223593504812,3,8
oil,-2.7498716476090217,0.09726223593504812,3,8
peacekeeping,-2.7498716476090217,0.09726223593504812,3,8
poverty,-2.7498716476090217,0.09726223593504812,3,8
bringing,-2.8572843829523724,0.09096094339989136,9,14
cease,-2.927164093242152,0.08710036872205518,8,13
along,-2.9359997014684893,0.08662502113047366,32,37
let,-2.9808930125434827,0.08425277472898351,84,84
grave,-3.019224662225506,0.08228279623595369,7,12
primary,-3.019224662225506,0.08228279623595369,7,12
realize,-3.019224662225506,0.08228279623595369,7,12
allows,-3.0433677205940723,0.08106757375144513,2,7
blew,-3.0433677205940723,0.08106757375144513,2,7
coordinator,-3.0433677205940723,0.08106757375144513,2,7
duma,-3.0433677205940723,0.08106757375144513,2,7
god,-3.0433677205940723,0.08106757375144513,2,7
missing,-3.0433677205940723,0.08106757375144513,2,7
obligation,-3.0433677205940723,0.08106757375144513,2,7
ossetia,-3.0433677205940723,0.08106757375144513,2,7
separatist,-3.0433677205940723,0.08106757375144513,2,7
stolen,-3.0433677205940723,0.08106757375144513,2,7
ultimate,-3.0433677205940723,0.08106757375144513,2,7
armoured,-3.141294269467155,0.07633321202734633,6,11
closer,-3.141294269467155,0.07633321202734633,6,11
demonstrate,-3.141294269467155,0.07633321202734633,6,11
gross,-3.141294269467155,0.07633321202734633,6,11
rockets,-3.141294269467155,0.07633321202734633,6,11
significantly,-3.141294269467155,0.07633321202734633,6,11
table,-3.141294269467155,0.07633321202734633,6,11
unicef,-3.141294269467155,0.07633321202734633,6,11
least,-3.150609925763121,0.07589858831919272,40,45
three,-3.150609925763121,0.07589858831919272,40,45
adequate,-3.1666456008353645,0.07515665814360017,0,4
annual,-3.1666456008353645,0.07515665814360017,0,4
apartments,-3.1666456008353645,0.07515665814360017,0,4
ballots,-3.1666456008353645,0.07515665814360017,0,4
build-up,-3.1666456008353645,0.07515665814360017,0,4
christmas,-3.1666456008353645,0.07515665814360017,0,4
compelling,-3.1666456008353645,0.07515665814360017,0,4
contaminated,-3.1666456008353645,0.07515665814360017,0,4
counter-terrorism,-3.1666456008353645,0.07515665814360017,0,4
covid-19,-3.1666456008353645,0.07515665814360017,0,4
detrimental,-3.1666456008353645,0.07515665814360017,0,4
ecocide,-3.1666456008353645,0.07515665814360017,0,4
fields,-3.1666456008353645,0.07515665814360017,0,4
georgian,-3.1666456008353645,0.07515665814360017,0,4
grenades,-3.1666456008353645,0.07515665814360017,0,4
heritage,-3.1666456008353645,0.07515665814360017,0,4
indispensable,-3.1666456008353645,0.07515665814360017,0,4
kh-59,-3.1666456008353645,0.07515665814360017,0,4
kidnapped,-3.1666456008353645,0.07515665814360017,0,4
liar,-3.1666456008353645,0.07515665814360017,0,4
martial,-3.1666456008353645,0.07515665814360017,0,4
merchant,-3.1666456008353645,0.07515665814360017,0,4
miners,-3.1666456008353645,0.07515665814360017,0,4
museum,-3.1666456008353645,0.07515665814360017,0,4
newer,-3.1666456008353645,0.07515665814360017,0,4
nexus,-3.1666456008353645,0.07515665814360017,0,4
novoazovsk,-3.1666456008353645,0.07515665814360017,0,4
occurring,-3.1666456008353645,0.07515665814360017,0,4
op-ed,-3.1666456008353645,0.07515665814360017,0,4
outcomes,-3.1666456008353645,0.07515665814360017,0,4
plate,-3.1666456008353645,0.07515665814360017,0,4
proceeded,-3.1666456008353645,0.07515665814360017,0,4
rapid,-3.1666456008353645,0.07515665814360017,0,4
reduction,-3.1666456008353645,0.07515665814360017,0,4
reflections,-3.1666456008353645,0.07515665814360017,0,4
refrained,-3.1666456008353645,0.07515665814360017,0,4
reinforce,-3.1666456008353645,0.07515665814360017,0,4
resilience,-3.1666456008353645,0.07515665814360017,0,4
resorts,-3.1666456008353645,0.07515665814360017,0,4
shchastya,-3.1666456008353645,0.07515665814360017,0,4
specified,-3.1666456008353645,0.07515665814360017,0,4
starvation,-3.1666456008353645,0.07515665814360017,0,4
suburbs,-3.1666456008353645,0.07515665814360017,0,4
sunflower,-3.1666456008353645,0.07515665814360017,0,4
suspended,-3.1666456008353645,0.07515665814360017,0,4
tartars,-3.1666456008353645,0.07515665814360017,0,4
triggered,-3.1666456008353645,0.07515665814360017,0,4
unjustified,-3.1666456008353645,0.07515665814360017,0,4
wide,-3.1666456008353645,0.07515665814360017,0,4
year's,-3.1666456008353645,0.07515665814360017,0,4
yeltsin,-3.1666456008353645,0.07515665814360017,0,4
°,-3.1666456008353645,0.07515665814360017,0,4
thousands,-3.2081720899440973,0.07327129784628272,42,47
four,-3.231604207564575,0.07222990130838813,22,28
tanks,-3.231604207564575,0.07222990130838813,22,28
level,-3.2389142706824727,0.07190827653550702,23,29
mercenaries,-3.25006461211336,0.07142064230055889,16,22
service,-3.25006461211336,0.07142064230055889,16,22
bring,-3.2595766785440623,0.07100745509666273,25,31
deliberate,-3.2925239195833162,0.06959596499715903,14,20
welcome,-3.2925239195833162,0.06959596499715903,14,20
aim,-3.305376123656306,0.06905353547085336,5,10
radiation,-3.305376123656306,0.06905353547085336,5,10
week,-3.319786295911988,0.06845072628123894,29,35
day,-3.3362397137600825,0.0677693184254693,94,94
independence,-3.3772213782953924,0.06610341128160091,32,38
order,-3.3854972907102794,0.06577233504243918,111,109
fundamental,-3.4169867513702172,0.06452869560305563,11,17
chamber,-3.448711399487919,0.0633011032231221,50,55
russians,-3.448711399487919,0.0633011032231221,50,55
beyond,-3.4821596496438882,0.06203373141979773,10,16
increased,-3.4821596496438882,0.06203373141979773,10,16
brought,-3.4893231166106857,0.06176583491604093,37,43
abkhazia,-3.5248423331055507,0.06045557500079968,1,6
architecture,-3.5248423331055507,0.06045557500079968,1,6
concentration,-3.5248423331055507,0.06045557500079968,1,6
countering,-3.5248423331055507,0.06045557500079968,1,6
dedicated,-3.5248423331055507,0.06045557500079968,1,6
destabilization,-3.5248423331055507,0.06045557500079968,1,6
develop,-3.5248423331055507,0.06045557500079968,1,6
duty,-3.5248423331055507,0.06045557500079968,1,6
exercising,-3.5248423331055507,0.06045557500079968,1,6
gather,-3.5248423331055507,0.06045557500079968,1,6
inquiry,-3.5248423331055507,0.06045557500079968,1,6
militarization,-3.5248423331055507,0.06045557500079968,1,6
nebenzia,-3.5248423331055507,0.06045557500079968,1,6
opening,-3.5248423331055507,0.06045557500079968,1,6
pain,-3.5248423331055507,0.06045557500079968,1,6
recalling,-3.5248423331055507,0.06045557500079968,1,6
simferopol,-3.5248423331055507,0.06045557500079968,1,6
withdrawing,-3.5248423331055507,0.06045557500079968,1,6
worldwide,-3.5248423331055507,0.06045557500079968,1,6
challenges,-3.530860023471639,0.06023653576184118,4,9
deliver,-3.530860023471639,0.06023653576184118,4,9
entitled,-3.530860023471639,0.06023653576184118,4,9
georgia,-3.530860023471639,0.06023653576184118,4,9
israel,-3.530860023471639,0.06023653576184118,4,9
occasions,-3.530860023471639,0.06023653576184118,4,9
river,-3.530860023471639,0.06023653576184118,4,9
undermining,-3.530860023471639,0.06023653576184118,4,9
world's,-3.530860023471639,0.06023653576184118,4,9
innocent,-3.5641092029657715,0.05904141097150606,9,15
amount,-3.66741058539005,0.05548632441936818,8,14
citizen,-3.66741058539005,0.05548632441936818,8,14
serve,-3.66741058539005,0.05548632441936818,8,14
entire,-3.6688460660467834,0.0554385537615929,57,62
peaceful,-3.6688460660467834,0.0554385537615929,57,62
step,-3.7617913880234997,0.05243637211473229,23,30
personnel,-3.7754184858072093,0.052010888901042995,20,27
return,-3.780393140075219,0.051856475219778875,27,34
reality,-3.7899428840472127,0.0515614078807789,28,35
diplomats,-3.7984690406100636,0.05129946769430471,7,13
regardless,-3.7984690406100636,0.05129946769430471,7,13
small,-3.7984690406100636,0.05129946769430471,7,13
soldier,-3.7984690406100636,0.05129946769430471,7,13
sooner,-3.7984690406100636,0.05129946769430471,7,13
supporting,-3.7984690406100636,0.05129946769430471,7,13
undermine,-3.7984690406100636,0.05129946769430471,7,13
utmost,-3.7984690406100636,0.05129946769430471,7,13
ukrainians,-3.906993713675754,0.04808554145061317,118,117
face,-3.926248580974444,0.04753787744416993,14,21
reported,-3.926248580974444,0.04753787744416993,14,21
lies,-3.933609353940578,0.04733025785698419,37,44
attacking,-3.9665365873133918,0.04641314320373624,6,12
dead,-3.9665365873133918,0.04641314320373624,6,12
appreciation,-4.064803559588005,0.043785777538396076,2,8
blocking,-4.064803559588005,0.043785777538396076,2,8
born,-4.064803559588005,0.043785777538396076,2,8
contamination,-4.064803559588005,0.043785777538396076,2,8
mostly,-4.064803559588005,0.043785777538396076,2,8
parliamentary,-4.064803559588005,0.043785777538396076,2,8
promptly,-4.064803559588005,0.043785777538396076,2,8
resistance,-4.064803559588005,0.043785777538396076,2,8
ship,-4.064803559588005,0.043785777538396076,2,8
sloviansk,-4.064803559588005,0.043785777538396076,2,8
stance,-4.064803559588005,0.043785777538396076,2,8
toll,-4.064803559588005,0.043785777538396076,2,8
voice,-4.064803559588005,0.043785777538396076,2,8
africa,-4.1145750662573635,0.042515204481264,11,18
pro-russian,-4.185491253553254,0.04077139478342451,5,11
strongly,-4.185491253553254,0.04077139478342451,5,11
legislation,-4.206467504659968,0.04027011614286913,10,17
life,-4.307352818591793,0.03794796879080942,29,37
another,-4.32003344639586,0.037666181878825866,105,107
freedom,-4.324517450982118,0.0375670644897903,22,30
hit,-4.324517450982118,0.0375670644897903,22,30
ground,-4.342704901488728,0.037167830384286615,33,41
killing,-4.342704901488728,0.037167830384286615,33,41
assessed,-4.419868513214641,0.03552277358516798,0,5
barrage,-4.419868513214641,0.03552277358516798,0,5
chechnya,-4.419868513214641,0.03552277358516798,0,5
comrade,-4.419868513214641,0.03552277358516798,0,5
cossacks,-4.419868513214641,0.03552277358516798,0,5
deteriorated,-4.419868513214641,0.03552277358516798,0,5
genocidal,-4.419868513214641,0.03552277358516798,0,5
height,-4.419868513214641,0.03552277358516798,0,5
highlighted,-4.419868513214641,0.03552277358516798,0,5
ibid,-4.419868513214641,0.03552277358516798,0,5
loaded,-4.419868513214641,0.03552277358516798,0,5
manipulate,-4.419868513214641,0.03552277358516798,0,5
non-proliferation,-4.419868513214641,0.03552277358516798,0,5
officer,-4.419868513214641,0.03552277358516798,0,5
pray,-4.419868513214641,0.03552277358516798,0,5
supports,-4.419868513214641,0.03552277358516798,0,5
tonight,-4.419868513214641,0.03552277358516798,0,5
twenty-first,-4.419868513214641,0.03552277358516798,0,5
virus,-4.419868513214641,0.03552277358516798,0,5
visiting,-4.419868513214641,0.03552277358516798,0,5
june,-4.445256999126029,0.03499832209336429,17,25
destroyed,-4.4512870909500615,0.03487495237217786,40,48
dnipro,-4.456713377528553,0.03476432463593693,8,15
prices,-4.456713377528553,0.03476432463593693,8,15
tatars,-4.456713377528553,0.03476432463593693,8,15
tens,-4.456713377528553,0.03476432463593693,8,15
annex,-4.477141369152532,0.03435113125722156,4,10
build,-4.477141369152532,0.03435113125722156,4,10
restored,-4.477141369152532,0.03435113125722156,4,10
servicemen,-4.477141369152532,0.03435113125722156,4,10
sevastopol,-4.477141369152532,0.03435113125722156,4,10
story,-4.477141369152532,0.03435113125722156,4,10
initiative,-4.575604059997635,0.03243031013458053,46,54
detained,-4.627725468220003,0.031459242938011056,7,14
large-scale,-4.627725468220003,0.031459242938011056,7,14
lavrov,-4.627725468220003,0.031459242938011056,7,14
mh-17,-4.627725468220003,0.031459242938011056,7,14
short,-4.627725468220003,0.031459242938011056,7,14
ambassadors,-4.665411913362213,0.03077604024292091,1,7
demonstrates,-4.665411913362213,0.03077604024292091,1,7
ethiopia,-4.665411913362213,0.03077604024292091,1,7
flagrant,-4.665411913362213,0.03077604024292091,1,7
hague,-4.665411913362213,0.03077604024292091,1,7
inspections,-4.665411913362213,0.03077604024292091,1,7
iran,-4.665411913362213,0.03077604024292091,1,7
passage,-4.665411913362213,0.03077604024292091,1,7
repair,-4.665411913362213,0.03077604024292091,1,7
resorted,-4.665411913362213,0.03077604024292091,1,7
self-government,-4.665411913362213,0.03077604024292091,1,7
threatens,-4.665411913362213,0.03077604024292091,1,7
trials,-4.665411913362213,0.03077604024292091,1,7
sovereign,-4.6681776373988155,0.03072651484164257,13,21
according,-4.676695396163696,0.030574509967948527,65,72
regions,-4.736176434291386,0.029534642643278985,108,111
times,-4.837455853036772,0.027847950426756585,29,38
strike,-4.839166350102844,0.027820340858317416,31,40
addressed,-4.842211066360532,0.027771265759614083,6,13
facilitate,-4.842211066360532,0.027771265759614083,6,13
middle,-4.842211066360532,0.027771265759614083,6,13
treaty,-4.842211066360532,0.027771265759614083,6,13
boy,-4.877834150511831,0.027203733216116133,3,9
grad,-4.877834150511831,0.027203733216116133,3,9
keeps,-4.877834150511831,0.027203733216116133,3,9
son,-4.877834150511831,0.027203733216116133,3,9
waters,-4.877834150511831,0.027203733216116133,3,9
article,-4.969858046355975,0.02579276424880883,20,29
whole,-5.005944535420262,0.025260416120386542,19,28
supported,-5.098099074112758,0.023952078785869246,17,26
justify,-5.115513403938923,0.02371284896035164,5,12
maintain,-5.115513403938923,0.02371284896035164,5,12
maritime,-5.115513403938923,0.02371284896035164,5,12
recognition,-5.115513403938923,0.02371284896035164,5,12
settlements,-5.115513403938923,0.02371284896035164,5,12
corridor,-5.115666884709009,0.02371075156703928,9,17
malaysia,-5.115666884709009,0.02371075156703928,9,17
organization,-5.131266245086625,0.023498578657649594,51,60
chapter,-5.137658185610483,0.0234122089829244,2,9
demining,-5.137658185610483,0.0234122089829244,2,9
dignity,-5.137658185610483,0.0234122089829244,2,9
heavily,-5.137658185610483,0.0234122089829244,2,9
joined,-5.137658185610483,0.0234122089829244,2,9
kidnapping,-5.137658185610483,0.0234122089829244,2,9
plants,-5.137658185610483,0.0234122089829244,2,9
registered,-5.137658185610483,0.0234122089829244,2,9
scope,-5.137658185610483,0.0234122089829244,2,9
uses,-5.137658185610483,0.0234122089829244,2,9
two,-5.144531968279601,0.023319695772012206,80,87
december,-5.156116246401714,0.0231646414046901,16,25
villages,-5.288942768208275,0.02146124511240466,8,16
mission,-5.306778830231773,0.021242597344077074,73,81
support,-5.346845308041855,0.020759799016418112,97,103
second,-5.383105138504456,0.020332658083059618,30,40
women,-5.383105138504456,0.020332658083059618,30,40
aerial,-5.471158770027948,0.019332803156248968,4,11
capital,-5.471158770027948,0.019332803156248968,4,11
credible,-5.471158770027948,0.019332803156248968,4,11
action,-5.497974746993734,0.019038510956934318,23,33
remind,-5.497974746993734,0.019038510956934318,23,33
victim,-5.500176668496987,0.019014552548549446,7,15
threat,-5.60360229049515,0.017923587464836133,52,62
osce,-5.617215986376241,0.017784878287511408,70,79
anti-semitism,-5.690072141838938,0.017061153186158418,0,6
boat,-5.690072141838938,0.017061153186158418,0,6
chernomorsk,-5.690072141838938,0.017061153186158418,0,6
crystal,-5.690072141838938,0.017061153186158418,0,6
effects,-5.690072141838938,0.017061153186158418,0,6
efficient,-5.690072141838938,0.017061153186158418,0,6
hell,-5.690072141838938,0.017061153186158418,0,6
idps,-5.690072141838938,0.017061153186158418,0,6
institution,-5.690072141838938,0.017061153186158418,0,6
intercepted,-5.690072141838938,0.017061153186158418,0,6
kindly,-5.690072141838938,0.017061153186158418,0,6
mykolaiv,-5.690072141838938,0.017061153186158418,0,6
partner,-5.690072141838938,0.017061153186158418,0,6
produce,-5.690072141838938,0.017061153186158418,0,6
recovery,-5.690072141838938,0.017061153186158418,0,6
saving,-5.690072141838938,0.017061153186158418,0,6
spotted,-5.690072141838938,0.017061153186158418,0,6
uav,-5.690072141838938,0.017061153186158418,0,6
uavs,-5.690072141838938,0.017061153186158418,0,6
women's,-5.690072141838938,0.017061153186158418,0,6
practices,-5.76075568550839,0.016388022069871777,6,14
convening,-5.775118296574177,0.01625462602611205,10,19
diplomatic,-5.780570396746599,0.016204281969389722,17,27
protection,-5.780570396746599,0.016204281969389722,17,27
cruise,-5.842347392699014,0.015644940856910483,1,8
drone,-5.842347392699014,0.015644940856910483,1,8
escape,-5.842347392699014,0.015644940856910483,1,8
imperative,-5.842347392699014,0.015644940856910483,1,8
mejlis,-5.842347392699014,0.015644940856910483,1,8
oleg,-5.842347392699014,0.015644940856910483,1,8
preliminary,-5.842347392699014,0.015644940856910483,1,8
resist,-5.842347392699014,0.015644940856910483,1,8
resolute,-5.842347392699014,0.015644940856910483,1,8
daily,-5.855209003329006,0.015531013540192151,16,26
together,-5.855209003329006,0.015531013540192151,16,26
future,-5.924374373545295,0.014932839376274987,40,51
yesterday,-5.930805819663692,0.014878436726817323,41,52
addressing,-5.9471511700797475,0.01474109030509474,3,10
couple,-5.9471511700797475,0.01474109030509474,3,10
dated,-5.9471511700797475,0.01474109030509474,3,10
initiated,-5.9471511700797475,0.01474109030509474,3,10
iranian,-5.9471511700797475,0.01474109030509474,3,10
drones,-5.950188489110503,0.014715712540580128,9,18
assistant,-6.087127852498822,0.013617026615020844,5,13
compatriots,-6.087127852498822,0.013617026615020844,5,13
violating,-6.087127852498822,0.013617026615020844,5,13
office,-6.127657301237894,0.01330831010293787,23,34
land,-6.1525596478737885,0.013122204843751928,13,23
increase,-6.158949808275994,0.013074881407069916,8,17
memory,-6.158949808275994,0.013074881407069916,8,17
name,-6.158949808275994,0.013074881407069916,8,17
weeks,-6.158949808275994,0.013074881407069916,8,17
needs,-6.170703361267172,0.012988296021251178,22,33
odesa,-6.170703361267172,0.012988296021251178,22,33
held,-6.18053501376332,0.012916321584108825,58,69
express,-6.338326506141145,0.0118156307407985,19,30
tribunal,-6.410190978267018,0.011346721078732136,7,16
message,-6.434935572825562,0.011189721621455484,11,21
secure,-6.503965219374647,0.010763418528360602,4,12
ships,-6.503965219374647,0.010763418528360602,4,12
human,-6.585128829140166,0.010283417365552938,113,121
stopped,-6.611462632759137,0.010132440515030816,10,20
november,-6.616436195603706,0.010104182182745891,27,39
effectively,-6.716048808704738,0.009554908155279596,6,15
parents,-6.716048808704738,0.009554908155279596,6,15
ambassador,-6.731917572558536,0.00947027373783127,24,36
court,-6.9403523549443324,0.008427251100018962,13,24
acts,-6.965616694798012,0.008309079019806709,20,32
kharkiv,-6.965616694798012,0.008309079019806709,20,32
appeasement,-6.9699870438208436,0.008288809686871845,0,7
biggest,-6.9699870438208436,0.008288809686871845,0,7
confident,-6.9699870438208436,0.008288809686871845,0,7
findings,-6.9699870438208436,0.008288809686871845,0,7
insecurity,-6.9699870438208436,0.008288809686871845,0,7
izyum,-6.9699870438208436,0.008288809686871845,0,7
naval,-6.9699870438208436,0.008288809686871845,0,7
violation,-6.988805308812143,0.008202108257652996,42,55
arrangements,-7.044744606584133,0.007949815936044491,1,9
communities,-7.044744606584133,0.007949815936044491,1,9
environment,-7.044744606584133,0.007949815936044491,1,9
environmental,-7.044744606584133,0.007949815936044491,1,9
generations,-7.044744606584133,0.007949815936044491,1,9
marinka,-7.044744606584133,0.007949815936044491,1,9
militant,-7.044744606584133,0.007949815936044491,1,9
missions,-7.044744606584133,0.007949815936044491,1,9
mykolayiv,-7.044744606584133,0.007949815936044491,1,9
assurances,-7.050038150299405,0.007926356317238259,3,11
chernihiv,-7.050038150299405,0.007926356317238259,3,11
feltman,-7.050038150299405,0.007926356317238259,3,11
neighbouring,-7.050038150299405,0.007926356317238259,3,11
price,-7.050038150299405,0.007926356317238259,3,11
transfer,-7.050038150299405,0.007926356317238259,3,11
morning,-7.062377694663851,0.007871945111678325,8,18
quote,-7.062377694663851,0.007871945111678325,8,18
release,-7.062377694663851,0.007871945111678325,8,18
united,-7.067890685324353,0.007847759175447333,356,334
movement,-7.093770344858688,0.007735234496697552,5,14
safety,-7.095031944752608,0.007729791423010557,12,23
continued,-7.129444151018183,0.007582823095001356,18,30
government,-7.2102128225325455,0.007248989826841412,83,95
across,-7.272765200986788,0.007000794157948853,11,22
evacuation,-7.272765200986788,0.007000794157948853,11,22
throughout,-7.455687505293993,0.006323632167389626,23,36
emergency,-7.47801392663309,0.006245692706630779,10,21
kilometres,-7.47801392663309,0.006245692706630779,10,21
additional,-7.598026639313985,0.005843222029885298,14,26
safe,-7.598026639313985,0.005843222029885298,14,26
full,-7.618040079670424,0.005778725768312509,59,73
health,-7.7030818247071355,0.005512662330164897,6,16
urgent,-7.7030818247071355,0.005512662330164897,6,16
veto,-7.7030818247071355,0.005512662330164897,6,16
century,-7.789963918908133,0.005253724475358101,2,10
deprive,-7.789963918908133,0.005253724475358101,2,10
graves,-7.789963918908133,0.005253724475358101,2,10
helicopters,-7.789963918908133,0.005253724475358101,2,10
routes,-7.789963918908133,0.005253724475358101,2,10
aircraft,-7.995515076669844,0.004689335838940156,8,19
million,-8.106151617567285,0.004411528522334951,58,73
offensive,-8.130189477599423,0.004353419733508779,5,15
constitute,-8.17978483622875,0.004235978431512244,3,12
powerful,-8.17978483622875,0.004235978431512244,3,12
square,-8.17978483622875,0.004235978431512244,3,12
europe,-8.215142801089133,0.0041542245825256785,67,82
commend,-8.255978497917381,0.0040618007680512935,0,8
higher,-8.255978497917381,0.0040618007680512935,0,8
inspection,-8.255978497917381,0.0040618007680512935,0,8
p,-8.255978497917381,0.0040618007680512935,0,8
sentsov,-8.255978497917381,0.0040618007680512935,0,8
ukrainian-russian,-8.255978497917381,0.0040618007680512935,0,8
aggressors,-8.265664541370594,0.004040186984190175,1,10
federation's,-8.265664541370594,0.004040186984190175,1,10
strength,-8.265664541370594,0.004040186984190175,1,10
state,-8.316677751042892,0.003928270266916445,121,133
bilateral,-8.324887604450733,0.003910555772198898,7,18
immediate,-8.371942028262739,0.003810581990834838,10,22
due,-8.415841882075012,0.0037196551419771406,14,27
tons,-8.521112758314262,0.0035104977472564247,19,33
ago,-8.618781820973027,0.0033271428185727148,58,74
ukraine's,-8.624559344091857,0.0033166066124584725,88,103
recognized,-8.641752573848757,0.003285452280504475,9,21
infrastructure,-8.648295233920232,0.003273675177297819,62,78
captured,-8.660098355616501,0.003252537395428856,4,14
membership,-8.660098355616501,0.003252537395428856,4,14
means,-8.665821260530336,0.0032423384371845776,43,59
commitments,-8.717717185167766,0.003151323852449317,6,17
enforcement,-8.717717185167766,0.003151323852449317,6,17
secretary-general,-8.740984609040146,0.003111364721368526,39,55
may,-8.853657583600791,0.002925021622848467,77,93
commitment,-8.95518079660678,0.0027668380337158016,8,20
debaltseve,-8.98979113551248,0.0027149202935213834,2,11
famine,-8.98979113551248,0.0027149202935213834,2,11
attacked,-9.028444398433226,0.00265810587875448,11,24
prevent,-9.196855763243809,0.0024243118654972973,28,44
general,-9.199961422911459,0.0024202022746366847,67,84
families,-9.290759836240246,0.0023031261016023263,10,23
damaged,-9.292274798743414,0.002301222214058707,19,34
behaviour,-9.33135853676163,0.002252652864556781,3,13
stability,-9.33135853676163,0.002252652864556781,3,13
tatar,-9.33135853676163,0.002252652864556781,3,13
particular,-9.53859194243722,0.0020119603434137767,34,51
abducted,-9.546027214727554,0.0020038265281235867,0,9
aforementioned,-9.546027214727554,0.0020038265281235867,0,9
metres,-9.546027214727554,0.0020038265281235867,0,9
navy,-9.546027214727554,0.0020038265281235867,0,9
nuremberg,-9.546027214727554,0.0020038265281235867,0,9
origin,-9.546027214727554,0.0020038265281235867,0,9
seaports,-9.546027214727554,0.0020038265281235867,0,9
volumes,-9.546027214727554,0.0020038265281235867,0,9
launched,-9.694742196587978,0.0018479600720117118,31,48
break,-9.773902497719973,0.0017700634775609236,4,15
destroying,-9.773902497719973,0.0017700634775609236,4,15
remain,-9.822207832758012,0.0017241724672346637,29,46
must,-10.10057229364639,0.001482232866991784,113,130
village,-10.119415059768423,0.00146715555159882,14,29
affected,-10.34244726733799,0.0013000553255853031,7,20
crime,-10.45037186067987,0.0012262476658922994,30,48
assault,-10.500910723499597,0.0011931572142404034,3,14
forcibly,-10.500910723499597,0.0011931572142404034,3,14
internally,-10.500910723499597,0.0011931572142404034,3,14
aggressive,-10.594553197331079,0.0011342130562103092,12,27
formula,-10.780168370109884,0.00102593349032154,15,31
parts,-10.780168370109884,0.00102593349032154,15,31
block,-10.838921620771362,9.93885980178466e-4,0,10
soil,-10.838921620771362,9.93885980178466e-4,0,10
verification,-10.838921620771362,9.93885980178466e-4,0,10
ability,-10.906770416883164,9.581342335864829e-4,4,16
summit,-11.194537366641535,8.203848919798862e-4,10,25
port,-11.379291998230798,7.42674195371329e-4,5,18
denies,-11.380633380605673,7.421380719850879e-4,1,11
deportation,-11.380633380605673,7.421380719850879e-4,1,11
humankind,-11.380633380605673,7.421380719850879e-4,1,11
intervention,-11.380633380605673,7.421380719850879e-4,1,11
moscow's,-11.380633380605673,7.421380719850879e-4,1,11
child,-11.38291759417934,7.412260177789287e-4,7,21
rights,-11.413684888161612,7.29050855221014e-4,131,150
response,-11.54210011664167,6.80377405800292e-4,26,45
night,-11.555533299442821,6.754793070361531e-4,9,24
sustainable,-11.685448096666427,6.299081404677054e-4,3,15
regular,-11.830448365473114,5.826996148998731e-4,11,27
food,-11.841887311917194,5.791309969954694e-4,77,99
crimean,-11.88513188949256,5.658381862739814e-4,30,50
hunger,-11.895410039242694,5.62724390210545e-4,6,20
avdiivka,-11.96769348730337,5.413090482727645e-4,8,23
hostages,-12.055981386194857,5.162646251470893e-4,4,17
russian-backed,-12.133890714889356,4.951371154459094e-4,0,11
millions,-12.320106049906437,4.4810524161920107e-4,16,34
days,-12.346272231105463,4.41867916514016e-4,44,66
plan,-12.381262040484595,4.3366393154908867e-4,20,39
effective,-12.441603427536048,4.1987516343144904e-4,7,22
peninsula,-12.441603427536048,4.1987516343144904e-4,7,22
de-escalation,-12.658779919769838,3.7380607504378105e-4,1,12
defending,-12.667671205714203,3.7203262728346953e-4,2,14
belarus,-12.882607524944389,3.3164983804478965e-4,3,16
navigation,-12.882607524944389,3.3164983804478965e-4,3,16
monitoring,-12.955197065946967,3.190346050608861e-4,45,68
displaced,-12.990985061114941,3.1299426259678853e-4,6,21
call,-13.010884905533471,3.0968556259969304e-4,64,88
wounded,-13.042454938188339,3.0450868089748617e-4,21,41
responsibility,-13.074394660328348,2.993599488578802e-4,33,55
terrorism,-13.174596758967857,2.837697852747789e-4,10,27
nation,-13.21930935643707,2.7707969843704383e-4,4,18
programme,-13.21930935643707,2.7707969843704383e-4,4,18
delegation,-13.491855359317519,2.396011676411014e-4,29,51
organizations,-13.533154091302974,2.343858025090073e-4,23,44
annexation,-13.633951350139837,2.2213189544129097e-4,5,20
solidarity,-13.633951350139837,2.2213189544129097e-4,5,20
immediately,-13.676176813148356,2.171923441232071e-4,44,68
energy,-13.757889101225778,2.0794564819193173e-4,14,33
grateful,-13.757889101225778,2.0794564819193173e-4,14,33
illegitimate,-13.940673063449067,1.8867143389500463e-4,1,13
sovereignty,-14.06976938153567,1.761523918176744e-4,13,32
es-11,-14.090498503359614,1.742216349504e-4,3,17
guarantee,-14.090498503359614,1.742216349504e-4,3,17
city,-14.263793812554404,1.5889201692487198e-4,36,60
access,-14.400802879525001,1.4773930668432467e-4,28,51
attack,-14.887928078651303,1.1409076326318601e-4,61,88
global,-14.904999125723144,1.1306297376023622e-4,37,62
violations,-15.001883299263806,1.0740393666441861e-4,36,61
vulnerable,-15.163177075648601,9.860772643044413e-5,2,16
invaders,-15.22556722811783,9.540301522914518e-5,1,14
stalin,-15.22556722811783,9.540301522914518e-5,1,14
crimea,-15.426966652279438,8.57557707483192e-5,130,158
sea,-15.541531528823308,8.071238366935685e-5,47,74
gratitude,-15.581267144190852,7.903373850715045e-5,4,20
kremlin's,-15.649842535604453,7.621892736253688e-5,0,12
withdraw,-15.70989445341812,7.383691423068495e-5,7,25
urge,-16.02814087793493,6.240796129863835e-5,13,34
reiterate,-16.26270888956604,5.513850007698995e-5,10,30
persons,-16.309406623101278,5.3796240338410684e-5,15,37
protect,-16.309406623101278,5.3796240338410684e-5,15,37
join,-16.361327656991175,5.2342379397329886e-5,6,24
lasting,-16.419885426531934,5.075002522647587e-5,2,17
side,-16.48089310169256,4.914282908252687e-5,54,83
contribute,-16.532631731956855,4.7819981411123536e-5,3,19
near,-16.533986763606602,4.778582146847121e-5,25,50
presence,-16.652757585808942,4.488500857480204e-5,14,36
children,-16.798554714857232,4.156494761076157e-5,154,184
remains,-16.94063540717092,3.856709769389788e-5,23,48
still,-16.942633301859054,3.852653041580556e-5,47,76
budapest,-16.95411752285182,3.829417367118282e-5,0,13
missile,-17.423779458200332,2.990611204489735e-5,50,80
asia,-17.68137373702877,2.6117156411653575e-5,2,18
evil,-17.68137373702877,2.6117156411653575e-5,2,18
proper,-17.68137373702877,2.6117156411653575e-5,2,18
strait,-17.764587442843716,2.4999327415065054e-5,3,20
genocide,-17.98125668338042,2.2309081726179514e-5,4,22
borders,-18.061417640761675,2.1389207657929177e-5,22,48
internationally,-18.258411195451856,1.9287238480991675e-5,0,14
smm,-18.258411195451856,1.9287238480991675e-5,0,14
convention,-18.43129141092427,1.761416289758344e-5,8,29
demand,-18.43129141092427,1.761416289758344e-5,8,29
act,-18.519259598007874,1.681960737831556e-5,28,56
region,-18.56321448389494,1.6436183494672463e-5,84,118
critical,-18.94522580578141,1.3452549034731476e-5,11,34
transferred,-19.002595766939635,1.3054074657792292e-5,3,21
trucks,-19.093285292563024,1.244820825285764e-5,1,17
continues,-19.154553881331225,1.205495528289191e-5,34,64
putin,-19.18727231602424,1.1850086547693373e-5,18,44
principles,-19.522298038243427,9.9432212841144e-6,20,47
envoy,-19.562723553806112,9.735020979784181e-6,0,15
strategy,-20.21609318057985,6.9168590383084094e-6,2,20
grain,-20.64265599621415,5.534908557702778e-6,64,100
accountability,-20.86705459831612,4.92289350562114e-6,0,16
full-scale,-21.488308074393597,3.5599257890428504e-6,2,21
family,-21.49398536778386,3.5494018444381936e-6,3,23
deported,-21.679396117890633,3.2223380118656664e-6,1,19
attacks,-21.908330084518848,2.8598978843996647e-6,49,85
russist,-22.17140432938346,2.4936029278110894e-6,0,17
defend,-22.185714384751673,2.4750858370614637e-6,6,29
nuclear,-22.390688706235114,2.2244986898067864e-6,45,81
permanent,-22.490573671388088,2.111773511281889e-6,34,68
member,-22.908379799573378,1.6990951026141232e-6,28,61
missiles,-22.91677745192474,1.6916883457396281e-6,47,84
crimes,-23.1691426927054,1.4835893538123202e-6,79,120
appreciate,-23.475772747409692,1.264967106839876e-6,0,18
humanity,-24.040517352022555,9.432967067457554e-7,2,23
ensure,-24.213016909662326,8.624738816465083e-7,34,70
proxies,-24.269693702306057,8.374641365938018e-7,1,21
restore,-24.296211731074937,8.260135474502661e-7,5,29
community,-24.42605574944225,7.721725370224419e-7,33,69
militants,-24.54462902908246,7.260844820944357e-7,9,36
committed,-25.096664630486146,5.452709008757495e-7,43,82
occupiers,-25.261579628845215,5.005813065173115e-7,3,26
kerch,-25.31991762707703,4.856677527920183e-7,2,24
stop,-25.434726957238453,4.5760608757827725e-7,41,80
illegally,-25.515209925598437,4.3890917689193287e-7,5,30
every,-25.81387669543758,3.759756357357702e-7,55,97
around,-25.907836028001604,3.5811248200179335e-7,24,59
occupying,-26.084565645945204,3.267858316169381e-7,0,20
soviet,-26.585267945964205,2.521592291637731e-7,28,65
moscow,-26.876324495786122,2.168997177420806e-7,24,60
assembly,-27.22367493054844,1.812258882960549e-7,23,59
terrorist,-27.289542045484342,1.751561968799109e-7,36,76
strong,-27.96713096276999,1.2339369581670923e-7,5,32
ports,-28.000493969671073,1.212844871201213e-7,9,39
justice,-30.333445728053324,3.637985479532091e-8,18,55
security,-31.14078917032809,2.3997535514297397e-8,409,457
recognize,-32.69077625244786,1.0804874106540296e-8,9,43
killed,-34.24272164532197,4.864915137403614e-9,82,139
territory,-36.45596297522895,1.561546780770584e-9,98,160
kremlin,-36.66196798385261,1.4049382768277496e-9,5,39
terrorists,-36.69944263732738,1.3781883412278262e-9,27,74
vessels,-38.011726782118956,7.032070481471919e-10,6,42
territorial,-38.967103506478075,4.3100756297320686e-10,22,69
integrity,-39.50480147443899,3.2725377963060964e-10,19,65
groups,-41.39712965811852,1.2423972961528307e-10,33,87
territories,-41.65906105604035,1.0866063604453302e-10,44,102
local,-41.934952211944,9.436074144275608e-11,37,93
temporarily,-42.94967402558664,5.616629383808913e-11,5,44
aggressor,-46.97361271769461,7.1949113333857895e-12,3,43
ukraine,-47.972897831414336,4.321543123353422e-12,1113,1139
border,-50.72254429350026,1.0639267244982875e-12,35,99
international,-51.11694671577278,8.701928067011977e-13,251,345
troops,-53.97651912698301,2.0294876890147862e-13,37,105
terror,-54.548103544028685,1.5165646516379638e-13,9,61
invasion,-56.857992117458814,4.6851411639181606e-14,6,57
seat,-65.22543124216617,6.661338147750939e-16,0,50
world,-69.68283395272631,1.1102230246251565e-16,100,204
peace,-71.36575985188146,0,109,217
putin's,-76.97097231547835,0,0,59
occupation,-77.695567533474,0,4,69
illegal,-78.84411057459332,0,19,99
thank,-83.02113385308537,0,30,121
war,-84.01283065859046,0,170,305
federation,-84.87510134427234,0,111,235
charter,-112.36271731053998,0,22,132
russia's,-130.13639203046299,0,60,210
nations,-131.7393691809596,0,149,335
aggression,-132.6117674600292,0,34,170
russia,-151.88331672378501,0,480,744
occupied,-178.4901751745267,0,9,158
russian,-412.9321617644977,0,583,1192
