feature,chi2,p,n_target,n_reference
russia,1007.89354521596,0,2206,129
russia's,538.7129550203377,0,1097,46
russian,442.82800487751894,0,1540,231
ukrainian,316.1405295750529,0,1157,184
aggression,286.3329560588251,0,797,85
forces,155.02519352996958,0,353,23
crimes,150.4051657823388,0,532,81
illegal,98.6161261842397,0,215,12
let,90.96550400623555,0,313,46
territory,85.99540680282583,0,324,53
putin,85.28197623483094,0,153,2
ukrainians,83.16334738317235,0,283,41
ukraine's,74.59939052616409,0,515,135
missiles,70.52101177364882,0,159,10
occupied,67.6085031055716,2.220446049250313e-16,185,19
unprovoked,65.81476225936673,4.440892098500626e-16,120,2
committed,63.95060079439403,1.2212453270876722e-15,285,55
crime,63.296997529557075,1.7763568394002505e-15,150,11
putin's,61.405042575794276,4.6629367034256575e-15,104,0
invasion,57.09151157176739,4.163336342344337e-14,229,40
killed,56.07768344733037,6.961098364399732e-14,241,45
territories,55.9643594071102,7.382983113757291e-14,167,20
launched,53.63112981617605,2.419175970658216e-13,115,6
right,52.47730061218093,4.3520742565306136e-13,214,38
today,51.94374923051794,5.710987238671805e-13,459,136
president,50.665241170083,1.095457058397642e-12,399,112
aggressor,49.41198964013774,2.0747847884194925e-12,88,1
polish,45.19183358146933,1.786482073384832e-11,89,3
day,45.17175516665594,1.804889571133117e-11,260,61
just,45.09620716984429,1.8758883335578957e-11,410,123
stop,45.05890880475487,1.911959479627967e-11,275,67
missile,44.669903102863785,2.33214558775785e-11,155,23
defend,44.632938630353635,2.3765989176638413e-11,117,11
kremlin,44.27727199284341,2.8500646287454856e-11,75,0
attack,43.29097351132801,4.717548574006969e-11,248,58
people,43.22072142034845,4.890010618652241e-11,1086,444
killing,42.867813116098944,5.85663739727238e-11,100,7
army,42.33266760581761,7.699563209229154e-11,76,1
say,40.73278137244039,1.7453460898764206e-10,110,11
one,40.457337445702215,2.009563626614863e-10,467,154
withdraw,40.16586521467016,2.332891657630398e-10,172,32
freedom,39.7205514396815,2.9302571480371853e-10,98,8
evidence,39.01171513476031,4.2126990784652207e-10,126,17
brutal,38.58913214191058,5.230937905054134e-10,96,8
terror,38.26387017219778,6.179626810265404e-10,81,4
soviet,38.2045696806313,6.37030650452175e-10,69,1
accountable,37.953248310943756,7.246032662777679e-10,124,17
full-scale,37.78158580587073,7.912513977359481e-10,64,0
russians,37.614952737217195,8.618129543336295e-10,68,1
moscow,36.59625712277293,1.4531046366172973e-9,89,7
court,36.53360331506043,1.5005692244329794e-9,186,40
soldiers,36.33232085736842,1.66381630695156e-9,92,8
member,35.92535480947919,2.050233094408327e-9,253,67
minister,34.799798117642034,3.6541134562639854e-9,118,17
immediately,34.17468018357341,5.038021333447773e-9,204,49
fight,34.08065603457839,5.287428939126926e-9,70,3
citizens,33.81076738683869,6.074174496717433e-9,77,5
torture,33.763709454807554,6.222895310159515e-9,84,7
deported,33.64826920147294,6.603360747092779e-9,57,0
said,32.993685728142914,9.245866627871635e-9,165,35
deportation,32.899236729760815,9.706136783194097e-9,60,1
another,32.872760463081704,9.839231540631488e-9,211,53
everything,32.77950902755824,1.0322727561629108e-8,105,14
kyiv,32.491114415229234,1.1973874558535158e-8,145,28
blatant,32.27340059738924,1.3393431808061962e-8,63,2
so-called,31.846441306768114,1.6685509751646066e-8,84,8
schools,31.675825207819262,1.8217584663027253e-8,170,38
completely,31.1670818508735,2.3674685656338568e-8,65,3
sham,31.131501467062684,2.4112631002992657e-8,57,1
entire,30.844576788769672,2.7954223491555297e-8,155,33
criminal,30.783238895257252,2.8851918076888694e-8,168,38
partners,30.639513729683415,3.107012702674439e-8,107,16
regime,29.92885030244298,4.4819407074569995e-8,59,2
atrocities,29.927342314530513,4.4854278069550446e-8,145,30
stand,29.64090829328196,5.1995933225690294e-8,168,39
choice,29.61987421168912,5.256322876956432e-8,80,8
propaganda,29.579138735864785,5.367957134350121e-8,66,4
justice,29.571433476339575,5.389338786354614e-8,203,53
kill,28.924766269187604,7.52446630558623e-8,49,0
held,28.72355344697423,8.34821950457254e-8,196,51
equipment,28.563683252052293,9.066683570591039e-8,97,14
nothing,28.242440487046448,1.0703182284910184e-7,84,10
crimea,28.17205289351807,1.109957359357594e-7,56,2
know,28.14024920449746,1.12834708798637e-7,162,38
ports,28.076027926928088,1.1664175625369921e-7,122,23
unconditionally,27.95836712189188,1.239538159891751e-7,77,8
seat,27.59741789451406,1.4937804293513324e-7,51,1
€,27.59741789451406,1.4937804293513324e-7,51,1
started,27.40628669652931,1.6489431020616507e-7,76,8
deliberately,27.27665966266484,1.7632707072223752e-7,62,4
seen,26.41200067708535,2.7582148554028407e-7,113,21
violation,25.95760654351729,3.4899759260298424e-7,167,42
terrorist,25.83122357242283,3.7261177687764047e-7,48,1
clear,25.821775209367736,3.744402190530849e-7,250,77
union,25.153740160174184,5.293688610796821e-7,150,36
temporarily,24.781626185512536,6.420659800498996e-7,54,3
heard,24.257439783895627,8.428090649825748e-7,192,54
drones,24.203290825559023,8.668403860268015e-7,53,3
baltic,24.20156994587998,8.676152760678235e-7,41,0
tribunal,24.20156994587998,8.676152760678235e-7,41,0
transferred,24.079675333827197,9.243075491660591e-7,49,2
defence,23.703821180470484,1.1235922470209658e-6,66,7
courage,23.625399549436896,1.1703250392125497e-6,52,3
illegally,23.611191962423433,1.17899783957931e-6,40,0
formula,23.549711390036762,1.217276834664105e-6,59,5
defending,23.495996151362135,1.2517399083922243e-6,48,2
committing,22.91259608177055,1.695372270793527e-6,47,2
unjustified,22.880253072446813,1.7241407169743539e-6,74,10
tons,22.21375992091611,2.4391942944346212e-6,133,32
family,22.055767483901704,2.6484271409277227e-6,63,7
authorities,21.739098317492243,3.123598132481753e-6,95,18
strike,21.50880756910713,3.5220729782681204e-6,62,7
city,21.378292863872932,3.770156632110222e-6,97,19
days,21.304092853494822,3.918938821012574e-6,170,48
attacked,21.16424945547486,4.215551754782609e-6,44,2
officials,21.16424945547486,4.215551754782609e-6,44,2
grain,21.104003643707262,4.350182914891754e-6,533,218
decided,20.989752506673838,4.617465283240918e-6,51,4
yet,20.533837643808987,5.858636872746459e-6,139,36
filtration,20.32812413258353,6.523463925600659e-6,63,8
lies,20.32812413258353,6.523463925600659e-6,63,8
truth,20.32812413258353,6.523463925600659e-6,63,8
billion,20.273993677352383,6.710656289099504e-6,66,9
defeat,20.06902465469461,7.469673850679648e-6,34,0
children,19.540709024162222,9.847851923150408e-6,837,376
european,19.480691886900836,1.0162172080052656e-5,193,60
systematic,19.41912880198642,1.0495058680892733e-5,41,2
single,19.3623612666743,1.081171070671516e-5,37,1
second,18.87569619127943,1.395189180319889e-5,97,21
wants,18.83825668374495,1.4228439996322173e-5,40,2
rape,18.693661399013443,1.5349188198898744e-5,66,10
trying,18.693661399013443,1.5349188198898744e-5,66,10
genocide,18.509942804652635,1.6902025975484847e-5,50,5
everyone,18.33059622953018,1.8570068223477953e-5,74,13
iran,18.298005665142103,1.889048277126104e-5,31,0
troops,18.0753117430212,2.123368754269883e-5,152,44
us,18.03470743141508,2.169140364627342e-5,402,160
want,17.987090441175503,2.2240816470731062e-5,175,54
self-defence,17.877354349704532,2.356080737098143e-5,42,3
accountability,17.844628184250784,2.3969496294462544e-5,170,52
waging,17.70767558146736,2.575851277963892e-5,30,0
rules-based,17.67795026309132,2.616420540635378e-5,38,2
forcibly,17.652442034150443,2.651745839155062e-5,61,9
left,17.591613416707855,2.7379313323194765e-5,107,26
shelling,17.52200493097413,2.8400162106700932e-5,94,21
foreign,17.436943709395887,2.9699717134623604e-5,124,33
deliberate,17.350772674407875,3.1077189464379096e-5,91,20
air,17.345572835384928,3.1162335686563125e-5,72,13
documented,17.30647124124442,3.1810171570612056e-5,41,3
annexation,17.133894322923712,3.4835067607597026e-5,60,9
north,17.117350287450172,3.513982068503729e-5,29,0
nation,17.098588957764843,3.548866193892053e-5,37,2
annex,17.038868772475368,3.662242273050342e-5,44,4
saw,17.038868772475368,3.662242273050342e-5,44,4
unlawful,17.038868772475368,3.662242273050342e-5,44,4
strikes,16.950870577762014,3.8359724917502724e-5,108,27
holding,16.85117323039654,4.042833038775395e-5,47,5
per,16.845796720428503,4.054302109068875e-5,144,42
rights,16.75326364482258,4.25689799609108e-5,366,145
resistance,16.736498751863138,4.294678391603135e-5,40,3
disinformation,16.726263453416188,4.3179096091972013e-5,50,6
horrific,16.726263453416188,4.3179096091972013e-5,50,6
within,16.689706315355657,4.4019202375178423e-05,169,53
strongest,16.65158392313978,4.491278939100507e-5,53,7
recognized,16.53856057817673,4.767069804456625e-5,164,51
heat,16.527029783032255,4.796146563790238e-5,28,0
attempts,16.47926923394034,4.918493827443804e-5,73,14
speak,16.453167822550654,4.9866784888719096e-5,89,20
get,16.120511463359787,5.9436803999335375e-5,52,7
world,16.062784387026234,6.127651473175622e-5,742,337
according,16.021185116323114,6.263765505731822e-5,130,37
nations,15.974587571701704,6.419848677041706e-5,1106,529
occupiers,15.936714068155313,6.549587547333147e-5,27,0
strategy,15.841469837750628,6.887631690166707e-5,31,1
borders,15.665446207732337,7.559265874446108e-5,206,71
back,15.660139173077615,7.58050787013076e-5,82,18
total,15.591344125940683,7.861364477435018e-5,57,9
bucha,15.525558581600258,8.139723246758379e-5,71,14
camps,15.364195807703531,8.865232970267645e-5,34,2
candidate,15.346403142761057,8.949113785516882e-5,26,0
hospitals,15.295443376584892,9.193801543105895e-5,104,27
cynical,15.255466991844182,9.390455107938234e-5,30,1
democracy,15.255466991844182,9.390455107938234e-5,30,1
veto,15.205710649787152,9.641142584382312e-5,62,11
told,15.111068160593733,1.0136722445497348e-4,47,6
behalf,15.052766155270398,1.0454692486694395e-4,70,14
full,15.049221351917405,1.0474345897137916e-4,217,77
now,15.017437031515387,1.0652237191299818e-4,591,262
attempt,14.925936665841762,1.1181511090807561e-4,67,13
happened,14.80729340766714,1.1907409347555742e-4,40,4
aggressive,14.7560970067912,1.2235124610793235e-4,25,0
senseless,14.57667694027522,1.3456984907167513e-4,46,6
states,14.561020109838338,1.3569268762481101e-4,369,151
destroy,14.540031300154466,1.3721272517630556e-4,49,7
million,14.531288619666388,1.3785092875895355e-4,383,158
three,14.45004610164853,1.439263335217822e-4,97,25
blocked,14.165795660187452,1.6738586330466987e-4,24,0
tried,14.165795660187452,1.6738586330466987e-4,24,0
unconscionable,14.165795660187452,1.6738586330466987e-4,24,0
republic,14.1158017011108,1.7189370113557256e-4,68,14
barbaric,14.08436928062263,1.7479029447697858e-4,28,1
navigation,14.08436928062263,1.7479029447697858e-4,28,1
referendums,13.876871629770255,1.9518570625909337e-4,78,18
perpetrators,13.822529289214831,2.0091260454879745e-4,93,24
think,13.700808428569955,2.1436219100701148e-4,38,4
instead,13.651842167597453,2.200253479822667e-4,67,14
occupation,13.643891758423926,2.2095896945717453e-4,56,10
iranian,13.575499102891532,2.2915704903003764e-4,23,0
kremlin's,13.575499102891532,2.2915704903003764e-4,23,0
lie,13.575499102891532,2.2915704903003764e-4,23,0
chamber,13.520004878663677,2.360338029209208e-4,102,28
vessels,13.514624888586566,2.367114426271577e-4,44,6
impunity,13.35101532826558,2.582827491537376e-4,69,15
united,13.333867070881599,2.6065543188003026e-4,1287,637
internationally,13.227047888411981,2.7593807131742754e-4,143,46
state,13.098640695169228,2.955101268777849e-4,178,62
ask,12.98723818028639,3.1362122362399436e-4,43,6
apartment,12.985207334845148,3.1396157153851245e-4,22,0
liberated,12.985207334845148,3.1396157153851245e-4,22,0
video,12.985207334845148,3.1396157153851245e-4,22,0
wagner,12.985207334845148,3.1396157153851245e-4,22,0
destroying,12.90174277843231,3.282763213301454e-4,60,12
war,12.769519842451622,3.523132608844737e-4,1791,915
democratic,12.601761779421437,3.853833308123944e-4,36,4
yesterday,12.567723610583398,3.924663448588994e-4,85,22
campaign,12.489387003597363,4.0927046704675174e-4,29,2
transfer,12.46700660051712,4.142033262486411e-4,45,7
cent,12.404192803207017,4.2837093806780135e-4,127,40
detention,12.39492035599002,4.3050335595729017e-4,21,0
wanted,12.330508209672848,4.4561507244855747e-4,25,1
child,12.005537743040197,5.304270430174229e-4,47,8
free,12.004915138020499,5.306042723938198e-4,66,15
thing,11.969190033131433,5.408744708236268e-4,38,5
list,11.940516192572625,5.492625951731833e-4,41,6
night,11.940516192572625,5.492625951731833e-4,41,6
deny,11.91751098843756,5.560873074724748e-4,28,2
friends,11.91751098843756,5.560873074724748e-4,28,2
journalists,11.91751098843756,5.560873074724748e-4,28,2
izyum,11.804638166267864,5.908334337370036e-4,20,0
nazi,11.804638166267864,5.908334337370036e-4,20,0
poland's,11.804638166267864,5.908334337370036e-4,20,0
tortured,11.804638166267864,5.908334337370036e-4,20,0
face,11.753572314375413,6.072657334459386e-4,116,36
chose,11.746806624146858,6.094771917909414e-4,24,1
forcible,11.746806624146858,6.094771917909414e-4,24,1
tell,11.746806624146858,6.094771917909414e-4,24,1
$,11.719402614794237,6.185180666080647e-4,73,18
europe,11.696621603499535,6.261367821269737e-4,169,60
permanent,11.650415064116588,6.418821152043286e-4,136,45
identity,11.511324907680818,6.917345633643546e-4,34,4
november,11.511324907680818,6.917345633643546e-4,34,4
parents,11.447826066510435,7.157768981812529e-4,43,7
amount,11.438177218750736,7.195033868871992e-4,37,5
else,11.346910677308912,7.557357770703321e-4,27,2
plan,11.31825753589315,7.674869960251351e-4,67,16
world's,11.298516905001602,7.756902808331301e-4,72,18
account,11.266959074049074,7.889886977731075e-4,89,25
annual,11.214360765620393,8.116676345594209e-4,19,0
gathered,11.214360765620393,8.116676345594209e-4,19,0
publicly,11.214360765620393,8.116676345594209e-4,19,0
win,11.214360765620393,8.116676345594209e-4,19,0
illegitimate,11.163659131829457,8.341523573328624e-4,23,1
proud,11.163659131829457,8.341523573328624e-4,23,1
words,11.091589184066537,8.672013673131085e-4,69,17
simple,10.969770473570488,9.261023027503645e-4,33,4
bodies,10.94318672019659,9.394844446388717e-4,42,7
attacks,10.915891905509412,9.534280169317677e-4,512,233
delivered,10.910062376001358,9.564330500116958e-4,36,5
destroyed,10.894902871286092,9.642924539841058e-4,127,42
demand,10.891073056955983,9.662883231639219e-4,53,11
society,10.889044126613376,9.673473718851966e-4,66,16
criminals,10.777722239572743,0.0010272901888705999,26,2
wrong,10.777722239572743,0.0010272901888705999,26,2
fully,10.699258915927276,0.0010717845840712004,144,50
since,10.680534103159417,0.0010826879651386623,357,154
home,10.626732449809854,0.0011146449386977286,47,9
detained,10.624088153989328,0.0011162399683348756,18,0
georgia,10.624088153989328,0.0011162399683348756,18,0
inspections,10.624088153989328,0.0011162399683348756,18,0
kilometres,10.624088153989328,0.0011162399683348756,18,0
kindergartens,10.624088153989328,0.0011162399683348756,18,0
terrorize,10.624088153989328,0.0011162399683348756,18,0
terrorizing,10.624088153989328,0.0011162399683348756,18,0
non-governmental,10.581137381003296,0.0011424734922715896,22,1
struck,10.581137381003296,0.0011424734922715896,22,1
behaviour,10.551189749094192,0.0011611332309086064,29,3
graves,10.551189749094192,0.0011611332309086064,29,3
violating,10.551189749094192,0.0011611332309086064,29,3
disregard,10.522162211122243,0.00117951397022098,44,8
hear,10.522162211122243,0.00117951397022098,44,8
last,10.510093254037608,0.0011872426366253963,242,97
doubt,10.442122639571588,0.0012317363655447444,41,7
simply,10.429306481041346,0.0012403130833821274,52,11
go,10.26658329456213,0.0013546143538168964,84,24
exported,10.210102017837709,0.001396734468496641,25,2
maritime,10.210102017837709,0.001396734468496641,25,2
tanks,10.210102017837709,0.001396734468496641,25,2
went,10.210102017837709,0.001396734468496641,25,2
morning,10.149077403986439,0.0014437347861967487,46,9
announced,10.138597763218494,0.0014519657289921994,54,12
abducted,10.03382033131639,0.0015369194376180229,17,0
eu's,10.03382033131639,0.0015369194376180229,17,0
heinous,10.03382033131639,0.0015369194376180229,17,0
intentionally,10.03382033131639,0.0015369194376180229,17,0
quote,10.03382033131639,0.0015369194376180229,17,0
russist,10.03382033131639,0.0015369194376180229,17,0
targeting,10.002788118144254,0.001563034071580982,88,26
relentless,9.999765700401644,0.0015656014340837965,28,3
nazis,9.999326046922102,0.0015659752490162493,21,1
streets,9.999326046922102,0.0015659752490162493,21,1
anyone,9.89503441348494,0.0016572535165848556,31,4
honour,9.89503441348494,0.0016572535165848556,31,4
residents,9.89503441348494,0.0016572535165848556,31,4
violate,9.89503441348494,0.0016572535165848556,31,4
behind,9.874770545336787,0.0016756049170387755,56,13
responsible,9.86879304872409,0.0016810574920604893,126,43
national,9.840896147711874,0.0017067432961932472,66,17
buildings,9.816493449113532,0.001729537759178723,48,10
condemn,9.74600141830302,0.0017971320246745748,119,40
alone,9.649743866056651,0.0018937798865577005,80,23
anything,9.644230407430477,0.001899472633336674,24,2
blocking,9.644230407430477,0.001899472633336674,24,2
mariupol,9.637234486357892,0.001906721027044811,87,26
ships,9.552444841881409,0.001996832776433921,42,8
prosecutor,9.51843487709516,0.002034179966211358,50,11
across,9.499815151860373,0.0020549259839464096,140,50
kherson,9.465674397006811,0.00209352452154965,98,31
brutality,9.450937915377736,0.0021104115535468537,27,3
reportedly,9.450937915377736,0.0021104115535468537,27,3
amounts,9.443557297543297,0.0021189211054123414,16,0
fellow,9.443557297543297,0.0021189211054123414,16,0
macedonia,9.443557297543297,0.0021189211054123414,16,0
rockets,9.443557297543297,0.0021189211054123414,16,0
stalin,9.443557297543297,0.0021189211054123414,16,0
vladimir,9.443557297543297,0.0021189211054123414,16,0
sovereign,9.432470084834042,0.002131769657914284,65,17
bravery,9.418325933470465,0.0021482755524941943,20,1
deprive,9.418325933470465,0.0021482755524941943,20,1
man,9.418325933470465,0.0021482755524941943,20,1
least,9.413898150137276,0.002153469265867236,91,28
horrors,9.37960795411037,0.002194124714681278,36,6
deportations,9.362344460290368,0.0022148865812448015,30,4
organizing,9.362344460290368,0.0022148865812448015,30,4
break,9.0803166669393,0.002583753050816484,23,2
rubble,9.0803166669393,0.002583753050816484,23,2
seeks,9.0803166669393,0.002583753050816484,23,2
sooner,9.0803166669393,0.002583753050816484,23,2
withdrawing,9.0803166669393,0.002583753050816484,23,2
bombing,9.074050466219285,0.0025926216221794363,41,8
resilience,9.06975142150207,0.002598723938605274,49,11
almost,9.038739412117499,0.0026431783538114484,99,32
massive,9.028541003698162,0.0026579654063694225,64,17
country,9.00878167925654,0.0026868546328934206,364,162
men,9.007343170637585,0.002688970220189657,54,13
wheat,9.007343170637585,0.002688970220189657,54,13
summit,8.962762308351035,0.002755379707759631,38,7
years,8.925183122624066,0.0028126515636917038,112,38
assault,8.904974477509022,0.0028439485296436473,26,3
killings,8.904974477509022,0.0028439485296436473,26,3
going,8.899665752726966,0.0028522286106049677,46,10
aggressors,8.853299052611769,0.002925596230509586,15,0
big,8.853299052611769,0.002925596230509586,15,0
desperate,8.853299052611769,0.002925596230509586,15,0
former,8.853299052611769,0.002925596230509586,15,0
idea,8.853299052611769,0.002925596230509586,15,0
kosovo,8.853299052611769,0.002925596230509586,15,0
liberation,8.853299052611769,0.002925596230509586,15,0
montenegro,8.853299052611769,0.002925596230509586,15,0
proxies,8.853299052611769,0.002925596230509586,15,0
reliable,8.853299052611769,0.002925596230509586,15,0
rocket,8.853299052611769,0.002925596230509586,15,0
courts,8.838258005321553,0.002949805685026785,19,1
cruelty,8.838258005321553,0.002949805685026785,19,1
rose,8.833150670777375,0.0029580724409445924,29,4
turned,8.833150670777375,0.0029580724409445924,29,4
zelenskyy's,8.833150670777375,0.0029580724409445924,29,4
government,8.738930196822844,0.003114872122074508,107,36
life,8.705970992996582,0.003171694273457315,98,32
lanes,8.518604931393522,0.0035153386640834894,22,2
mother,8.518604931393522,0.0035153386640834894,22,2
whole,8.370552666519202,0.003813496309657771,55,14
executions,8.362181767931332,0.0038311031138071883,25,3
bomb,8.307780361219828,0.003947560469456657,28,4
used,8.285258710160443,0.003996820983818483,90,29
federal,8.26304559646353,0.004046019421545921,14,0
girl,8.26304559646353,0.004046019421545921,14,0
imperial,8.26304559646353,0.004046019421545921,14,0
lavrov,8.26304559646353,0.004046019421545921,14,0
liberate,8.26304559646353,0.004046019421545921,14,0
madness,8.26304559646353,0.004046019421545921,14,0
terrorists,8.26304559646353,0.004046019421545921,14,0
uavs,8.26304559646353,0.004046019421545921,14,0
murder,8.25926869340778,0.004054445743790103,18,1
clearly,8.234856144520153,0.004109342940704641,62,17
donetsk,8.1784676680133,0.004239055400812042,69,20
organizations,8.170414900344461,0.004257916595719502,103,35
hold,8.050202355922293,0.004549857197336582,71,21
actions,8.009023458855273,0.00465448307679317,217,90
largest,8.002400050214698,0.004671538939028164,44,10
shelter,8.002400050214698,0.004671538939028164,44,10
blackmail,7.959381794098598,0.0047838751054419815,21,2
joining,7.959381794098598,0.0047838751054419815,21,2
kuleba,7.959381794098598,0.0047838751054419815,21,2
stopped,7.828481214699488,0.00514292962366647,41,9
barrage,7.822911557587024,0.005158802251453154,24,3
feed,7.822911557587024,0.005158802251453154,24,3
language,7.822911557587024,0.005158802251453154,24,3
perpetrated,7.822911557587024,0.005158802251453154,24,3
plans,7.822911557587024,0.005158802251453154,24,3
eight,7.816117993127376,0.00517823042961385,30,5
eyes,7.816117993127376,0.00517823042961385,30,5
hospital,7.786603082257028,0.005263506581872912,27,4
violated,7.786603082257028,0.005263506581872912,27,4
wounded,7.753550507282646,0.005360704828622498,46,11
inquiry,7.717695103955041,0.005468216471252507,77,24
arrest,7.681536968881727,0.005578863288493108,17,1
happens,7.681536968881727,0.005578863288493108,17,1
partner,7.681536968881727,0.005578863288493108,17,1
pattern,7.681536968881727,0.005578863288493108,17,1
shelled,7.681536968881727,0.005578863288493108,17,1
speaks,7.681536968881727,0.005578863288493108,17,1
waged,7.681536968881727,0.005578863288493108,17,1
never,7.639722981488426,0.0057096685227521204,146,56
carried,7.561794320337699,0.005961860442510236,43,10
moldova,7.531427780105299,0.006063183695657837,48,12
asia,7.404993117938845,0.006504309254963037,32,6
blame,7.4029859562442955,0.0065115703755947996,20,2
blockade,7.4029859562442955,0.0065115703755947996,20,2
evil,7.4029859562442955,0.0065115703755947996,20,2
old,7.4029859562442955,0.0065115703755947996,20,2
somalia,7.4029859562442955,0.0065115703755947996,20,2
tactic,7.4029859562442955,0.0065115703755947996,20,2
deliver,7.33221381620077,0.0067729582588620385,50,13
standing,7.315845260271999,0.006834924363048223,29,5
february,7.306966876099626,0.00686877698923527,111,40
late,7.287569736033947,0.006943333949916086,23,3
group,7.219937209411774,0.007209822962198076,71,22
hunger,7.121744777274966,0.007615455726579623,73,23
bosnia,7.1052839137691075,0.007685705059281678,16,1
heroic,7.1052839137691075,0.007685705059281678,16,1
monday,7.1052839137691075,0.007685705059281678,16,1
openly,7.1052839137691075,0.007685705059281678,16,1
vehicles,7.1052839137691075,0.007685705059281678,16,1
long,7.074422751343294,0.007819200800748494,150,59
flagrant,7.056726872159227,0.007896814840272603,34,7
later,6.937084626693186,0.008442660752825182,39,9
donbas,6.9244114441137095,0.008502697046073537,31,6
land,6.9036687481045025,0.008601905166699453,44,11
monitoring,6.9036687481045025,0.008601905166699453,44,11
information,6.852919551212566,0.00884965424543871,90,31
ahead,6.84982063354383,0.00886501722089783,19,2
bombed,6.84982063354383,0.00886501722089783,19,2
controlled,6.84982063354383,0.00886501722089783,19,2
ministry,6.84982063354383,0.00886501722089783,19,2
unleashed,6.84982063354383,0.00886501722089783,19,2
first,6.813222791210089,0.009048531115703362,245,107
accept,6.758560681222958,0.009329898470652243,25,4
person,6.758560681222958,0.009329898470652243,25,4
freezing,6.756627135168527,0.009340013699022154,22,3
p.m,6.756627135168527,0.009340013699022154,22,3
sure,6.756627135168527,0.009340013699022154,22,3
town,6.756627135168527,0.009340013699022154,22,3
odesa,6.725343136375438,0.009505244250124334,83,28
neighbour,6.698209639586838,0.00965097725277908,41,10
control,6.694645901592149,0.009670287307414593,74,24
envoy,6.530785880616644,0.010602310368618695,15,1
fields,6.530785880616644,0.010602310368618695,15,1
herzegovina,6.530785880616644,0.010602310368618695,15,1
hide,6.530785880616644,0.010602310368618695,15,1
memory,6.530785880616644,0.010602310368618695,15,1
soil,6.530785880616644,0.010602310368618695,15,1
stories,6.530785880616644,0.010602310368618695,15,1
overwhelming,6.500623576776093,0.010783666500346456,38,9
children's,6.48792224231336,0.010860984696421383,43,11
inflicted,6.449929255014602,0.01109567603609074,30,6
mission,6.372986606977217,0.011587042471263076,64,20
service,6.332191410981366,0.01185657239788851,27,5
village,6.313105408821044,0.011984874021880754,35,8
charter,6.304025094390743,0.012046414183731424,497,241
block,6.3003696848647115,0.012071279581642336,18,2
extraordinary,6.3003696848647115,0.012071279581642336,18,2
impose,6.3003696848647115,0.012071279581642336,18,2
invaded,6.3003696848647115,0.012071279581642336,18,2
quite,6.3003696848647115,0.012071279581642336,18,2
border,6.2759351849646725,0.012238851330831468,40,10
ago,6.27175138310446,0.012267782547155659,122,47
assembly,6.270813181384774,0.012274279900362894,183,77
aerial,6.252716829682156,0.012400297088542622,24,4
declaration,6.230633058879645,0.012555884090805325,21,3
opened,6.230633058879645,0.012555884090805325,21,3
prime,6.230633058879645,0.012555884090805325,21,3
speaking,6.230633058879645,0.012555884090805325,21,3
reality,6.222080517388053,0.012616676942931337,77,26
boy,6.164928983330639,0.013030760471653413,13,0
bravely,6.164928983330639,0.013030760471653413,13,0
cut,6.164928983330639,0.013030760471653413,13,0
deporting,6.164928983330639,0.013030760471653413,13,0
executed,6.164928983330639,0.013030760471653413,13,0
lying,6.164928983330639,0.013030760471653413,13,0
prepare,6.164928983330639,0.013030760471653413,13,0
proof,6.164928983330639,0.013030760471653413,13,0
son,6.164928983330639,0.013030760471653413,13,0
square,6.164928983330639,0.013030760471653413,13,0
staged,6.164928983330639,0.013030760471653413,13,0
wage,6.164928983330639,0.013030760471653413,13,0
leaving,6.1387504359664655,0.013225073731921722,32,7
moment,6.098011884833068,0.013533405558993072,54,16
look,5.9877468158040745,0.0144055917457111,49,14
site,5.982068953036543,0.014452039015885765,29,6
support,5.97683421927218,0.014494997875985738,648,324
10-point,5.958392915999057,0.014647386550633357,14,1
hundred,5.958392915999057,0.014647386550633357,14,1
someone,5.958392915999057,0.014647386550633357,14,1
sudan,5.958392915999057,0.014647386550633357,14,1
tactics,5.958392915999057,0.014647386550633357,14,1
units,5.958392915999057,0.014647386550633357,14,1
unspeakable,5.958392915999057,0.014647386550633357,14,1
condemned,5.874655260366196,0.01536038047011723,34,8
includes,5.874655260366196,0.01536038047011723,34,8
true,5.860523576602165,0.015484187286076256,39,10
including,5.851201553640122,0.015566419306105805,623,311
claims,5.849899149163514,0.015577943929162896,26,5
cruel,5.849899149163514,0.015577943929162896,26,5
insightful,5.849899149163514,0.015577943929162896,26,5
june,5.849899149163514,0.015577943929162896,26,5
hostage,5.755218834111459,0.016439747812694527,17,2
names,5.755218834111459,0.016439747812694527,17,2
otherwise,5.755218834111459,0.016439747812694527,17,2
arrangement,5.753131473941752,0.016459291778267326,23,4
exactly,5.753131473941752,0.016459291778267326,23,4
regular,5.753131473941752,0.016459291778267326,23,4
bears,5.7102323421774335,0.01686630695806568,20,3
culture,5.7102323421774335,0.01686630695806568,20,3
maternity,5.7102323421774335,0.01686630695806568,20,3
planning,5.7102323421774335,0.01686630695806568,20,3
reporting,5.7102323421774335,0.01686630695806568,20,3
staff,5.7102323421774335,0.01686630695806568,20,3
strength,5.7102323421774335,0.01686630695806568,20,3
joint,5.648227089135894,0.017473029183382227,36,9
andorra,5.581557854789862,0.018150570191893367,12,0
baby,5.581557854789862,0.018150570191893367,12,0
business,5.581557854789862,0.018150570191893367,12,0
hub,5.581557854789862,0.018150570191893367,12,0
invaders,5.581557854789862,0.018150570191893367,12,0
loud,5.581557854789862,0.018150570191893367,12,0
moscow's,5.581557854789862,0.018150570191893367,12,0
onto,5.581557854789862,0.018150570191893367,12,0
operators,5.581557854789862,0.018150570191893367,12,0
woman,5.581557854789862,0.018150570191893367,12,0
strong,5.528204589810491,0.018712297210424444,57,18
reduced,5.521414399686706,0.01878506455262241,28,6
unpunished,5.521414399686706,0.01878506455262241,28,6
earlier,5.514720431276325,0.01885708692203869,43,12
mass,5.4952609918110955,0.019068081384410518,79,28
act,5.427202742468866,0.019825410816456057,100,38
apply,5.388555079814778,0.020269248103083504,13,1
biggest,5.388555079814778,0.020269248103083504,13,1
breaking,5.388555079814778,0.020269248103083504,13,1
despicable,5.388555079814778,0.020269248103083504,13,1
excellent,5.388555079814778,0.020269248103083504,13,1
follows,5.388555079814778,0.020269248103083504,13,1
holodomor,5.388555079814778,0.020269248103083504,13,1
revealed,5.388555079814778,0.020269248103083504,13,1
san,5.388555079814778,0.020269248103083504,13,1
seaports,5.388555079814778,0.020269248103083504,13,1
succeed,5.388555079814778,0.020269248103083504,13,1
suspended,5.388555079814778,0.020269248103083504,13,1
unmanned,5.388555079814778,0.020269248103083504,13,1
uses,5.388555079814778,0.020269248103083504,13,1
watching,5.388555079814778,0.020269248103083504,13,1
elections,5.3782572312427694,0.020389235852596554,52,16
away,5.371505348440003,0.02046830556963042,45,13
exports,5.308494920344807,0.021221682199549563,112,44
supporting,5.283525945466689,0.02152810882315037,63,21
absolutely,5.260526195483255,0.02181442247091725,22,4
range,5.260526195483255,0.02181442247091725,22,4
course,5.215756717191893,0.022383103896962075,65,22
appalled,5.215083966069218,0.022391765648148043,16,2
credibility,5.215083966069218,0.022391765648148043,16,2
prepared,5.215083966069218,0.022391765648148043,16,2
punishment,5.215083966069218,0.022391765648148043,16,2
shot,5.215083966069218,0.022391765648148043,16,2
weaponize,5.215083966069218,0.022391765648148043,16,2
forced,5.204330131065885,0.022530695013972757,134,55
chernihiv,5.19618706281173,0.022636489811704186,19,3
feel,5.19618706281173,0.022636489811704186,19,3
sake,5.19618706281173,0.022636489811704186,19,3
kharkiv,5.153733530262173,0.023196446267259363,67,23
determined,5.068620227571108,0.024362768234227894,27,6
adoption,5.052039891567584,0.024596964055119686,37,10
sent,5.052039891567584,0.024596964055119686,37,10
station,5.020544459068373,0.025048291801497924,32,8
claiming,4.999439932866949,0.0253555222291586,11,0
contempt,4.999439932866949,0.0253555222291586,11,0
cynicism,4.999439932866949,0.0253555222291586,11,0
defenders,4.999439932866949,0.0253555222291586,11,0
denying,4.999439932866949,0.0253555222291586,11,0
discovered,4.999439932866949,0.0253555222291586,11,0
grab,4.999439932866949,0.0253555222291586,11,0
hospitality,4.999439932866949,0.0253555222291586,11,0
intimidate,4.999439932866949,0.0253555222291586,11,0
legally,4.999439932866949,0.0253555222291586,11,0
marino,4.999439932866949,0.0253555222291586,11,0
mistake,4.999439932866949,0.0253555222291586,11,0
parliament,4.999439932866949,0.0253555222291586,11,0
really,4.999439932866949,0.0253555222291586,11,0
russian-occupied,4.999439932866949,0.0253555222291586,11,0
shameful,4.999439932866949,0.0253555222291586,11,0
stealing,4.999439932866949,0.0253555222291586,11,0
striking,4.999439932866949,0.0253555222291586,11,0
thursday,4.999439932866949,0.0253555222291586,11,0
tries,4.999439932866949,0.0253555222291586,11,0
volumes,4.999439932866949,0.0253555222291586,11,0
agricultural,4.87106921810552,0.027310574039451807,102,40
civil,4.854697624331704,0.02757094601829535,55,18
colleagues,4.816528802830477,0.028188056798912786,29,7
individuals,4.816528802830477,0.028188056798912786,29,7
message,4.779332703423104,0.028803280044023327,48,15
story,4.775738028834535,0.02886347209745288,21,4
cities,4.757011598043149,0.02917916753227734,132,55
broken,4.689404456210115,0.03034916447541991,18,3
irpin,4.689404456210115,0.03034916447541991,18,3
terrorism,4.689404456210115,0.03034916447541991,18,3
thirds,4.689404456210115,0.03034916447541991,18,3
live,4.68645273211993,0.030401346945552632,50,16
erase,4.680849409015705,0.030500663530987016,15,2
intentional,4.680849409015705,0.030500663530987016,15,2
mine,4.680849409015705,0.030500663530987016,15,2
spent,4.680849409015705,0.030500663530987016,15,2
wide,4.680849409015705,0.030500663530987016,15,2
choose,4.606051761345309,0.03185930492077482,31,8
takes,4.530278372402008,0.03330020054590199,45,14
centre,4.528516022134411,0.03333451175392266,54,18
local,4.499494543079473,0.03390487409520693,67,24
attempted,4.449327424825213,0.03491499524596908,23,5
draw,4.449327424825213,0.03491499524596908,23,5
victory,4.449327424825213,0.03491499524596908,23,5
acting,4.418949742922147,0.03554190611562069,10,0
belong,4.418949742922147,0.03554190611562069,10,0
cruise,4.418949742922147,0.03554190611562069,10,0
cynically,4.418949742922147,0.03554190611562069,10,0
darkness,4.418949742922147,0.03554190611562069,10,0
except,4.418949742922147,0.03554190611562069,10,0
fake,4.418949742922147,0.03554190611562069,10,0
holocaust,4.418949742922147,0.03554190611562069,10,0
interrogated,4.418949742922147,0.03554190611562069,10,0
maiming,4.418949742922147,0.03554190611562069,10,0
monaco,4.418949742922147,0.03554190611562069,10,0
newly,4.418949742922147,0.03554190611562069,10,0
osce,4.418949742922147,0.03554190611562069,10,0
pretext,4.418949742922147,0.03554190611562069,10,0
refuse,4.418949742922147,0.03554190611562069,10,0
sevastopol,4.418949742922147,0.03554190611562069,10,0
submission,4.418949742922147,0.03554190611562069,10,0
sunflower,4.418949742922147,0.03554190611562069,10,0
tolerate,4.418949742922147,0.03554190611562069,10,0
utterly,4.418949742922147,0.03554190611562069,10,0
port,4.400543138256778,0.03592748667831802,58,20
centres,4.392887293212443,0.036089147536844446,28,7
dnipro,4.392887293212443,0.036089147536844446,28,7
kind,4.392887293212443,0.036089147536844446,28,7
came,4.299743514287829,0.038118121355510515,20,4
domestic,4.299743514287829,0.038118121355510515,20,4
hungry,4.299743514287829,0.038118121355510515,20,4
modern,4.299743514287829,0.038118121355510515,20,4
shopping,4.299743514287829,0.038118121355510515,20,4
weapon,4.276649679893725,0.03863943926008284,35,10
demanded,4.19097320489734,0.04063976110539835,17,3
listen,4.19097320489734,0.04063976110539835,17,3
western,4.19097320489734,0.04063976110539835,17,3
claim,4.189653901121101,0.040671399657239427,25,6
demonstrated,4.189653901121101,0.040671399657239427,25,6
enabled,4.189653901121101,0.040671399657239427,25,6
false,4.189653901121101,0.040671399657239427,25,6
capital,4.15362057331263,0.04154560077394864,14,2
cargo,4.15362057331263,0.04154560077394864,14,2
denial,4.15362057331263,0.04154560077394864,14,2
inspection,4.15362057331263,0.04154560077394864,14,2
opposite,4.15362057331263,0.04154560077394864,14,2
talk,4.15362057331263,0.04154560077394864,14,2
values,4.10046408657013,0.0428714442235516,46,15
sobering,4.039544239236707,0.0444458234502807,32,9
october,4.033414715140538,0.04460756639734209,39,12
everywhere,4.000761766901892,0.04547970452524186,22,5
moral,4.000761766901892,0.04547970452524186,22,5
unwavering,3.9351343468744906,0.04728736329663552,41,13
five,3.928320208443324,0.04747934770171047,65,24
hit,3.898805820688681,0.048320442592007073,52,18
death,3.8415844545114717,0.04999625381556294,71,27
abductions,3.840628266057271,0.0500247731741299,9,0
accomplices,3.840628266057271,0.0500247731741299,9,0
arrived,3.840628266057271,0.0500247731741299,9,0
ballistic,3.840628266057271,0.0500247731741299,9,0
biden,3.840628266057271,0.0500247731741299,9,0
car,3.840628266057271,0.0500247731741299,9,0
chambers,3.840628266057271,0.0500247731741299,9,0
chooses,3.840628266057271,0.0500247731741299,9,0
convince,3.840628266057271,0.0500247731741299,9,0
defiance,3.840628266057271,0.0500247731741299,9,0
denies,3.840628266057271,0.0500247731741299,9,0
front-line,3.840628266057271,0.0500247731741299,9,0
hell,3.840628266057271,0.0500247731741299,9,0
intends,3.840628266057271,0.0500247731741299,9,0
investigators,3.840628266057271,0.0500247731741299,9,0
literally,3.840628266057271,0.0500247731741299,9,0
nazism,3.840628266057271,0.0500247731741299,9,0
nightmare,3.840628266057271,0.0500247731741299,9,0
nuremberg,3.840628266057271,0.0500247731741299,9,0
oblast,3.840628266057271,0.0500247731741299,9,0
orphanages,3.840628266057271,0.0500247731741299,9,0
passports,3.840628266057271,0.0500247731741299,9,0
playbook,3.840628266057271,0.0500247731741299,9,0
pre-war,3.840628266057271,0.0500247731741299,9,0
prohibitions,3.840628266057271,0.0500247731741299,9,0
prosecute,3.840628266057271,0.0500247731741299,9,0
pure,3.840628266057271,0.0500247731741299,9,0
says,3.840628266057271,0.0500247731741299,9,0
shells,3.840628266057271,0.0500247731741299,9,0
sowing,3.840628266057271,0.0500247731741299,9,0
stores,3.840628266057271,0.0500247731741299,9,0
anywhere,3.833689025239806,0.050232259323223394,19,4
carrying,3.833689025239806,0.050232259323223394,19,4
chosen,3.833689025239806,0.050232259323223394,19,4
desperately,3.833689025239806,0.050232259323223394,19,4
die,3.833689025239806,0.050232259323223394,19,4
nine,3.833689025239806,0.050232259323223394,19,4
river,3.833689025239806,0.050232259323223394,19,4
hours,3.8055851549168174,0.051081924209927965,29,8
inhumane,3.8055851549168174,0.051081924209927965,29,8
targets,3.7981683704115334,0.05130868089056395,56,20
allowed,3.7858131330542424,0.05168879010141514,36,11
understand,3.7858131330542424,0.05168879010141514,36,11
called,3.7787351263071747,0.05190788614704123,77,30
discussion,3.7652555900185662,0.05232786022904601,24,6
discussed,3.7022111877314283,0.054340409508646825,16,3
heavily,3.7022111877314283,0.054340409508646825,16,3
inherent,3.7022111877314283,0.054340409508646825,16,3
looking,3.7022111877314283,0.054340409508646825,16,3
include,3.6850959178363554,0.0549008137259035,38,12
level,3.660898388769001,0.0557035895267769,31,9
deal,3.648092090868687,0.056133479902101824,49,17
bound,3.6435927148951555,0.056285352334475736,12,1
café,3.6435927148951555,0.056285352334475736,12,1
designed,3.6435927148951555,0.056285352334475736,12,1
dreams,3.6435927148951555,0.056285352334475736,12,1
exercising,3.6435927148951555,0.056285352334475736,12,1
lands,3.6435927148951555,0.056285352334475736,12,1
map,3.6435927148951555,0.056285352334475736,12,1
premeditated,3.6435927148951555,0.056285352334475736,12,1
seized,3.6435927148951555,0.056285352334475736,12,1
terminate,3.6435927148951555,0.056285352334475736,12,1
choosing,3.634797645433712,0.056583482618707825,13,2
diplomats,3.634797645433712,0.056583482618707825,13,2
press,3.634797645433712,0.056583482618707825,13,2
raped,3.634797645433712,0.056583482618707825,13,2
read,3.634797645433712,0.056583482618707825,13,2
resist,3.634797645433712,0.056583482618707825,13,2
running,3.634797645433712,0.056583482618707825,13,2
weaponization,3.634797645433712,0.056583482618707825,13,2
failed,3.5978641103731905,0.05785385660109488,40,13
leave,3.5605763631085967,0.05916719148365057,72,28
dead,3.5389679618055645,0.05994274726068294,33,10
part,3.5357962105647136,0.06005749272300953,132,58
using,3.508552465510323,0.06105277686800592,55,20
hundreds,3.3851851013298546,0.06578479192783648,63,24
icc,3.378929366624404,0.06603493808948546,18,4
register,3.378929366624404,0.06603493808948546,18,4
religious,3.378929366624404,0.06603493808948546,18,4
next,3.3625523706145937,0.06669462337898402,65,25
died,3.35230029919231,0.06711116985294896,23,6
intention,3.35230029919231,0.06711116985294896,23,6
solidarity,3.3468257399918646,0.06733474165657649,131,58
currently,3.34665751143503,0.06734162442222491,37,12
aim,3.293109429970326,0.06957115453577822,30,9
issued,3.293109429970326,0.06957115453577822,30,9
remember,3.293109429970326,0.06957115453577822,30,9
activists,3.2652869739541788,0.07076064090426326,8,0
aligns,3.2652869739541788,0.07076064090426326,8,0
assisting,3.2652869739541788,0.07076064090426326,8,0
average,3.2652869739541788,0.07076064090426326,8,0
celebrating,3.2652869739541788,0.07076064090426326,8,0
confinement,3.2652869739541788,0.07076064090426326,8,0
destination,3.2652869739541788,0.07076064090426326,8,0
fodder,3.2652869739541788,0.07076064090426326,8,0
footage,3.2652869739541788,0.07076064090426326,8,0
genocidal,3.2652869739541788,0.07076064090426326,8,0
hinder,3.2652869739541788,0.07076064090426326,8,0
honoured,3.2652869739541788,0.07076064090426326,8,0
house,3.2652869739541788,0.07076064090426326,8,0
hysteria,3.2652869739541788,0.07076064090426326,8,0
imperialist,3.2652869739541788,0.07076064090426326,8,0
incredible,3.2652869739541788,0.07076064090426326,8,0
interview,3.2652869739541788,0.07076064090426326,8,0
jewish,3.2652869739541788,0.07076064090426326,8,0
jews,3.2652869739541788,0.07076064090426326,8,0
justifying,3.2652869739541788,0.07076064090426326,8,0
looting,3.2652869739541788,0.07076064090426326,8,0
manipulation,3.2652869739541788,0.07076064090426326,8,0
notorious,3.2652869739541788,0.07076064090426326,8,0
republics,3.2652869739541788,0.07076064090426326,8,0
sirens,3.2652869739541788,0.07076064090426326,8,0
societies,3.2652869739541788,0.07076064090426326,8,0
utter,3.2652869739541788,0.07076064090426326,8,0
bank,3.2247291455518057,0.07253379496254131,15,3
breaches,3.2247291455518057,0.07253379496254131,15,3
donors,3.2247291455518057,0.07253379496254131,15,3
horrible,3.2247291455518057,0.07253379496254131,15,3
irresponsible,3.2247291455518057,0.07253379496254131,15,3
isolated,3.2247291455518057,0.07253379496254131,15,3
ship,3.2247291455518057,0.07253379496254131,15,3
struggle,3.2247291455518057,0.07253379496254131,15,3
watch,3.2247291455518057,0.07253379496254131,15,3
york,3.2247291455518057,0.07253379496254131,15,3
estimates,3.18447482341215,0.07434088213361889,25,7
friday,3.18447482341215,0.07434088213361889,25,7
heart,3.18447482341215,0.07434088213361889,25,7
name,3.18447482341215,0.07434088213361889,25,7
routes,3.18447482341215,0.07434088213361889,25,7
luhansk,3.147072884651036,0.07606329555024938,43,15
adults,3.1261808651475156,0.07704403359499057,12,2
became,3.1261808651475156,0.07704403359499057,12,2
entered,3.1261808651475156,0.07704403359499057,12,2
expert,3.1261808651475156,0.07704403359499057,12,2
happy,3.1261808651475156,0.07704403359499057,12,2
hardly,3.1261808651475156,0.07704403359499057,12,2
indiscriminately,3.1261808651475156,0.07704403359499057,12,2
initiated,3.1261808651475156,0.07704403359499057,12,2
instance,3.1261808651475156,0.07704403359499057,12,2
invade,3.1261808651475156,0.07704403359499057,12,2
keeps,3.1261808651475156,0.07704403359499057,12,2
minutes,3.1261808651475156,0.07704403359499057,12,2
narrative,3.1261808651475156,0.07704403359499057,12,2
outrageous,3.1261808651475156,0.07704403359499057,12,2
reporters,3.1261808651475156,0.07704403359499057,12,2
ambitions,3.115164882717447,0.07756662798448,11,1
celebrate,3.115164882717447,0.07756662798448,11,1
chernomorsk,3.115164882717447,0.07756662798448,11,1
damages,3.115164882717447,0.07756662798448,11,1
explosion,3.115164882717447,0.07756662798448,11,1
legitimize,3.115164882717447,0.07756662798448,11,1
mined,3.115164882717447,0.07756662798448,11,1
projects,3.115164882717447,0.07756662798448,11,1
proves,3.115164882717447,0.07756662798448,11,1
railway,3.115164882717447,0.07756662798448,11,1
registered,3.115164882717447,0.07756662798448,11,1
resorted,3.115164882717447,0.07756662798448,11,1
shocked,3.115164882717447,0.07756662798448,11,1
solely,3.115164882717447,0.07756662798448,11,1
stolen,3.115164882717447,0.07756662798448,11,1
supposed,3.115164882717447,0.07756662798448,11,1
reported,3.077174022714301,0.0793983727796661,68,27
funding,3.0485730136550746,0.08080811483750683,27,8
record,3.0485730136550746,0.08080811483750683,27,8
victim,3.0485730136550746,0.08080811483750683,27,8
commission,3.0264548672996674,0.081916820515883,90,38
created,3.0159413755421838,0.08244957069005054,49,18
artillery,2.9520135533605005,0.08577063160582987,22,6
contributing,2.9520135533605005,0.08577063160582987,22,6
horror,2.9520135533605005,0.08577063160582987,22,6
inflicting,2.9520135533605005,0.08577063160582987,22,6
inside,2.9520135533605005,0.08577063160582987,22,6
threatening,2.9520135533605005,0.08577063160582987,22,6
accepted,2.937077401469318,0.08656723430169888,17,4
attempting,2.937077401469318,0.08656723430169888,17,4
brave,2.937077401469318,0.08656723430169888,17,4
letter,2.937077401469318,0.08656723430169888,17,4
spoke,2.937077401469318,0.08656723430169888,17,4
agreed,2.937034107706405,0.08656955493089147,29,9
keep,2.9071479321813953,0.0881877011468748,57,22
federation,2.869057638044947,0.09029772802595315,264,130
felt,2.84840668507563,0.09146454198298282,42,15
confirmed,2.8445102493703005,0.09168652752735129,31,10
special,2.8440829457884766,0.0917109072073724,134,61
decision,2.828590941217222,0.09259957263731122,69,28
providing,2.8098324847520932,0.09368815826682708,83,35
credible,2.8066711505688287,0.09387298228565699,44,16
goes,2.8058673381297896,0.09392003953119832,24,7
shocking,2.8058673381297896,0.09392003953119832,24,7
suspend,2.8058673381297896,0.09392003953119832,24,7
conference,2.7706631427083455,0.09600637977035731,46,17
middle,2.7706631427083455,0.09600637977035731,46,17
constitutes,2.767112088690608,0.09621961477229346,33,11
towns,2.767112088690608,0.09621961477229346,33,11
exporting,2.760516817056179,0.09661702042914344,14,3
hague,2.760516817056179,0.09661702042914344,14,3
warrants,2.760516817056179,0.09661702042914344,14,3
operation,2.7396016962268024,0.0978891631607186,48,18
align,2.7259362976180697,0.09873020860688475,19,5
body,2.7259362976180697,0.09873020860688475,19,5
imposed,2.7259362976180697,0.09873020860688475,19,5
private,2.7259362976180697,0.09873020860688475,19,5
unjustifiable,2.7259362976180697,0.09873020860688475,19,5
future,2.7131119722285817,0.09952666603358629,112,50
set,2.712841665906167,0.09954352876015338,50,19
administration,2.694201036431949,0.1007139627236936,7,0
airspace,2.694201036431949,0.1007139627236936,7,0
allegedly,2.694201036431949,0.1007139627236936,7,0
announcing,2.694201036431949,0.1007139627236936,7,0
blew,2.694201036431949,0.1007139627236936,7,0
compensation,2.694201036431949,0.1007139627236936,7,0
concentration,2.694201036431949,0.1007139627236936,7,0
courageously,2.694201036431949,0.1007139627236936,7,0
crystal,2.694201036431949,0.1007139627236936,7,0
dictator,2.694201036431949,0.1007139627236936,7,0
dream,2.694201036431949,0.1007139627236936,7,0
enemy,2.694201036431949,0.1007139627236936,7,0
expertise,2.694201036431949,0.1007139627236936,7,0
explained,2.694201036431949,0.1007139627236936,7,0
extrajudicial,2.694201036431949,0.1007139627236936,7,0
father,2.694201036431949,0.1007139627236936,7,0
flight,2.694201036431949,0.1007139627236936,7,0
gunpoint,2.694201036431949,0.1007139627236936,7,0
hitler,2.694201036431949,0.1007139627236936,7,0
infamous,2.694201036431949,0.1007139627236936,7,0
job,2.694201036431949,0.1007139627236936,7,0
justified,2.694201036431949,0.1007139627236936,7,0
kidnapping,2.694201036431949,0.1007139627236936,7,0
kindergarten,2.694201036431949,0.1007139627236936,7,0
macron,2.694201036431949,0.1007139627236936,7,0
management,2.694201036431949,0.1007139627236936,7,0
maria,2.694201036431949,0.1007139627236936,7,0
obstacle,2.694201036431949,0.1007139627236936,7,0
relentlessly,2.694201036431949,0.1007139627236936,7,0
repression,2.694201036431949,0.1007139627236936,7,0
sabre-rattling,2.694201036431949,0.1007139627236936,7,0
shahed,2.694201036431949,0.1007139627236936,7,0
stepped,2.694201036431949,0.1007139627236936,7,0
straight,2.694201036431949,0.1007139627236936,7,0
subjugate,2.694201036431949,0.1007139627236936,7,0
twice,2.694201036431949,0.1007139627236936,7,0
unit,2.694201036431949,0.1007139627236936,7,0
unlike,2.694201036431949,0.1007139627236936,7,0
vehicle,2.694201036431949,0.1007139627236936,7,0
volume,2.694201036431949,0.1007139627236936,7,0
whoever,2.694201036431949,0.1007139627236936,7,0
wrote,2.694201036431949,0.1007139627236936,7,0
less,2.6701613890630007,0.10224565493702542,54,21
homes,2.6614357914130746,0.10280789465431539,131,60
investigation,2.617695270397596,0.10567783164162425,62,25
show,2.617695270397596,0.10567783164162425,62,25
change,2.6098329744154167,0.1062029475888161,64,26
history,2.6098329744154167,0.1062029475888161,64,26
assaults,2.5979776015468454,0.10700017688270036,10,1
begins,2.5979776015468454,0.10700017688270036,10,1
bloodshed,2.5979776015468454,0.10700017688270036,10,1
hearing,2.5979776015468454,0.10700017688270036,10,1
jurisdictions,2.5979776015468454,0.10700017688270036,10,1
meant,2.5979776015468454,0.10700017688270036,10,1
police,2.5979776015468454,0.10700017688270036,10,1
product,2.5979776015468454,0.10700017688270036,10,1
regain,2.5979776015468454,0.10700017688270036,10,1
silos,2.5979776015468454,0.10700017688270036,10,1
sitting,2.5979776015468454,0.10700017688270036,10,1
store,2.5979776015468454,0.10700017688270036,10,1
union's,2.5979776015468454,0.10700017688270036,10,1
famine,2.593621787915829,0.1072947365057274,28,9
repeat,2.593621787915829,0.1072947365057274,28,9
storage,2.593621787915829,0.1072947365057274,28,9
august,2.565802436467444,0.109197136656488,21,6
tribute,2.565802436467444,0.109197136656488,21,6
gender-based,2.560159548206693,0.1095875232499468,41,15
media,2.560159548206693,0.1095875232499468,41,15
organization,2.533482362709654,0.11145400161551922,111,50
drone,2.515515622385187,0.11273075515225439,30,10
proposed,2.515515622385187,0.11273075515225439,30,10
feasible,2.5100685654194383,0.11312100984949502,16,4
knows,2.5100685654194383,0.11312100984949502,16,4
mykolayiv,2.5100685654194383,0.11312100984949502,16,4
violates,2.5100685654194383,0.11312100984949502,16,4
terrible,2.472926208621847,0.11582211685320387,47,18
enough,2.4522273637209233,0.11735823281529922,49,19
might,2.4508749290552583,0.11745938105578013,32,11
try,2.4508749290552583,0.11745938105578013,32,11
hatred,2.4413737795056107,0.11817269176861434,23,7
known,2.4413737795056107,0.11817269176861434,23,7
ones,2.397065246632099,0.12156311356832772,34,12
devastating,2.386412711618516,0.12239420314763105,77,33
start,2.346265451835693,0.12558354332728672,108,49
enshrined,2.342912665867347,0.12585403979970788,25,8
yemen,2.342912665867347,0.12585403979970788,25,8
joined,2.329751843285713,0.12692210946327864,18,5
kremenchuk,2.329751843285713,0.12692210946327864,18,5
prosecution,2.329751843285713,0.12692210946327864,18,5
example,2.314440832380657,0.12817738644707433,38,14
alive,2.312061375631255,0.12837370459995212,13,3
arbitrary,2.312061375631255,0.12837370459995212,13,3
determine,2.312061375631255,0.12837370459995212,13,3
lived,2.312061375631255,0.12837370459995212,13,3
operate,2.312061375631255,0.12837370459995212,13,3
referendum,2.312061375631255,0.12837370459995212,13,3
referred,2.312061375631255,0.12837370459995212,13,3
roads,2.312061375631255,0.12837370459995212,13,3
teachers,2.312061375631255,0.12837370459995212,13,3
unilaterally,2.312061375631255,0.12837370459995212,13,3
west,2.312061375631255,0.12837370459995212,13,3
withdrawal,2.2828995252429545,0.13080712459878274,40,15
corridor,2.263927321647954,0.13241787106031233,27,9
organized,2.263927321647954,0.13241787106031233,27,9
similar,2.263927321647954,0.13241787106031233,27,9
ambassador,2.2565245337545687,0.13305236610452575,42,16
different,2.2565245337545687,0.13305236610452575,42,16
unfortunately,2.23455368070931,0.13495558823959997,44,17
secretary,2.22446996335972,0.13583926747319963,86,38
mechanism,2.2163676971302135,0.13655399753130504,46,18
impossible,2.1952905069193878,0.13843310758928884,20,6
mobilized,2.1952905069193878,0.13843310758928884,20,6
reject,2.1952905069193878,0.13843310758928884,20,6
sole,2.1952905069193878,0.13843310758928884,20,6
waiting,2.1952905069193878,0.13843310758928884,20,6
wave,2.1952905069193878,0.13843310758928884,20,6
acts,2.185279168028417,0.13933579788137085,76,33
prisoners,2.167121039367515,0.14098996620683124,56,23
report,2.1656995428245978,0.14112038960891815,68,29
investigate,2.147690808591334,0.1427845004060041,31,11
10-year-old,2.129495736561224,0.14448828230082644,6,0
aided,2.129495736561224,0.14448828230082644,6,0
aircraft,2.129495736561224,0.14448828230082644,6,0
airlines,2.129495736561224,0.14448828230082644,6,0
apparently,2.129495736561224,0.14448828230082644,6,0
appeared,2.129495736561224,0.14448828230082644,6,0
appeasement,2.129495736561224,0.14448828230082644,6,0
borodyanka,2.129495736561224,0.14448828230082644,6,0
bread,2.129495736561224,0.14448828230082644,6,0
brigade,2.129495736561224,0.14448828230082644,6,0
brother,2.129495736561224,0.14448828230082644,6,0
budget,2.129495736561224,0.14448828230082644,6,0
burned,2.129495736561224,0.14448828230082644,6,0
cars,2.129495736561224,0.14448828230082644,6,0
chechnya,2.129495736561224,0.14448828230082644,6,0
commemorated,2.129495736561224,0.14448828230082644,6,0
conspiracy,2.129495736561224,0.14448828230082644,6,0
cruelly,2.129495736561224,0.14448828230082644,6,0
denys,2.129495736561224,0.14448828230082644,6,0
describe,2.129495736561224,0.14448828230082644,6,0
differently,2.129495736561224,0.14448828230082644,6,0
directing,2.129495736561224,0.14448828230082644,6,0
dropped,2.129495736561224,0.14448828230082644,6,0
economically,2.129495736561224,0.14448828230082644,6,0
egregious,2.129495736561224,0.14448828230082644,6,0
eloquently,2.129495736561224,0.14448828230082644,6,0
empire,2.129495736561224,0.14448828230082644,6,0
escalated,2.129495736561224,0.14448828230082644,6,0
feeding,2.129495736561224,0.14448828230082644,6,0
fell,2.129495736561224,0.14448828230082644,6,0
fill,2.129495736561224,0.14448828230082644,6,0
financially,2.129495736561224,0.14448828230082644,6,0
flooded,2.129495736561224,0.14448828230082644,6,0
france's,2.129495736561224,0.14448828230082644,6,0
freeze,2.129495736561224,0.14448828230082644,6,0
hypocrisy,2.129495736561224,0.14448828230082644,6,0
icrc,2.129495736561224,0.14448828230082644,6,0
ignoring,2.129495736561224,0.14448828230082644,6,0
intentions,2.129495736561224,0.14448828230082644,6,0
invader,2.129495736561224,0.14448828230082644,6,0
iran's,2.129495736561224,0.14448828230082644,6,0
letters,2.129495736561224,0.14448828230082644,6,0
lvova-belova,2.129495736561224,0.14448828230082644,6,0
maybe,2.129495736561224,0.14448828230082644,6,0
mh-17,2.129495736561224,0.14448828230082644,6,0
mockery,2.129495736561224,0.14448828230082644,6,0
morale,2.129495736561224,0.14448828230082644,6,0
obstruction,2.129495736561224,0.14448828230082644,6,0
occupies,2.129495736561224,0.14448828230082644,6,0
permitted,2.129495736561224,0.14448828230082644,6,0
piece,2.129495736561224,0.14448828230082644,6,0
plain,2.129495736561224,0.14448828230082644,6,0
plunge,2.129495736561224,0.14448828230082644,6,0
prompted,2.129495736561224,0.14448828230082644,6,0
prosecutors,2.129495736561224,0.14448828230082644,6,0
provocations,2.129495736561224,0.14448828230082644,6,0
records,2.129495736561224,0.14448828230082644,6,0
resorts,2.129495736561224,0.14448828230082644,6,0
roughly,2.129495736561224,0.14448828230082644,6,0
ruined,2.129495736561224,0.14448828230082644,6,0
senses,2.129495736561224,0.14448828230082644,6,0
socialist,2.129495736561224,0.14448828230082644,6,0
somehow,2.129495736561224,0.14448828230082644,6,0
symbolic,2.129495736561224,0.14448828230082644,6,0
terminals,2.129495736561224,0.14448828230082644,6,0
transformers,2.129495736561224,0.14448828230082644,6,0
trials,2.129495736561224,0.14448828230082644,6,0
troubling,2.129495736561224,0.14448828230082644,6,0
unlawfully,2.129495736561224,0.14448828230082644,6,0
usual,2.129495736561224,0.14448828230082644,6,0
volunteer,2.129495736561224,0.14448828230082644,6,0
widest,2.129495736561224,0.14448828230082644,6,0
zaporizhzhia,2.129495736561224,0.14448828230082644,6,0
£,2.129495736561224,0.14448828230082644,6,0
week,2.1271067769000758,0.1447136790525465,139,66
elsewhere,2.1048752621401916,0.14683031635679544,33,12
entitled,2.100245754267689,0.14727546564472616,15,4
ordered,2.100245754267689,0.14727546564472616,15,4
saying,2.100245754267689,0.14727546564472616,15,4
successful,2.100245754267689,0.14727546564472616,15,4
waters,2.100245754267689,0.14727546564472616,15,4
attend,2.0954016000917735,0.1477428855334939,9,1
blatantly,2.0954016000917735,0.1477428855334939,9,1
danube,2.0954016000917735,0.1477428855334939,9,1
dozen,2.0954016000917735,0.1477428855334939,9,1
german,2.0954016000917735,0.1477428855334939,9,1
ignore,2.0954016000917735,0.1477428855334939,9,1
massacre,2.0954016000917735,0.1477428855334939,9,1
mykolaiv,2.0954016000917735,0.1477428855334939,9,1
occupy,2.0954016000917735,0.1477428855334939,9,1
russian-controlled,2.0954016000917735,0.1477428855334939,9,1
solemn,2.0954016000917735,0.1477428855334939,9,1
stops,2.0954016000917735,0.1477428855334939,9,1
stronger,2.0954016000917735,0.1477428855334939,9,1
surrender,2.0954016000917735,0.1477428855334939,9,1
television,2.0954016000917735,0.1477428855334939,9,1
transferring,2.0954016000917735,0.1477428855334939,9,1
accounts,2.0924537134477257,0.14802815119624502,22,7
mobilization,2.0924537134477257,0.14802815119624502,22,7
prohibited,2.0924537134477257,0.14802815119624502,22,7
approximately,2.06971118267426,0.1502499724214037,35,13
april,2.06971118267426,0.1502499724214037,35,13
policy,2.06971118267426,0.1502499724214037,35,13
seven,2.06971118267426,0.1502499724214037,35,13
survivors,2.0408483903397556,0.1531242235631579,37,14
thousands,2.0347689370525104,0.15373754594370304,144,69
resolutions,1.970407694374556,0.16040459415862696,45,18
historic,1.9512128676823184,0.16245621261979148,17,5
implications,1.9512128676823184,0.16245621261979148,17,5
launch,1.9512128676823184,0.16245621261979148,17,5
mark,1.9512128676823184,0.16245621261979148,17,5
bombs,1.9491261143644378,0.16268105135346878,26,9
hard,1.89879141746373,0.1682136602700901,28,10
implement,1.89879141746373,0.1682136602700901,28,10
come,1.8869477765047808,0.16954658423758096,88,40
briefer,1.882513240915735,0.1700487762591797,12,3
deeds,1.882513240915735,0.1700487762591797,12,3
expand,1.882513240915735,0.1700487762591797,12,3
french,1.882513240915735,0.1700487762591797,12,3
hour,1.882513240915735,0.1700487762591797,12,3
rashevska,1.882513240915735,0.1700487762591797,12,3
ruins,1.882513240915735,0.1700487762591797,12,3
stark,1.882513240915735,0.1700487762591797,12,3
warm,1.882513240915735,0.1700487762591797,12,3
written,1.882513240915735,0.1700487762591797,12,3
upcoming,1.8423610924769027,0.17467446473161163,19,6
force,1.8301985131149567,0.17610409990597964,120,57
gross,1.8262381168460242,0.17657252734864648,32,12
injured,1.8048478975077105,0.17912751092211288,74,33
demonstrate,1.800430396113064,0.17966047079603387,34,13
tragedy,1.800430396113064,0.17966047079603387,34,13
general,1.7867975185191167,0.18131684078826593,334,174
actually,1.7814559437714585,0.1819706465207085,11,2
collection,1.7814559437714585,0.1819706465207085,11,2
cover,1.7814559437714585,0.1819706465207085,11,2
documents,1.7814559437714585,0.1819706465207085,11,2
dying,1.7814559437714585,0.1819706465207085,11,2
grounds,1.7814559437714585,0.1819706465207085,11,2
hardship,1.7814559437714585,0.1819706465207085,11,2
ignored,1.7814559437714585,0.1819706465207085,11,2
individual,1.7814559437714585,0.1819706465207085,11,2
injuring,1.7814559437714585,0.1819706465207085,11,2
interested,1.7814559437714585,0.1819706465207085,11,2
planned,1.7814559437714585,0.1819706465207085,11,2
unique,1.7814559437714585,0.1819706465207085,11,2
latest,1.7799270404964571,0.18215828569919146,36,14
took,1.7799270404964571,0.18215828569919146,36,14
school,1.7638273847909076,0.1841478373191432,38,15
document,1.760775215288021,0.18452785158393725,21,7
january,1.760775215288021,0.18452785158393725,21,7
undermines,1.760775215288021,0.18452785158393725,21,7
legal,1.7455850086363638,0.18643272231865016,60,26
continue,1.7402885881172927,0.18710226487567305,507,271
members,1.7332204875698245,0.18800013354755285,252,129
july,1.7318034369938846,0.1881807457680147,54,23
cases,1.7312721399440196,0.18824851504214013,46,19
firmly,1.7312721399440196,0.18824851504214013,46,19
institution,1.7104725073294873,0.19092407656793253,14,4
kramatorsk,1.7104725073294873,0.19092407656793253,14,4
preparing,1.7104725073294873,0.19092407656793253,14,4
run,1.7104725073294873,0.19092407656793253,14,4
shipments,1.7104725073294873,0.19092407656793253,14,4
violations,1.6909537804207133,0.19347528763791233,206,104
stations,1.650531854529287,0.19888655830948165,25,9
together,1.619274943893426,0.20319291593896815,126,61
every,1.6158541259980823,0.20367084090319687,229,117
outside,1.6132916059798132,0.20402972033224986,27,10
annexations,1.612305708734742,0.20416799317084056,8,1
autonomous,1.612305708734742,0.20416799317084056,8,1
cannon,1.612305708734742,0.20416799317084056,8,1
corn,1.612305708734742,0.20416799317084056,8,1
documenting,1.612305708734742,0.20416799317084056,8,1
echoes,1.612305708734742,0.20416799317084056,8,1
election,1.612305708734742,0.20416799317084056,8,1
enforced,1.612305708734742,0.20416799317084056,8,1
enforcement,1.612305708734742,0.20416799317084056,8,1
friend,1.612305708734742,0.20416799317084056,8,1
lower,1.612305708734742,0.20416799317084056,8,1
malnutrition,1.612305708734742,0.20416799317084056,8,1
odesa's,1.612305708734742,0.20416799317084056,8,1
optional,1.612305708734742,0.20416799317084056,8,1
overwhelmingly,1.612305708734742,0.20416799317084056,8,1
pictures,1.612305708734742,0.20416799317084056,8,1
please,1.612305708734742,0.20416799317084056,8,1
prosecuted,1.612305708734742,0.20416799317084056,8,1
punished,1.612305708734742,0.20416799317084056,8,1
reprehensible,1.612305708734742,0.20416799317084056,8,1
shield,1.612305708734742,0.20416799317084056,8,1
sky,1.612305708734742,0.20416799317084056,8,1
trial,1.612305708734742,0.20416799317084056,8,1
untold,1.612305708734742,0.20416799317084056,8,1
azovstal,1.5928394693214416,0.20692092153955466,16,5
declared,1.5928394693214416,0.20692092153955466,16,5
existence,1.5928394693214416,0.20692092153955466,16,5
expect,1.5928394693214416,0.20692092153955466,16,5
gas,1.5928394693214416,0.20692092153955466,16,5
hands,1.5928394693214416,0.20692092153955466,16,5
harsh,1.5928394693214416,0.20692092153955466,16,5
imagine,1.5928394693214416,0.20692092153955466,16,5
invading,1.5928394693214416,0.20692092153955466,16,5
mobile,1.5928394693214416,0.20692092153955466,16,5
personal,1.5928394693214416,0.20692092153955466,16,5
restored,1.5928394693214416,0.20692092153955466,16,5
constitute,1.5911845827237672,0.20715697162184932,67,30
6-year-old,1.5749965839157785,0.2094828697903961,5,0
acted,1.5749965839157785,0.2094828697903961,5,0
air-raid,1.5749965839157785,0.2094828697903961,5,0
appointed,1.5749965839157785,0.2094828697903961,5,0
argument,1.5749965839157785,0.2094828697903961,5,0
artém,1.5749965839157785,0.2094828697903961,5,0
association,1.5749965839157785,0.2094828697903961,5,0
awaiting,1.5749965839157785,0.2094828697903961,5,0
bad,1.5749965839157785,0.2094828697903961,5,0
bigger,1.5749965839157785,0.2094828697903961,5,0
borrell,1.5749965839157785,0.2094828697903961,5,0
carries,1.5749965839157785,0.2094828697903961,5,0
ceasing,1.5749965839157785,0.2094828697903961,5,0
celebrated,1.5749965839157785,0.2094828697903961,5,0
chartered,1.5749965839157785,0.2094828697903961,5,0
civilized,1.5749965839157785,0.2094828697903961,5,0
coalition,1.5749965839157785,0.2094828697903961,5,0
communicate,1.5749965839157785,0.2094828697903961,5,0
conceal,1.5749965839157785,0.2094828697903961,5,0
confession,1.5749965839157785,0.2094828697903961,5,0
convicted,1.5749965839157785,0.2094828697903961,5,0
cowardly,1.5749965839157785,0.2094828697903961,5,0
crew,1.5749965839157785,0.2094828697903961,5,0
crowded,1.5749965839157785,0.2094828697903961,5,0
de-occupation,1.5749965839157785,0.2094828697903961,5,0
deemed,1.5749965839157785,0.2094828697903961,5,0
defeated,1.5749965839157785,0.2094828697903961,5,0
democratically,1.5749965839157785,0.2094828697903961,5,0
denounced,1.5749965839157785,0.2094828697903961,5,0
depravity,1.5749965839157785,0.2094828697903961,5,0
detentions,1.5749965839157785,0.2094828697903961,5,0
diplomat,1.5749965839157785,0.2094828697903961,5,0
dirty,1.5749965839157785,0.2094828697903961,5,0
disrespect,1.5749965839157785,0.2094828697903961,5,0
dominate,1.5749965839157785,0.2094828697903961,5,0
earth,1.5749965839157785,0.2094828697903961,5,0
ecocide,1.5749965839157785,0.2094828697903961,5,0
empty,1.5749965839157785,0.2094828697903961,5,0
eu-ukraine,1.5749965839157785,0.2094828697903961,5,0
eve,1.5749965839157785,0.2094828697903961,5,0
examination,1.5749965839157785,0.2094828697903961,5,0
execution-style,1.5749965839157785,0.2094828697903961,5,0
exporters,1.5749965839157785,0.2094828697903961,5,0
fabricated,1.5749965839157785,0.2094828697903961,5,0
fakes,1.5749965839157785,0.2094828697903961,5,0
flood,1.5749965839157785,0.2094828697903961,5,0
fontelles,1.5749965839157785,0.2094828697903961,5,0
fool,1.5749965839157785,0.2094828697903961,5,0
gets,1.5749965839157785,0.2094828697903961,5,0
glory,1.5749965839157785,0.2094828697903961,5,0
grandmother,1.5749965839157785,0.2094828697903961,5,0
guests,1.5749965839157785,0.2094828697903961,5,0
healthy,1.5749965839157785,0.2094828697903961,5,0
heroes,1.5749965839157785,0.2094828697903961,5,0
hostages,1.5749965839157785,0.2094828697903961,5,0
ibid,1.5749965839157785,0.2094828697903961,5,0
incredibly,1.5749965839157785,0.2094828697903961,5,0
inhuman,1.5749965839157785,0.2094828697903961,5,0
judge,1.5749965839157785,0.2094828697903961,5,0
knew,1.5749965839157785,0.2094828697903961,5,0
kosova,1.5749965839157785,0.2094828697903961,5,0
liberty,1.5749965839157785,0.2094828697903961,5,0
licence,1.5749965839157785,0.2094828697903961,5,0
liechtenstein,1.5749965839157785,0.2094828697903961,5,0
louder,1.5749965839157785,0.2094828697903961,5,0
man-made,1.5749965839157785,0.2094828697903961,5,0
merchant,1.5749965839157785,0.2094828697903961,5,0
metres,1.5749965839157785,0.2094828697903961,5,0
midnight,1.5749965839157785,0.2094828697903961,5,0
mock,1.5749965839157785,0.2094828697903961,5,0
murderers,1.5749965839157785,0.2094828697903961,5,0
named,1.5749965839157785,0.2094828697903961,5,0
natálja,1.5749965839157785,0.2094828697903961,5,0
neo-nazis,1.5749965839157785,0.2094828697903961,5,0
nexus,1.5749965839157785,0.2094828697903961,5,0
nightmares,1.5749965839157785,0.2094828697903961,5,0
norway's,1.5749965839157785,0.2094828697903961,5,0
numb,1.5749965839157785,0.2094828697903961,5,0
ohchr,1.5749965839157785,0.2094828697903961,5,0
pages,1.5749965839157785,0.2094828697903961,5,0
patients,1.5749965839157785,0.2094828697903961,5,0
politicians,1.5749965839157785,0.2094828697903961,5,0
posted,1.5749965839157785,0.2094828697903961,5,0
preparations,1.5749965839157785,0.2094828697903961,5,0
prerequisite,1.5749965839157785,0.2094828697903961,5,0
pretends,1.5749965839157785,0.2094828697903961,5,0
prison,1.5749965839157785,0.2094828697903961,5,0
privileges,1.5749965839157785,0.2094828697903961,5,0
prize,1.5749965839157785,0.2094828697903961,5,0
purposefully,1.5749965839157785,0.2094828697903961,5,0
rapes,1.5749965839157785,0.2094828697903961,5,0
realizes,1.5749965839157785,0.2094828697903961,5,0
recruiting,1.5749965839157785,0.2094828697903961,5,0
redraw,1.5749965839157785,0.2094828697903961,5,0
refused,1.5749965839157785,0.2094828697903961,5,0
rehabilitation,1.5749965839157785,0.2094828697903961,5,0
resilient,1.5749965839157785,0.2094828697903961,5,0
resisting,1.5749965839157785,0.2094828697903961,5,0
restricting,1.5749965839157785,0.2094828697903961,5,0
reverberations,1.5749965839157785,0.2094828697903961,5,0
ruled,1.5749965839157785,0.2094828697903961,5,0
rushed,1.5749965839157785,0.2094828697903961,5,0
s-300,1.5749965839157785,0.2094828697903961,5,0
satellite,1.5749965839157785,0.2094828697903961,5,0
semblance,1.5749965839157785,0.2094828697903961,5,0
separate,1.5749965839157785,0.2094828697903961,5,0
sergey,1.5749965839157785,0.2094828697903961,5,0
servicemen,1.5749965839157785,0.2094828697903961,5,0
serving,1.5749965839157785,0.2094828697903961,5,0
sickening,1.5749965839157785,0.2094828697903961,5,0
sleep,1.5749965839157785,0.2094828697903961,5,0
smaller,1.5749965839157785,0.2094828697903961,5,0
surely,1.5749965839157785,0.2094828697903961,5,0
terrified,1.5749965839157785,0.2094828697903961,5,0
theories,1.5749965839157785,0.2094828697903961,5,0
thinks,1.5749965839157785,0.2094828697903961,5,0
ties,1.5749965839157785,0.2094828697903961,5,0
tonight,1.5749965839157785,0.2094828697903961,5,0
transported,1.5749965839157785,0.2094828697903961,5,0
videos,1.5749965839157785,0.2094828697903961,5,0
well-known,1.5749965839157785,0.2094828697903961,5,0
wipe,1.5749965839157785,0.2094828697903961,5,0
condemns,1.5702457484324643,0.21017132867283006,63,28
complete,1.5620990234765748,0.21135814736358394,31,12
already,1.5434160262455066,0.21411005187013687,221,113
respond,1.5183798018082981,0.21786484226471992,49,21
attacking,1.517300571382218,0.2180284547468404,39,16
powerful,1.517300571382218,0.2180284547468404,39,16
brought,1.511770798351637,0.2188690769820394,80,37
allies,1.50921140887037,0.2192594578208339,18,6
experts,1.50921140887037,0.2192594578208339,18,6
guarantees,1.50921140887037,0.2192594578208339,18,6
marks,1.50921140887037,0.2192594578208339,18,6
mostly,1.50921140887037,0.2192594578208339,18,6
oil,1.50921140887037,0.2192594578208339,18,6
blood,1.4759229524617439,0.2244135053075592,11,3
collect,1.4759229524617439,0.2244135053075592,11,3
contamination,1.4759229524617439,0.2244135053075592,11,3
demining,1.4759229524617439,0.2244135053075592,11,3
documentation,1.4759229524617439,0.2244135053075592,11,3
gave,1.4759229524617439,0.2244135053075592,11,3
northern,1.4759229524617439,0.2244135053075592,11,3
pushing,1.4759229524617439,0.2244135053075592,11,3
settlements,1.4759229524617439,0.2244135053075592,11,3
es-11,1.4549165373374398,0.2277406879770124,72,33
justification,1.4482534826384077,0.22880840284560133,20,7
transfers,1.4482534826384077,0.22880840284560133,20,7
decades,1.403164784629372,0.23619440048583829,22,8
unesco,1.403164784629372,0.23619440048583829,22,8
making,1.3901365492662894,0.2383820410846902,62,28
atrocity,1.369617465578907,0.2418776192748946,24,9
brings,1.369617465578907,0.2418776192748946,24,9
nature,1.369617465578907,0.2418776192748946,24,9
conducting,1.3629018025323352,0.24303520634017806,10,2
deprived,1.3629018025323352,0.24303520634017806,10,2
excuse,1.3629018025323352,0.24303520634017806,10,2
failing,1.3629018025323352,0.24303520634017806,10,2
harrowing,1.3629018025323352,0.24303520634017806,10,2
intervention,1.3629018025323352,0.24303520634017806,10,2
landmines,1.3629018025323352,0.24303520634017806,10,2
meaning,1.3629018025323352,0.24303520634017806,10,2
orphans,1.3629018025323352,0.24303520634017806,10,2
p,1.3629018025323352,0.24303520634017806,10,2
promptly,1.3629018025323352,0.24303520634017806,10,2
reckless,1.3629018025323352,0.24303520634017806,10,2
regularly,1.3629018025323352,0.24303520634017806,10,2
removed,1.3629018025323352,0.24303520634017806,10,2
sheltering,1.3629018025323352,0.24303520634017806,10,2
soldier,1.3629018025323352,0.24303520634017806,10,2
sources,1.3629018025323352,0.24303520634017806,10,2
starvation,1.3629018025323352,0.24303520634017806,10,2
surprise,1.3629018025323352,0.24303520634017806,10,2
warmly,1.3629018025323352,0.24303520634017806,10,2
innocent,1.35368850201541,0.24463432155981757,79,37
appalling,1.3447262926495562,0.24620219365721963,26,10
send,1.3447262926495562,0.24620219365721963,26,10
top,1.3447262926495562,0.24620219365721963,26,10
freely,1.3442861378905324,0.2462795112366457,13,4
passed,1.3442861378905324,0.2462795112366457,13,4
unjust,1.3442861378905324,0.2462795112366457,13,4
word,1.3442861378905324,0.2462795112366457,13,4
life-saving,1.3134932150240866,0.2517631624346912,30,12
convention,1.306205134056494,0.2530828876126291,44,19
widespread,1.2992641928649205,0.2543476709807394,34,14
abroad,1.2576557664310053,0.2620952888750505,15,5
acute,1.2576557664310053,0.2620952888750505,15,5
count,1.2576557664310053,0.2620952888750505,15,5
creation,1.2576557664310053,0.2620952888750505,15,5
hitting,1.2576557664310053,0.2620952888750505,15,5
offensive,1.2576557664310053,0.2620952888750505,15,5
briefers,1.2475922649140432,0.2640128403542149,65,30
join,1.2332826675701436,0.26676958598060696,63,29
health-care,1.198420796315156,0.27363753881235175,17,6
legitimacy,1.198420796315156,0.27363753881235175,17,6
resolute,1.198420796315156,0.27363753881235175,17,6
sadly,1.198420796315156,0.27363753881235175,17,6
severely,1.198420796315156,0.27363753881235175,17,6
things,1.198420796315156,0.27363753881235175,17,6
unequivocally,1.198420796315156,0.27363753881235175,17,6
universal,1.198420796315156,0.27363753881235175,17,6
majority,1.1921284619320065,0.2749006403847879,57,26
sea,1.1894222407203712,0.2754461281549788,298,158
sexual,1.1693750613427036,0.2795296857786357,208,108
human,1.1590110440428678,0.2816707356350694,445,241
event,1.157098358906213,0.282068129090598,19,7
fail,1.157098358906213,0.282068129090598,19,7
returned,1.157098358906213,0.282068129090598,19,7
air-defence,1.1559931730786555,0.28229807371793625,7,1
assembly's,1.1559931730786555,0.28229807371793625,7,1
cast,1.1559931730786555,0.28229807371793625,7,1
child-protection,1.1559931730786555,0.28229807371793625,7,1
confirms,1.1559931730786555,0.28229807371793625,7,1
definitely,1.1559931730786555,0.28229807371793625,7,1
degrading,1.1559931730786555,0.28229807371793625,7,1
deliveries,1.1559931730786555,0.28229807371793625,7,1
depending,1.1559931730786555,0.28229807371793625,7,1
destroys,1.1559931730786555,0.28229807371793625,7,1
endangering,1.1559931730786555,0.28229807371793625,7,1
everyday,1.1559931730786555,0.28229807371793625,7,1
exceptional,1.1559931730786555,0.28229807371793625,7,1
filled,1.1559931730786555,0.28229807371793625,7,1
forth,1.1559931730786555,0.28229807371793625,7,1
full-fledged,1.1559931730786555,0.28229807371793625,7,1
harming,1.1559931730786555,0.28229807371793625,7,1
identification,1.1559931730786555,0.28229807371793625,7,1
interference,1.1559931730786555,0.28229807371793625,7,1
internet,1.1559931730786555,0.28229807371793625,7,1
la,1.1559931730786555,0.28229807371793625,7,1
leader,1.1559931730786555,0.28229807371793625,7,1
looks,1.1559931730786555,0.28229807371793625,7,1
machine,1.1559931730786555,0.28229807371793625,7,1
massacres,1.1559931730786555,0.28229807371793625,7,1
normalcy,1.1559931730786555,0.28229807371793625,7,1
one's,1.1559931730786555,0.28229807371793625,7,1
pace,1.1559931730786555,0.28229807371793625,7,1
personally,1.1559931730786555,0.28229807371793625,7,1
playgrounds,1.1559931730786555,0.28229807371793625,7,1
procedures,1.1559931730786555,0.28229807371793625,7,1
sacrifice,1.1559931730786555,0.28229807371793625,7,1
seizure,1.1559931730786555,0.28229807371793625,7,1
stance,1.1559931730786555,0.28229807371793625,7,1
supplied,1.1559931730786555,0.28229807371793625,7,1
survivor-centred,1.1559931730786555,0.28229807371793625,7,1
tragically,1.1559931730786555,0.28229807371793625,7,1
verify,1.1559931730786555,0.28229807371793625,7,1
visiting,1.1559931730786555,0.28229807371793625,7,1
winterization,1.1559931730786555,0.28229807371793625,7,1
appreciate,1.1281295312169675,0.28817466515927725,21,8
countless,1.1281295312169675,0.28817466515927725,21,8
welcomed,1.1281295312169675,0.28817466515927725,21,8
place,1.123915467275981,0.28907691203483177,98,48
determination,1.1080399863865418,0.2925084091462008,23,9
news,1.1080399863865418,0.2925084091462008,23,9
higher,1.103326043085739,0.2935373338970654,41,18
safely,1.0945465953405331,0.29546602137368216,25,10
grateful,1.089384046317983,0.2966077245770119,37,16
statement,1.0848618800909147,0.29761246065894464,118,59
forget,1.0844689979971651,0.2976999574844469,35,15
remarks,1.0844689979971651,0.2976999574844469,35,15
purpose,1.0815569228271962,0.29834952268659665,29,12
upholding,1.0815569228271962,0.29834952268659665,29,12
generations,1.0812744176852265,0.2984126349370366,33,14
anniversary,1.0801521277180275,0.2986635264839167,31,13
dozens,1.0801521277180275,0.2986635264839167,31,13
abducting,1.0383545977014315,0.3082044579334512,4,0
accusation,1.0383545977014315,0.3082044579334512,4,0
accused,1.0383545977014315,0.3082044579334512,4,0
aggravates,1.0383545977014315,0.3082044579334512,4,0
aggressed,1.0383545977014315,0.3082044579334512,4,0
aiming,1.0383545977014315,0.3082044579334512,4,0
albright,1.0383545977014315,0.3082044579334512,4,0
all-time,1.0383545977014315,0.3082044579334512,4,0
altogether,1.0383545977014315,0.3082044579334512,4,0
amounted,1.0383545977014315,0.3082044579334512,4,0
ample,1.0383545977014315,0.3082044579334512,4,0
anti-ship,1.0383545977014315,0.3082044579334512,4,0
anticipated,1.0383545977014315,0.3082044579334512,4,0
apartments,1.0383545977014315,0.3082044579334512,4,0
art,1.0383545977014315,0.3082044579334512,4,0
assumed,1.0383545977014315,0.3082044579334512,4,0
authoritarian,1.0383545977014315,0.3082044579334512,4,0
awarded,1.0383545977014315,0.3082044579334512,4,0
backed,1.0383545977014315,0.3082044579334512,4,0
backlog,1.0383545977014315,0.3082044579334512,4,0
backs,1.0383545977014315,0.3082044579334512,4,0
bahkmut,1.0383545977014315,0.3082044579334512,4,0
basement,1.0383545977014315,0.3082044579334512,4,0
belongings,1.0383545977014315,0.3082044579334512,4,0
birds,1.0383545977014315,0.3082044579334512,4,0
bit,1.0383545977014315,0.3082044579334512,4,0
blaming,1.0383545977014315,0.3082044579334512,4,0
buried,1.0383545977014315,0.3082044579334512,4,0
burning,1.0383545977014315,0.3082044579334512,4,0
bus,1.0383545977014315,0.3082044579334512,4,0
buy,1.0383545977014315,0.3082044579334512,4,0
captivity,1.0383545977014315,0.3082044579334512,4,0
charge,1.0383545977014315,0.3082044579334512,4,0
city's,1.0383545977014315,0.3082044579334512,4,0
clothes,1.0383545977014315,0.3082044579334512,4,0
collected,1.0383545977014315,0.3082044579334512,4,0
colonial,1.0383545977014315,0.3082044579334512,4,0
commits,1.0383545977014315,0.3082044579334512,4,0
compensate,1.0383545977014315,0.3082044579334512,4,0
complicity,1.0383545977014315,0.3082044579334512,4,0
comrade,1.0383545977014315,0.3082044579334512,4,0
concentrate,1.0383545977014315,0.3082044579334512,4,0
confirmation,1.0383545977014315,0.3082044579334512,4,0
congo,1.0383545977014315,0.3082044579334512,4,0
conscription,1.0383545977014315,0.3082044579334512,4,0
coupled,1.0383545977014315,0.3082044579334512,4,0
curriculum,1.0383545977014315,0.3082044579334512,4,0
de-nazification,1.0383545977014315,0.3082044579334512,4,0
defies,1.0383545977014315,0.3082044579334512,4,0
definition,1.0383545977014315,0.3082044579334512,4,0
degradation,1.0383545977014315,0.3082044579334512,4,0
depths,1.0383545977014315,0.3082044579334512,4,0
diabolical,1.0383545977014315,0.3082044579334512,4,0
dictators,1.0383545977014315,0.3082044579334512,4,0
dismantle,1.0383545977014315,0.3082044579334512,4,0
disregards,1.0383545977014315,0.3082044579334512,4,0
distribute,1.0383545977014315,0.3082044579334512,4,0
duda,1.0383545977014315,0.3082044579334512,4,0
duma,1.0383545977014315,0.3082044579334512,4,0
eat,1.0383545977014315,0.3082044579334512,4,0
employed,1.0383545977014315,0.3082044579334512,4,0
employees,1.0383545977014315,0.3082044579334512,4,0
engineered,1.0383545977014315,0.3082044579334512,4,0
evacuees,1.0383545977014315,0.3082044579334512,4,0
execute,1.0383545977014315,0.3082044579334512,4,0
exploring,1.0383545977014315,0.3082044579334512,4,0
exporter,1.0383545977014315,0.3082044579334512,4,0
eyewitness,1.0383545977014315,0.3082044579334512,4,0
fabricate,1.0383545977014315,0.3082044579334512,4,0
farce,1.0383545977014315,0.3082044579334512,4,0
fascism,1.0383545977014315,0.3082044579334512,4,0
fascist,1.0383545977014315,0.3082044579334512,4,0
female,1.0383545977014315,0.3082044579334512,4,0
flagrantly,1.0383545977014315,0.3082044579334512,4,0
flattened,1.0383545977014315,0.3082044579334512,4,0
footsteps,1.0383545977014315,0.3082044579334512,4,0
god,1.0383545977014315,0.3082044579334512,4,0
got,1.0383545977014315,0.3082044579334512,4,0
government's,1.0383545977014315,0.3082044579334512,4,0
grandchildren,1.0383545977014315,0.3082044579334512,4,0
grants,1.0383545977014315,0.3082044579334512,4,0
greeted,1.0383545977014315,0.3082044579334512,4,0
harder,1.0383545977014315,0.3082044579334512,4,0
hazardous,1.0383545977014315,0.3082044579334512,4,0
height,1.0383545977014315,0.3082044579334512,4,0
holes,1.0383545977014315,0.3082044579334512,4,0
homeland,1.0383545977014315,0.3082044579334512,4,0
hotline,1.0383545977014315,0.3082044579334512,4,0
hurt,1.0383545977014315,0.3082044579334512,4,0
hypocritical,1.0383545977014315,0.3082044579334512,4,0
iceland,1.0383545977014315,0.3082044579334512,4,0
ill-treatment,1.0383545977014315,0.3082044579334512,4,0
imperialism,1.0383545977014315,0.3082044579334512,4,0
indescribable,1.0383545977014315,0.3082044579334512,4,0
inhabitants,1.0383545977014315,0.3082044579334512,4,0
initially,1.0383545977014315,0.3082044579334512,4,0
injure,1.0383545977014315,0.3082044579334512,4,0
interrogation,1.0383545977014315,0.3082044579334512,4,0
interrupted,1.0383545977014315,0.3082044579334512,4,0
intimidating,1.0383545977014315,0.3082044579334512,4,0
iskander,1.0383545977014315,0.3082044579334512,4,0
joy,1.0383545977014315,0.3082044579334512,4,0
kh-59,1.0383545977014315,0.3082044579334512,4,0
khmelnytskyi,1.0383545977014315,0.3082044579334512,4,0
killers,1.0383545977014315,0.3082044579334512,4,0
kills,1.0383545977014315,0.3082044579334512,4,0
kindly,1.0383545977014315,0.3082044579334512,4,0
knees,1.0383545977014315,0.3082044579334512,4,0
liar,1.0383545977014315,0.3082044579334512,4,0
liberators,1.0383545977014315,0.3082044579334512,4,0
lied,1.0383545977014315,0.3082044579334512,4,0
limbs,1.0383545977014315,0.3082044579334512,4,0
lithuania's,1.0383545977014315,0.3082044579334512,4,0
long-range,1.0383545977014315,0.3082044579334512,4,0
looted,1.0383545977014315,0.3082044579334512,4,0
manipulated,1.0383545977014315,0.3082044579334512,4,0
menacing,1.0383545977014315,0.3082044579334512,4,0
mercilessly,1.0383545977014315,0.3082044579334512,4,0
miles,1.0383545977014315,0.3082044579334512,4,0
money,1.0383545977014315,0.3082044579334512,4,0
museum,1.0383545977014315,0.3082044579334512,4,0
mykola,1.0383545977014315,0.3082044579334512,4,0
nebenzia,1.0383545977014315,0.3082044579334512,4,0
newer,1.0383545977014315,0.3082044579334512,4,0
nobody,1.0383545977014315,0.3082044579334512,4,0
nonsense,1.0383545977014315,0.3082044579334512,4,0
normally,1.0383545977014315,0.3082044579334512,4,0
obtaining,1.0383545977014315,0.3082044579334512,4,0
ombudsperson,1.0383545977014315,0.3082044579334512,4,0
op-ed,1.0383545977014315,0.3082044579334512,4,0
pack,1.0383545977014315,0.3082044579334512,4,0
parental,1.0383545977014315,0.3082044579334512,4,0
parliamentary,1.0383545977014315,0.3082044579334512,4,0
passport,1.0383545977014315,0.3082044579334512,4,0
pays,1.0383545977014315,0.3082044579334512,4,0
persuade,1.0383545977014315,0.3082044579334512,4,0
pivdennyi,1.0383545977014315,0.3082044579334512,4,0
plate,1.0383545977014315,0.3082044579334512,4,0
pledging,1.0383545977014315,0.3082044579334512,4,0
poles,1.0383545977014315,0.3082044579334512,4,0
predecessors,1.0383545977014315,0.3082044579334512,4,0
predetermined,1.0383545977014315,0.3082044579334512,4,0
pride,1.0383545977014315,0.3082044579334512,4,0
profits,1.0383545977014315,0.3082044579334512,4,0
prohibit,1.0383545977014315,0.3082044579334512,4,0
prosecutor-general,1.0383545977014315,0.3082044579334512,4,0
prove,1.0383545977014315,0.3082044579334512,4,0
przewodów,1.0383545977014315,0.3082044579334512,4,0
punishing,1.0383545977014315,0.3082044579334512,4,0
qualify,1.0383545977014315,0.3082044579334512,4,0
quarters,1.0383545977014315,0.3082044579334512,4,0
raids,1.0383545977014315,0.3082044579334512,4,0
rama,1.0383545977014315,0.3082044579334512,4,0
razed,1.0383545977014315,0.3082044579334512,4,0
reflections,1.0383545977014315,0.3082044579334512,4,0
refuses,1.0383545977014315,0.3082044579334512,4,0
regimes,1.0383545977014315,0.3082044579334512,4,0
regulations,1.0383545977014315,0.3082044579334512,4,0
regulatory,1.0383545977014315,0.3082044579334512,4,0
relieved,1.0383545977014315,0.3082044579334512,4,0
relocated,1.0383545977014315,0.3082044579334512,4,0
rendered,1.0383545977014315,0.3082044579334512,4,0
repatriation,1.0383545977014315,0.3082044579334512,4,0
repel,1.0383545977014315,0.3082044579334512,4,0
reproductive-health,1.0383545977014315,0.3082044579334512,4,0
retreating,1.0383545977014315,0.3082044579334512,4,0
revealing,1.0383545977014315,0.3082044579334512,4,0
revenues,1.0383545977014315,0.3082044579334512,4,0
rewarded,1.0383545977014315,0.3082044579334512,4,0
ridiculous,1.0383545977014315,0.3082044579334512,4,0
rigorous,1.0383545977014315,0.3082044579334512,4,0
ripped,1.0383545977014315,0.3082044579334512,4,0
rogue,1.0383545977014315,0.3082044579334512,4,0
russification,1.0383545977014315,0.3082044579334512,4,0
sacrifices,1.0383545977014315,0.3082044579334512,4,0
sat,1.0383545977014315,0.3082044579334512,4,0
savage,1.0383545977014315,0.3082044579334512,4,0
scaled,1.0383545977014315,0.3082044579334512,4,0
scorched-earth,1.0383545977014315,0.3082044579334512,4,0
searches,1.0383545977014315,0.3082044579334512,4,0
secretaries-general,1.0383545977014315,0.3082044579334512,4,0
serbia,1.0383545977014315,0.3082044579334512,4,0
shameless,1.0383545977014315,0.3082044579334512,4,0
signature,1.0383545977014315,0.3082044579334512,4,0
skyrocketing,1.0383545977014315,0.3082044579334512,4,0
spheres,1.0383545977014315,0.3082044579334512,4,0
staging,1.0383545977014315,0.3082044579334512,4,0
stain,1.0383545977014315,0.3082044579334512,4,0
strives,1.0383545977014315,0.3082044579334512,4,0
subjugated,1.0383545977014315,0.3082044579334512,4,0
subjugation,1.0383545977014315,0.3082044579334512,4,0
sudden,1.0383545977014315,0.3082044579334512,4,0
supreme,1.0383545977014315,0.3082044579334512,4,0
surovikin,1.0383545977014315,0.3082044579334512,4,0
surprising,1.0383545977014315,0.3082044579334512,4,0
swathes,1.0383545977014315,0.3082044579334512,4,0
tearing,1.0383545977014315,0.3082044579334512,4,0
tears,1.0383545977014315,0.3082044579334512,4,0
tells,1.0383545977014315,0.3082044579334512,4,0
testing,1.0383545977014315,0.3082044579334512,4,0
thankfully,1.0383545977014315,0.3082044579334512,4,0
thermal,1.0383545977014315,0.3082044579334512,4,0
tired,1.0383545977014315,0.3082044579334512,4,0
torturing,1.0383545977014315,0.3082044579334512,4,0
tossed,1.0383545977014315,0.3082044579334512,4,0
totalitarian,1.0383545977014315,0.3082044579334512,4,0
traces,1.0383545977014315,0.3082044579334512,4,0
traffic,1.0383545977014315,0.3082044579334512,4,0
translation,1.0383545977014315,0.3082044579334512,4,0
tyranny,1.0383545977014315,0.3082044579334512,4,0
ugly,1.0383545977014315,0.3082044579334512,4,0
unanswered,1.0383545977014315,0.3082044579334512,4,0
unblock,1.0383545977014315,0.3082044579334512,4,0
uncovered,1.0383545977014315,0.3082044579334512,4,0
unfounded,1.0383545977014315,0.3082044579334512,4,0
unknown,1.0383545977014315,0.3082044579334512,4,0
valiantly,1.0383545977014315,0.3082044579334512,4,0
vary,1.0383545977014315,0.3082044579334512,4,0
withdrawn,1.0383545977014315,0.3082044579334512,4,0
witnesses,1.0383545977014315,0.3082044579334512,4,0
worthless,1.0383545977014315,0.3082044579334512,4,0
yeltsin,1.0383545977014315,0.3082044579334512,4,0
yield,1.0383545977014315,0.3082044579334512,4,0
families,1.0366226710398443,0.30860825222303545,101,50
working,1.0255831301415026,0.31119832579637896,73,35
bloody,1.0061082875725162,0.3158369814618892,12,4
cathedral,1.0061082875725162,0.3158369814618892,12,4
conclusions,1.0061082875725162,0.3158369814618892,12,4
consequence,1.0061082875725162,0.3158369814618892,12,4
drop,1.0061082875725162,0.3158369814618892,12,4
element,1.0061082875725162,0.3158369814618892,12,4
obvious,1.0061082875725162,0.3158369814618892,12,4
prevented,1.0061082875725162,0.3158369814618892,12,4
requested,1.0061082875725162,0.3158369814618892,12,4
responded,1.0061082875725162,0.3158369814618892,12,4
whatever,1.0061082875725162,0.3158369814618892,12,4
aspect,0.9755629011834753,0.3232967149878543,9,2
base,0.9755629011834753,0.3232967149878543,9,2
constantly,0.9755629011834753,0.3232967149878543,9,2
horrendous,0.9755629011834753,0.3232967149878543,9,2
houses,0.9755629011834753,0.3232967149878543,9,2
listening,0.9755629011834753,0.3232967149878543,9,2
onslaught,0.9755629011834753,0.3232967149878543,9,2
participating,0.9755629011834753,0.3232967149878543,9,2
talking,0.9755629011834753,0.3232967149878543,9,2
theatre,0.9755629011834753,0.3232967149878543,9,2
whatsoever,0.9755629011834753,0.3232967149878543,9,2
images,0.9698066161378228,0.32472841300612454,48,22
become,0.9613045911158242,0.3268584057384959,80,39
denied,0.9493225337202392,0.32989180048104605,14,5
exist,0.9493225337202392,0.32989180048104605,14,5
olenivka,0.9493225337202392,0.32989180048104605,14,5
reaction,0.9493225337202392,0.32989180048104605,14,5
mothers,0.913037565985473,0.33930974564089256,16,6
siege,0.913037565985473,0.33930974564089256,16,6
farmers,0.8898732624532614,0.34551165488290014,18,7
occupying,0.8898732624532614,0.34551165488290014,18,7
unaccompanied,0.8898732624532614,0.34551165488290014,18,7
zelenskyy,0.8895241246123469,0.34560629818809396,72,35
rest,0.8877224595280464,0.34609524688057614,34,15
unable,0.8794738264313029,0.34834583459292845,32,14
ensured,0.8756124106077737,0.34940622751990325,20,8
threatens,0.8756124106077737,0.34940622751990325,20,8
forms,0.872640245069514,0.3502254127768544,30,13
save,0.872640245069514,0.3502254127768544,30,13
helped,0.8676702673004709,0.3516010855318802,22,9
hroza,0.8676702673004709,0.3516010855318802,22,9
membership,0.8676702673004709,0.3516010855318802,22,9
practice,0.8676702673004709,0.3516010855318802,22,9
stood,0.8676702673004709,0.3516010855318802,22,9
data,0.8645946091087688,0.3524561089830436,26,11
globe,0.8645946091087688,0.3524561089830436,26,11
happening,0.8645946091087688,0.3524561089830436,26,11
foodstuffs,0.8643743516763004,0.3525174486790761,24,10
case,0.8569205285333397,0.3546018970637701,53,25
residential,0.8182042040831587,0.3657057380247839,64,31
may,0.8114423706823826,0.36769415671369265,184,97
repeatedly,0.7630685112696245,0.38236994261424906,41,19
stands,0.7630685112696245,0.38236994261424906,41,19
today's,0.7582079122979157,0.38388993439669583,104,53
see,0.7387850759650688,0.39005033973798775,192,102
advocacy,0.7379405219613744,0.39032140207121124,6,1
alteration,0.7379405219613744,0.39032140207121124,6,1
asking,0.7379405219613744,0.39032140207121124,6,1
brothers,0.7379405219613744,0.39032140207121124,6,1
character,0.7379405219613744,0.39032140207121124,6,1
compared,0.7379405219613744,0.39032140207121124,6,1
competent,0.7379405219613744,0.39032140207121124,6,1
constraints,0.7379405219613744,0.39032140207121124,6,1
counterparts,0.7379405219613744,0.39032140207121124,6,1
dam's,0.7379405219613744,0.39032140207121124,6,1
delaying,0.7379405219613744,0.39032140207121124,6,1
depriving,0.7379405219613744,0.39032140207121124,6,1
detrimental,0.7379405219613744,0.39032140207121124,6,1
doctors,0.7379405219613744,0.39032140207121124,6,1
endless,0.7379405219613744,0.39032140207121124,6,1
entirely,0.7379405219613744,0.39032140207121124,6,1
examine,0.7379405219613744,0.39032140207121124,6,1
external,0.7379405219613744,0.39032140207121124,6,1
fathers,0.7379405219613744,0.39032140207121124,6,1
frankly,0.7379405219613744,0.39032140207121124,6,1
gain,0.7379405219613744,0.39032140207121124,6,1
hiding,0.7379405219613744,0.39032140207121124,6,1
highlights,0.7379405219613744,0.39032140207121124,6,1
humiliation,0.7379405219613744,0.39032140207121124,6,1
indications,0.7379405219613744,0.39032140207121124,6,1
intelligence,0.7379405219613744,0.39032140207121124,6,1
invited,0.7379405219613744,0.39032140207121124,6,1
journalist,0.7379405219613744,0.39032140207121124,6,1
joyful,0.7379405219613744,0.39032140207121124,6,1
lot,0.7379405219613744,0.39032140207121124,6,1
love,0.7379405219613744,0.39032140207121124,6,1
manipulate,0.7379405219613744,0.39032140207121124,6,1
mercenaries,0.7379405219613744,0.39032140207121124,6,1
militarily,0.7379405219613744,0.39032140207121124,6,1
museums,0.7379405219613744,0.39032140207121124,6,1
outright,0.7379405219613744,0.39032140207121124,6,1
pulled,0.7379405219613744,0.39032140207121124,6,1
quick,0.7379405219613744,0.39032140207121124,6,1
requests,0.7379405219613744,0.39032140207121124,6,1
retreat,0.7379405219613744,0.39032140207121124,6,1
risen,0.7379405219613744,0.39032140207121124,6,1
robbed,0.7379405219613744,0.39032140207121124,6,1
summer,0.7379405219613744,0.39032140207121124,6,1
surprised,0.7379405219613744,0.39032140207121124,6,1
symbol,0.7379405219613744,0.39032140207121124,6,1
travelled,0.7379405219613744,0.39032140207121124,6,1
warrant,0.7379405219613744,0.39032140207121124,6,1
front,0.7300127582676331,0.3928790530717923,54,26
march,0.7255270359947569,0.3943369037218637,67,33
can,0.7061733493710765,0.4007171016662452,414,228
born,0.701539702445125,0.40226681507986395,11,4
deserves,0.701539702445125,0.40226681507986395,11,4
fired,0.701539702445125,0.40226681507986395,11,4
ministers,0.701539702445125,0.40226681507986395,11,4
missing,0.701539702445125,0.40226681507986395,11,4
probably,0.701539702445125,0.40226681507986395,11,4
pursuing,0.701539702445125,0.40226681507986395,11,4
represents,0.701539702445125,0.40226681507986395,11,4
reproductive,0.701539702445125,0.40226681507986395,11,4
showed,0.701539702445125,0.40226681507986395,11,4
widely,0.701539702445125,0.40226681507986395,11,4
far,0.6856349494052799,0.40765307650816207,96,49
witnessed,0.6833575666356916,0.4084329502994992,29,13
demonstrates,0.6723140514022636,0.4122459849578083,13,5
dramatic,0.6723140514022636,0.4122459849578083,13,5
findings,0.6723140514022636,0.4122459849578083,13,5
involvement,0.6723140514022636,0.4122459849578083,13,5
rely,0.6723140514022636,0.4122459849578083,13,5
showing,0.6723140514022636,0.4122459849578083,13,5
witness,0.6723140514022636,0.4122459849578083,13,5
along,0.6606615033464288,0.41632650483765976,46,22
east,0.6606615033464288,0.41632650483765976,46,22
actual,0.6566906597664842,0.4177307016609034,15,6
brief,0.6566906597664842,0.4177307016609034,15,6
escape,0.6566906597664842,0.4177307016609034,15,6
justify,0.6566906597664842,0.4177307016609034,15,6
low,0.6566906597664842,0.4177307016609034,15,6
release,0.6566906597664842,0.4177307016609034,15,6
something,0.6566906597664842,0.4177307016609034,15,6
tomorrow,0.6560279856660941,0.4179657258915963,23,10
vote,0.6526177209844765,0.41917832791448273,59,29
separated,0.6506286053898505,0.4198880263673763,21,9
keeping,0.6495688480447294,0.4202668697933172,17,7
preserve,0.6495688480447294,0.4202668697933172,17,7
practices,0.6481149054147832,0.4207874573511111,19,8
sign,0.6481149054147832,0.4207874573511111,19,8
thereby,0.6481149054147832,0.4207874573511111,19,8
abduction,0.6288023751296513,0.4277949511025215,8,2
capable,0.6288023751296513,0.4277949511025215,8,2
changing,0.6288023751296513,0.4277949511025215,8,2
citizen,0.6288023751296513,0.4277949511025215,8,2
commanders,0.6288023751296513,0.4277949511025215,8,2
companies,0.6288023751296513,0.4277949511025215,8,2
concessions,0.6288023751296513,0.4277949511025215,8,2
contaminated,0.6288023751296513,0.4277949511025215,8,2
details,0.6288023751296513,0.4277949511025215,8,2
deter,0.6288023751296513,0.4277949511025215,8,2
endured,0.6288023751296513,0.4277949511025215,8,2
integral,0.6288023751296513,0.4277949511025215,8,2
leaves,0.6288023751296513,0.4277949511025215,8,2
nutrition,0.6288023751296513,0.4277949511025215,8,2
oblasts,0.6288023751296513,0.4277949511025215,8,2
orders,0.6288023751296513,0.4277949511025215,8,2
perceived,0.6288023751296513,0.4277949511025215,8,2
relatives,0.6288023751296513,0.4277949511025215,8,2
released,0.6288023751296513,0.4277949511025215,8,2
repeating,0.6288023751296513,0.4277949511025215,8,2
sustain,0.6288023751296513,0.4277949511025215,8,2
totally,0.6288023751296513,0.4277949511025215,8,2
training,0.6288023751296513,0.4277949511025215,8,2
vessel,0.6288023751296513,0.4277949511025215,8,2
warsaw,0.6288023751296513,0.4277949511025215,8,2
wednesday,0.6288023751296513,0.4277949511025215,8,2
black,0.62847698593431,0.42791451634029387,286,156
"1,000-square-metre",0.5901864193008675,0.4423470405858533,1,0
10-step,0.5901864193008675,0.4423470405858533,1,0
105th,0.5901864193008675,0.4423470405858533,1,0
11-year-old,0.5901864193008675,0.4423470405858533,1,0
118th,0.5901864193008675,0.4423470405858533,1,0
14-year-old,0.5901864193008675,0.4423470405858533,1,0
17-year,0.5901864193008675,0.4423470405858533,1,0
177-178,0.5901864193008675,0.4423470405858533,1,0
1930s,0.5901864193008675,0.4423470405858533,1,0
1932–1933,0.5901864193008675,0.4423470405858533,1,0
1940s,0.5901864193008675,0.4423470405858533,1,0
1970s,0.5901864193008675,0.4423470405858533,1,0
2021-2024,0.5901864193008675,0.4423470405858533,1,0
22-year-old,0.5901864193008675,0.4423470405858533,1,0
"25,000-strong",0.5901864193008675,0.4423470405858533,1,0
25-year-old,0.5901864193008675,0.4423470405858533,1,0
3-month-old,0.5901864193008675,0.4423470405858533,1,0
31august,0.5901864193008675,0.4423470405858533,1,0
31k,0.5901864193008675,0.4423470405858533,1,0
31p,0.5901864193008675,0.4423470405858533,1,0
348th,0.5901864193008675,0.4423470405858533,1,0
36-year-old,0.5901864193008675,0.4423470405858533,1,0
48-hour,0.5901864193008675,0.4423470405858533,1,0
500-day,0.5901864193008675,0.4423470405858533,1,0
6-years-old,0.5901864193008675,0.4423470405858533,1,0
77-year,0.5901864193008675,0.4423470405858533,1,0
91-year-old,0.5901864193008675,0.4423470405858533,1,0
95ms,0.5901864193008675,0.4423470405858533,1,0
95th,0.5901864193008675,0.4423470405858533,1,0
96-year-old,0.5901864193008675,0.4423470405858533,1,0
aachen,0.5901864193008675,0.4423470405858533,1,0
abstract,0.5901864193008675,0.4423470405858533,1,0
absurdities,0.5901864193008675,0.4423470405858533,1,0
absurdly,0.5901864193008675,0.4423470405858533,1,0
abundant,0.5901864193008675,0.4423470405858533,1,0
academics,0.5901864193008675,0.4423470405858533,1,0
acceding,0.5901864193008675,0.4423470405858533,1,0
acceptance,0.5901864193008675,0.4423470405858533,1,0
accession,0.5901864193008675,0.4423470405858533,1,0
acclaim,0.5901864193008675,0.4423470405858533,1,0
accompanies,0.5901864193008675,0.4423470405858533,1,0
accompanying,0.5901864193008675,0.4423470405858533,1,0
accomplis,0.5901864193008675,0.4423470405858533,1,0
accounted,0.5901864193008675,0.4423470405858533,1,0
accredited,0.5901864193008675,0.4423470405858533,1,0
accuses,0.5901864193008675,0.4423470405858533,1,0
achievable,0.5901864193008675,0.4423470405858533,1,0
acknowledged1,0.5901864193008675,0.4423470405858533,1,0
acolyte,0.5901864193008675,0.4423470405858533,1,0
acquis,0.5901864193008675,0.4423470405858533,1,0
acreage,0.5901864193008675,0.4423470405858533,1,0
adapt,0.5901864193008675,0.4423470405858533,1,0
addictive,0.5901864193008675,0.4423470405858533,1,0
addicts,0.5901864193008675,0.4423470405858533,1,0
addressee,0.5901864193008675,0.4423470405858533,1,0
adeptly,0.5901864193008675,0.4423470405858533,1,0
adhered,0.5901864193008675,0.4423470405858533,1,0
adhesion,0.5901864193008675,0.4423470405858533,1,0
adjunct,0.5901864193008675,0.4423470405858533,1,0
admired,0.5901864193008675,0.4423470405858533,1,0
admiring,0.5901864193008675,0.4423470405858533,1,0
admission,0.5901864193008675,0.4423470405858533,1,0
admissions,0.5901864193008675,0.4423470405858533,1,0
admits,0.5901864193008675,0.4423470405858533,1,0
admitting,0.5901864193008675,0.4423470405858533,1,0
adoptive,0.5901864193008675,0.4423470405858533,1,0
adult,0.5901864193008675,0.4423470405858533,1,0
advantages,0.5901864193008675,0.4423470405858533,1,0
adventure,0.5901864193008675,0.4423470405858533,1,0
adventurist,0.5901864193008675,0.4423470405858533,1,0
advised,0.5901864193008675,0.4423470405858533,1,0
advising,0.5901864193008675,0.4423470405858533,1,0
aegis,0.5901864193008675,0.4423470405858533,1,0
aeroplane,0.5901864193008675,0.4423470405858533,1,0
aeroplanes,0.5901864193008675,0.4423470405858533,1,0
aesthetics,0.5901864193008675,0.4423470405858533,1,0
affiliates,0.5901864193008675,0.4423470405858533,1,0
afghans,0.5901864193008675,0.4423470405858533,1,0
afternoon's,0.5901864193008675,0.4423470405858533,1,0
afterward,0.5901864193008675,0.4423470405858533,1,0
age-differentiated,0.5901864193008675,0.4423470405858533,1,0
agent,0.5901864193008675,0.4423470405858533,1,0
aggressee,0.5901864193008675,0.4423470405858533,1,0
aggressing,0.5901864193008675,0.4423470405858533,1,0
aggrieved,0.5901864193008675,0.4423470405858533,1,0
agitate,0.5901864193008675,0.4423470405858533,1,0
agribusiness,0.5901864193008675,0.4423470405858533,1,0
agrifood,0.5901864193008675,0.4423470405858533,1,0
agriproducts,0.5901864193008675,0.4423470405858533,1,0
ahmad,0.5901864193008675,0.4423470405858533,1,0
air-ballistic,0.5901864193008675,0.4423470405858533,1,0
airlifted,0.5901864193008675,0.4423470405858533,1,0
airlifting,0.5901864193008675,0.4423470405858533,1,0
airliner,0.5901864193008675,0.4423470405858533,1,0
airports,0.5901864193008675,0.4423470405858533,1,0
airstrike,0.5901864193008675,0.4423470405858533,1,0
airwaves,0.5901864193008675,0.4423470405858533,1,0
akhmad,0.5901864193008675,0.4423470405858533,1,0
akin,0.5901864193008675,0.4423470405858533,1,0
alarms,0.5901864193008675,0.4423470405858533,1,0
albeit,0.5901864193008675,0.4423470405858533,1,0
aleksandr,0.5901864193008675,0.4423470405858533,1,0
aleppo,0.5901864193008675,0.4423470405858533,1,0
alexander,0.5901864193008675,0.4423470405858533,1,0
alexandr,0.5901864193008675,0.4423470405858533,1,0
algorithm,0.5901864193008675,0.4423470405858533,1,0
all-for,0.5901864193008675,0.4423470405858533,1,0
all-for-all,0.5901864193008675,0.4423470405858533,1,0
allegation,0.5901864193008675,0.4423470405858533,1,0
allege,0.5901864193008675,0.4423470405858533,1,0
allocations,0.5901864193008675,0.4423470405858533,1,0
already-scripted,0.5901864193008675,0.4423470405858533,1,0
altai,0.5901864193008675,0.4423470405858533,1,0
alternate,0.5901864193008675,0.4423470405858533,1,0
altitude,0.5901864193008675,0.4423470405858533,1,0
amazing,0.5901864193008675,0.4423470405858533,1,0
ambiguities,0.5901864193008675,0.4423470405858533,1,0
ambulance,0.5901864193008675,0.4423470405858533,1,0
ameliorates,0.5901864193008675,0.4423470405858533,1,0
amir,0.5901864193008675,0.4423470405858533,1,0
amnesty,0.5901864193008675,0.4423470405858533,1,0
amputated,0.5901864193008675,0.4423470405858533,1,0
amstor,0.5901864193008675,0.4423470405858533,1,0
anachronism,0.5901864193008675,0.4423470405858533,1,0
analogous,0.5901864193008675,0.4423470405858533,1,0
analysing,0.5901864193008675,0.4423470405858533,1,0
ancestral,0.5901864193008675,0.4423470405858533,1,0
ancient,0.5901864193008675,0.4423470405858533,1,0
and-file,0.5901864193008675,0.4423470405858533,1,0
andrii,0.5901864193008675,0.4423470405858533,1,0
andriy,0.5901864193008675,0.4423470405858533,1,0
angelic,0.5901864193008675,0.4423470405858533,1,0
angrier,0.5901864193008675,0.4423470405858533,1,0
angry,0.5901864193008675,0.4423470405858533,1,0
annalena,0.5901864193008675,0.4423470405858533,1,0
anne,0.5901864193008675,0.4423470405858533,1,0
annexing,0.5901864193008675,0.4423470405858533,1,0
annihilating,0.5901864193008675,0.4423470405858533,1,0
answered,0.5901864193008675,0.4423470405858533,1,0
answering,0.5901864193008675,0.4423470405858533,1,0
antarctica,0.5901864193008675,0.4423470405858533,1,0
anti-aircraft,0.5901864193008675,0.4423470405858533,1,0
anti-crime,0.5901864193008675,0.4423470405858533,1,0
anti-crisis,0.5901864193008675,0.4423470405858533,1,0
anti-fascist,0.5901864193008675,0.4423470405858533,1,0
anti-nazi,0.5901864193008675,0.4423470405858533,1,0
anti-radar,0.5901864193008675,0.4423470405858533,1,0
anti-russian,0.5901864193008675,0.4423470405858533,1,0
anti-semites,0.5901864193008675,0.4423470405858533,1,0
anti-terrorist,0.5901864193008675,0.4423470405858533,1,0
anti-trafficking,0.5901864193008675,0.4423470405858533,1,0
anti-ukrainian,0.5901864193008675,0.4423470405858533,1,0
anti-war,0.5901864193008675,0.4423470405858533,1,0
antibiotics,0.5901864193008675,0.4423470405858533,1,0
anticipate,0.5901864193008675,0.4423470405858533,1,0
antithesis,0.5901864193008675,0.4423470405858533,1,0
anybody,0.5901864193008675,0.4423470405858533,1,0
apathy,0.5901864193008675,0.4423470405858533,1,0
apocalypse,0.5901864193008675,0.4423470405858533,1,0
apologists,0.5901864193008675,0.4423470405858533,1,0
apologize,0.5901864193008675,0.4423470405858533,1,0
apology,0.5901864193008675,0.4423470405858533,1,0
apostle,0.5901864193008675,0.4423470405858533,1,0
appearance,0.5901864193008675,0.4423470405858533,1,0
appearances,0.5901864193008675,0.4423470405858533,1,0
appease,0.5901864193008675,0.4423470405858533,1,0
appeased,0.5901864193008675,0.4423470405858533,1,0
applauded,0.5901864193008675,0.4423470405858533,1,0
applauding,0.5901864193008675,0.4423470405858533,1,0
applebaum,0.5901864193008675,0.4423470405858533,1,0
applicability,0.5901864193008675,0.4423470405858533,1,0
appointing,0.5901864193008675,0.4423470405858533,1,0
appropriation,0.5901864193008675,0.4423470405858533,1,0
approxi,0.5901864193008675,0.4423470405858533,1,0
archaeological,0.5901864193008675,0.4423470405858533,1,0
archaic,0.5901864193008675,0.4423470405858533,1,0
architects,0.5901864193008675,0.4423470405858533,1,0
architectures,0.5901864193008675,0.4423470405858533,1,0
archive,0.5901864193008675,0.4423470405858533,1,0
archives,0.5901864193008675,0.4423470405858533,1,0
ardent,0.5901864193008675,0.4423470405858533,1,0
arduously,0.5901864193008675,0.4423470405858533,1,0
arming,0.5901864193008675,0.4423470405858533,1,0
aroused,0.5901864193008675,0.4423470405858533,1,0
arranging,0.5901864193008675,0.4423470405858533,1,0
arrests,0.5901864193008675,0.4423470405858533,1,0
arrivals,0.5901864193008675,0.4423470405858533,1,0
arsonist,0.5901864193008675,0.4423470405858533,1,0
artefacts,0.5901864193008675,0.4423470405858533,1,0
artem,0.5901864193008675,0.4423470405858533,1,0
articulate,0.5901864193008675,0.4423470405858533,1,0
articulated,0.5901864193008675,0.4423470405858533,1,0
artist-turned-politician,0.5901864193008675,0.4423470405858533,1,0
artwork,0.5901864193008675,0.4423470405858533,1,0
artworks,0.5901864193008675,0.4423470405858533,1,0
aspired,0.5901864193008675,0.4423470405858533,1,0
aspires,0.5901864193008675,0.4423470405858533,1,0
assaulting,0.5901864193008675,0.4423470405858533,1,0
assembled,0.5901864193008675,0.4423470405858533,1,0
assembling,0.5901864193008675,0.4423470405858533,1,0
assert,0.5901864193008675,0.4423470405858533,1,0
asserting,0.5901864193008675,0.4423470405858533,1,0
asserts,0.5901864193008675,0.4423470405858533,1,0
assesses,0.5901864193008675,0.4423470405858533,1,0
assign,0.5901864193008675,0.4423470405858533,1,0
assigns,0.5901864193008675,0.4423470405858533,1,0
assistances,0.5901864193008675,0.4423470405858533,1,0
assistants,0.5901864193008675,0.4423470405858533,1,0
astonishing,0.5901864193008675,0.4423470405858533,1,0
astonishingly,0.5901864193008675,0.4423470405858533,1,0
astrakhan,0.5901864193008675,0.4423470405858533,1,0
atlantic,0.5901864193008675,0.4423470405858533,1,0
atrophy,0.5901864193008675,0.4423470405858533,1,0
attachment,0.5901864193008675,0.4423470405858533,1,0
attacker,0.5901864193008675,0.4423470405858533,1,0
attackers,0.5901864193008675,0.4423470405858533,1,0
attested,0.5901864193008675,0.4423470405858533,1,0
attitudes,0.5901864193008675,0.4423470405858533,1,0
attract,0.5901864193008675,0.4423470405858533,1,0
attributed,0.5901864193008675,0.4423470405858533,1,0
attributes,0.5901864193008675,0.4423470405858533,1,0
attributing,0.5901864193008675,0.4423470405858533,1,0
audacious,0.5901864193008675,0.4423470405858533,1,0
audiovisual,0.5901864193008675,0.4423470405858533,1,0
augusto,0.5901864193008675,0.4423470405858533,1,0
austin,0.5901864193008675,0.4423470405858533,1,0
authenticated,0.5901864193008675,0.4423470405858533,1,0
authoritarians,0.5901864193008675,0.4423470405858533,1,0
authors,0.5901864193008675,0.4423470405858533,1,0
autocratic,0.5901864193008675,0.4423470405858533,1,0
automated,0.5901864193008675,0.4423470405858533,1,0
autonomy,0.5901864193008675,0.4423470405858533,1,0
autumn,0.5901864193008675,0.4423470405858533,1,0
avdiivka,0.5901864193008675,0.4423470405858533,1,0
averted,0.5901864193008675,0.4423470405858533,1,0
aviation,0.5901864193008675,0.4423470405858533,1,0
avoidable,0.5901864193008675,0.4423470405858533,1,0
avoidance,0.5901864193008675,0.4423470405858533,1,0
awe,0.5901864193008675,0.4423470405858533,1,0
azatbek,0.5901864193008675,0.4423470405858533,1,0
azov-black,0.5901864193008675,0.4423470405858533,1,0
backsliding,0.5901864193008675,0.4423470405858533,1,0
backwards,0.5901864193008675,0.4423470405858533,1,0
baerbock,0.5901864193008675,0.4423470405858533,1,0
bags,0.5901864193008675,0.4423470405858533,1,0
baked,0.5901864193008675,0.4423470405858533,1,0
bald,0.5901864193008675,0.4423470405858533,1,0
balka,0.5901864193008675,0.4423470405858533,1,0
bangladesh,0.5901864193008675,0.4423470405858533,1,0
banked,0.5901864193008675,0.4423470405858533,1,0
banning,0.5901864193008675,0.4423470405858533,1,0
bar,0.5901864193008675,0.4423470405858533,1,0
barbados,0.5901864193008675,0.4423470405858533,1,0
barbarous,0.5901864193008675,0.4423470405858533,1,0
barrages,0.5901864193008675,0.4423470405858533,1,0
barricades,0.5901864193008675,0.4423470405858533,1,0
basics,0.5901864193008675,0.4423470405858533,1,0
basket's,0.5901864193008675,0.4423470405858533,1,0
baskets,0.5901864193008675,0.4423470405858533,1,0
bastion-p,0.5901864193008675,0.4423470405858533,1,0
batch,0.5901864193008675,0.4423470405858533,1,0
baton,0.5901864193008675,0.4423470405858533,1,0
batter,0.5901864193008675,0.4423470405858533,1,0
battles,0.5901864193008675,0.4423470405858533,1,0
beaten,0.5901864193008675,0.4423470405858533,1,0
beating,0.5901864193008675,0.4423470405858533,1,0
beckett,0.5901864193008675,0.4423470405858533,1,0
bedtime,0.5901864193008675,0.4423470405858533,1,0
befit,0.5901864193008675,0.4423470405858533,1,0
beg,0.5901864193008675,0.4423470405858533,1,0
begged,0.5901864193008675,0.4423470405858533,1,0
begging,0.5901864193008675,0.4423470405858533,1,0
behaves,0.5901864193008675,0.4423470405858533,1,0
beheading,0.5901864193008675,0.4423470405858533,1,0
behest,0.5901864193008675,0.4423470405858533,1,0
behold,0.5901864193008675,0.4423470405858533,1,0
belarus's,0.5901864193008675,0.4423470405858533,1,0
belgorod,0.5901864193008675,0.4423470405858533,1,0
belies,0.5901864193008675,0.4423470405858533,1,0
bell,0.5901864193008675,0.4423470405858533,1,0
belligerent's,0.5901864193008675,0.4423470405858533,1,0
bello,0.5901864193008675,0.4423470405858533,1,0
belonging,0.5901864193008675,0.4423470405858533,1,0
belongs,0.5901864193008675,0.4423470405858533,1,0
benches,0.5901864193008675,0.4423470405858533,1,0
beneficiary,0.5901864193008675,0.4423470405858533,1,0
benito,0.5901864193008675,0.4423470405858533,1,0
berdiansk,0.5901864193008675,0.4423470405858533,1,0
berdyansk,0.5901864193008675,0.4423470405858533,1,0
berths,0.5901864193008675,0.4423470405858533,1,0
beside,0.5901864193008675,0.4423470405858533,1,0
besiegement,0.5901864193008675,0.4423470405858533,1,0
bespoke,0.5901864193008675,0.4423470405858533,1,0
bestseller,0.5901864193008675,0.4423470405858533,1,0
betrays,0.5901864193008675,0.4423470405858533,1,0
beware,0.5901864193008675,0.4423470405858533,1,0
biased,0.5901864193008675,0.4423470405858533,1,0
bidding,0.5901864193008675,0.4423470405858533,1,0
big-heartedness,0.5901864193008675,0.4423470405858533,1,0
bill,0.5901864193008675,0.4423470405858533,1,0
biolaboratories,0.5901864193008675,0.4423470405858533,1,0
bite,0.5901864193008675,0.4423470405858533,1,0
bitterly,0.5901864193008675,0.4423470405858533,1,0
bizarre,0.5901864193008675,0.4423470405858533,1,0
blackened,0.5901864193008675,0.4423470405858533,1,0
bladet,0.5901864193008675,0.4423470405858533,1,0
blaring,0.5901864193008675,0.4423470405858533,1,0
blasted,0.5901864193008675,0.4423470405858533,1,0
blasting,0.5901864193008675,0.4423470405858533,1,0
blaze,0.5901864193008675,0.4423470405858533,1,0
blessed,0.5901864193008675,0.4423470405858533,1,0
blight,0.5901864193008675,0.4423470405858533,1,0
blighting,0.5901864193008675,0.4423470405858533,1,0
blindfolding,0.5901864193008675,0.4423470405858533,1,0
blockading,0.5901864193008675,0.4423470405858533,1,0
blood-soaked,0.5901864193008675,0.4423470405858533,1,0
bloodiest,0.5901864193008675,0.4423470405858533,1,0
bloodstained,0.5901864193008675,0.4423470405858533,1,0
bloodstains,0.5901864193008675,0.4423470405858533,1,0
bloodthirsty,0.5901864193008675,0.4423470405858533,1,0
blow-up,0.5901864193008675,0.4423470405858533,1,0
blunder,0.5901864193008675,0.4423470405858533,1,0
blunt,0.5901864193008675,0.4423470405858533,1,0
boast,0.5901864193008675,0.4423470405858533,1,0
boastfully,0.5901864193008675,0.4423470405858533,1,0
boeing,0.5901864193008675,0.4423470405858533,1,0
bogged,0.5901864193008675,0.4423470405858533,1,0
bolstering,0.5901864193008675,0.4423470405858533,1,0
booby,0.5901864193008675,0.4423470405858533,1,0
booked,0.5901864193008675,0.4423470405858533,1,0
booklet,0.5901864193008675,0.4423470405858533,1,0
boosted,0.5901864193008675,0.4423470405858533,1,0
boosting,0.5901864193008675,0.4423470405858533,1,0
booths,0.5901864193008675,0.4423470405858533,1,0
boris,0.5901864193008675,0.4423470405858533,1,0
bosnians,0.5901864193008675,0.4423470405858533,1,0
both-sides,0.5901864193008675,0.4423470405858533,1,0
bothering,0.5901864193008675,0.4423470405858533,1,0
bottled,0.5901864193008675,0.4423470405858533,1,0
bottles,0.5901864193008675,0.4423470405858533,1,0
bouquet,0.5901864193008675,0.4423470405858533,1,0
bows,0.5901864193008675,0.4423470405858533,1,0
box,0.5901864193008675,0.4423470405858533,1,0
boy's,0.5901864193008675,0.4423470405858533,1,0
bracelet,0.5901864193008675,0.4423470405858533,1,0
brain-washed,0.5901864193008675,0.4423470405858533,1,0
brainwash,0.5901864193008675,0.4423470405858533,1,0
brainwashed,0.5901864193008675,0.4423470405858533,1,0
branch,0.5901864193008675,0.4423470405858533,1,0
bravest,0.5901864193008675,0.4423470405858533,1,0
brazenly,0.5901864193008675,0.4423470405858533,1,0
breadbaskets,0.5901864193008675,0.4423470405858533,1,0
breadline,0.5901864193008675,0.4423470405858533,1,0
breadlines,0.5901864193008675,0.4423470405858533,1,0
break-up,0.5901864193008675,0.4423470405858533,1,0
breath,0.5901864193008675,0.4423470405858533,1,0
breathed,0.5901864193008675,0.4423470405858533,1,0
briefer's,0.5901864193008675,0.4423470405858533,1,0
brilliance,0.5901864193008675,0.4423470405858533,1,0
brilliant,0.5901864193008675,0.4423470405858533,1,0
broadened,0.5901864193008675,0.4423470405858533,1,0
bronze,0.5901864193008675,0.4423470405858533,1,0
brotherly,0.5901864193008675,0.4423470405858533,1,0
brovary,0.5901864193008675,0.4423470405858533,1,0
brown's,0.5901864193008675,0.4423470405858533,1,0
brussels,0.5901864193008675,0.4423470405858533,1,0
brutalize,0.5901864193008675,0.4423470405858533,1,0
brute,0.5901864193008675,0.4423470405858533,1,0
bucha-like,0.5901864193008675,0.4423470405858533,1,0
buffer,0.5901864193008675,0.4423470405858533,1,0
buk,0.5901864193008675,0.4423470405858533,1,0
bulbs,0.5901864193008675,0.4423470405858533,1,0
bumper,0.5901864193008675,0.4423470405858533,1,0
bunch,0.5901864193008675,0.4423470405858533,1,0
bundling,0.5901864193008675,0.4423470405858533,1,0
bunker,0.5901864193008675,0.4423470405858533,1,0
burma,0.5901864193008675,0.4423470405858533,1,0
burns,0.5901864193008675,0.4423470405858533,1,0
burnt,0.5901864193008675,0.4423470405858533,1,0
bussed,0.5901864193008675,0.4423470405858533,1,0
buying,0.5901864193008675,0.4423470405858533,1,0
bygone,0.5901864193008675,0.4423470405858533,1,0
bypassing,0.5901864193008675,0.4423470405858533,1,0
c,0.5901864193008675,0.4423470405858533,1,0
cafeterias,0.5901864193008675,0.4423470405858533,1,0
cafés,0.5901864193008675,0.4423470405858533,1,0
calamity,0.5901864193008675,0.4423470405858533,1,0
calculation,0.5901864193008675,0.4423470405858533,1,0
calculations,0.5901864193008675,0.4423470405858533,1,0
calibres,0.5901864193008675,0.4423470405858533,1,0
calmed,0.5901864193008675,0.4423470405858533,1,0
calms,0.5901864193008675,0.4423470405858533,1,0
camera,0.5901864193008675,0.4423470405858533,1,0
canal,0.5901864193008675,0.4423470405858533,1,0
candid,0.5901864193008675,0.4423470405858533,1,0
candidacy,0.5901864193008675,0.4423470405858533,1,0
candles,0.5901864193008675,0.4423470405858533,1,0
cannon-fodder,0.5901864193008675,0.4423470405858533,1,0
cap,0.5901864193008675,0.4423470405858533,1,0
capitulation,0.5901864193008675,0.4423470405858533,1,0
caprice,0.5901864193008675,0.4423470405858533,1,0
captain,0.5901864193008675,0.4423470405858533,1,0
captive,0.5901864193008675,0.4423470405858533,1,0
captors,0.5901864193008675,0.4423470405858533,1,0
card,0.5901864193008675,0.4423470405858533,1,0
cards,0.5901864193008675,0.4423470405858533,1,0
care-giving,0.5901864193008675,0.4423470405858533,1,0
career,0.5901864193008675,0.4423470405858533,1,0
carpets,0.5901864193008675,0.4423470405858533,1,0
carveouts,0.5901864193008675,0.4423470405858533,1,0
cascade,0.5901864193008675,0.4423470405858533,1,0
cash-for-work,0.5901864193008675,0.4423470405858533,1,0
castrated,0.5901864193008675,0.4423470405858533,1,0
castration,0.5901864193008675,0.4423470405858533,1,0
cataclysmic,0.5901864193008675,0.4423470405858533,1,0
catacomb,0.5901864193008675,0.4423470405858533,1,0
catalogue,0.5901864193008675,0.4423470405858533,1,0
catalogued,0.5901864193008675,0.4423470405858533,1,0
cataloguing,0.5901864193008675,0.4423470405858533,1,0
catchphrases,0.5901864193008675,0.4423470405858533,1,0
category,0.5901864193008675,0.4423470405858533,1,0
catering,0.5901864193008675,0.4423470405858533,1,0
catharsis,0.5901864193008675,0.4423470405858533,1,0
caucasus,0.5901864193008675,0.4423470405858533,1,0
cautionary,0.5901864193008675,0.4423470405858533,1,0
cavalier,0.5901864193008675,0.4423470405858533,1,0
caveats,0.5901864193008675,0.4423470405858533,1,0
caving,0.5901864193008675,0.4423470405858533,1,0
ceaseless,0.5901864193008675,0.4423470405858533,1,0
ceaselessly,0.5901864193008675,0.4423470405858533,1,0
celebrates,0.5901864193008675,0.4423470405858533,1,0
cells,0.5901864193008675,0.4423470405858533,1,0
centrally,0.5901864193008675,0.4423470405858533,1,0
ceremony,0.5901864193008675,0.4423470405858533,1,0
chairing,0.5901864193008675,0.4423470405858533,1,0
chairs,0.5901864193008675,0.4423470405858533,1,0
chancellery,0.5901864193008675,0.4423470405858533,1,0
chant,0.5901864193008675,0.4423470405858533,1,0
chanting,0.5901864193008675,0.4423470405858533,1,0
chaplyne,0.5901864193008675,0.4423470405858533,1,0
chapters,0.5901864193008675,0.4423470405858533,1,0
characteristics,0.5901864193008675,0.4423470405858533,1,0
characterizes,0.5901864193008675,0.4423470405858533,1,0
charitable,0.5901864193008675,0.4423470405858533,1,0
charity,0.5901864193008675,0.4423470405858533,1,0
charlemagne,0.5901864193008675,0.4423470405858533,1,0
chasing,0.5901864193008675,0.4423470405858533,1,0
cheated,0.5901864193008675,0.4423470405858533,1,0
checked,0.5901864193008675,0.4423470405858533,1,0
checks,0.5901864193008675,0.4423470405858533,1,0
cheering,0.5901864193008675,0.4423470405858533,1,0
chemically,0.5901864193008675,0.4423470405858533,1,0
cherish,0.5901864193008675,0.4423470405858533,1,0
cherishing,0.5901864193008675,0.4423470405858533,1,0
child-appropriate,0.5901864193008675,0.4423470405858533,1,0
chilean,0.5901864193008675,0.4423470405858533,1,0
chins,0.5901864193008675,0.4423470405858533,1,0
chip,0.5901864193008675,0.4423470405858533,1,0
chokes,0.5901864193008675,0.4423470405858533,1,0
chopped-back,0.5901864193008675,0.4423470405858533,1,0
chornomorsk,0.5901864193008675,0.4423470405858533,1,0
chorus,0.5901864193008675,0.4423470405858533,1,0
chunks,0.5901864193008675,0.4423470405858533,1,0
churkin,0.5901864193008675,0.4423470405858533,1,0
cinemas,0.5901864193008675,0.4423470405858533,1,0
circles,0.5901864193008675,0.4423470405858533,1,0
circumstance,0.5901864193008675,0.4423470405858533,1,0
civil-protection,0.5901864193008675,0.4423470405858533,1,0
civilian-used,0.5901864193008675,0.4423470405858533,1,0
clandestine,0.5901864193008675,0.4423470405858533,1,0
clarifying,0.5901864193008675,0.4423470405858533,1,0
classifies,0.5901864193008675,0.4423470405858533,1,0
classmates,0.5901864193008675,0.4423470405858533,1,0
classroom,0.5901864193008675,0.4423470405858533,1,0
claws,0.5901864193008675,0.4423470405858533,1,0
clearing,0.5901864193008675,0.4423470405858533,1,0
climate-and,0.5901864193008675,0.4423470405858533,1,0
climb,0.5901864193008675,0.4423470405858533,1,0
clinton,0.5901864193008675,0.4423470405858533,1,0
closed-circuit,0.5901864193008675,0.4423470405858533,1,0
closes,0.5901864193008675,0.4423470405858533,1,0
club,0.5901864193008675,0.4423470405858533,1,0
clutter,0.5901864193008675,0.4423470405858533,1,0
co-aggressor,0.5901864193008675,0.4423470405858533,1,0
co-created,0.5901864193008675,0.4423470405858533,1,0
co-founder,0.5901864193008675,0.4423470405858533,1,0
co-host,0.5901864193008675,0.4423470405858533,1,0
co-hosted,0.5901864193008675,0.4423470405858533,1,0
co-sponsorship,0.5901864193008675,0.4423470405858533,1,0
coal,0.5901864193008675,0.4423470405858533,1,0
coat,0.5901864193008675,0.4423470405858533,1,0
coca,0.5901864193008675,0.4423470405858533,1,0
cockroaches,0.5901864193008675,0.4423470405858533,1,0
coerced,0.5901864193008675,0.4423470405858533,1,0
coercing,0.5901864193008675,0.4423470405858533,1,0
coercive,0.5901864193008675,0.4423470405858533,1,0
cogens,0.5901864193008675,0.4423470405858533,1,0
cognitive,0.5901864193008675,0.4423470405858533,1,0
coincide,0.5901864193008675,0.4423470405858533,1,0
coincided,0.5901864193008675,0.4423470405858533,1,0
coinciding,0.5901864193008675,0.4423470405858533,1,0
cola,0.5901864193008675,0.4423470405858533,1,0
cold-blooded,0.5901864193008675,0.4423470405858533,1,0
colder,0.5901864193008675,0.4423470405858533,1,0
collaborating,0.5901864193008675,0.4423470405858533,1,0
colonel,0.5901864193008675,0.4423470405858533,1,0
colonialist,0.5901864193008675,0.4423470405858533,1,0
colonizers,0.5901864193008675,0.4423470405858533,1,0
columns,0.5901864193008675,0.4423470405858533,1,0
combining,0.5901864193008675,0.4423470405858533,1,0
comfortably,0.5901864193008675,0.4423470405858533,1,0
commander-in-chief,0.5901864193008675,0.4423470405858533,1,0
commemorates,0.5901864193008675,0.4423470405858533,1,0
commemorating,0.5901864193008675,0.4423470405858533,1,0
commenced,0.5901864193008675,0.4423470405858533,1,0
commenting,0.5901864193008675,0.4423470405858533,1,0
commissions,0.5901864193008675,0.4423470405858533,1,0
communicable,0.5901864193008675,0.4423470405858533,1,0
communicator,0.5901864193008675,0.4423470405858533,1,0
communist,0.5901864193008675,0.4423470405858533,1,0
companionship,0.5901864193008675,0.4423470405858533,1,0
comparisons,0.5901864193008675,0.4423470405858533,1,0
compassionate,0.5901864193008675,0.4423470405858533,1,0
compensated,0.5901864193008675,0.4423470405858533,1,0
compete,0.5901864193008675,0.4423470405858533,1,0
compile,0.5901864193008675,0.4423470405858533,1,0
compiled,0.5901864193008675,0.4423470405858533,1,0
compiling,0.5901864193008675,0.4423470405858533,1,0
complacency,0.5901864193008675,0.4423470405858533,1,0
complained,0.5901864193008675,0.4423470405858533,1,0
complementarity,0.5901864193008675,0.4423470405858533,1,0
compliant,0.5901864193008675,0.4423470405858533,1,0
complicates,0.5901864193008675,0.4423470405858533,1,0
complies,0.5901864193008675,0.4423470405858533,1,0
composition,0.5901864193008675,0.4423470405858533,1,0
comprehend,0.5901864193008675,0.4423470405858533,1,0
comprehension,0.5901864193008675,0.4423470405858533,1,0
compulsory,0.5901864193008675,0.4423470405858533,1,0
computers,0.5901864193008675,0.4423470405858533,1,0
comtrade,0.5901864193008675,0.4423470405858533,1,0
conceivable,0.5901864193008675,0.4423470405858533,1,0
concentrating,0.5901864193008675,0.4423470405858533,1,0
concerts,0.5901864193008675,0.4423470405858533,1,0
conclusively,0.5901864193008675,0.4423470405858533,1,0
concordant,0.5901864193008675,0.4423470405858533,1,0
concretely,0.5901864193008675,0.4423470405858533,1,0
conditional,0.5901864193008675,0.4423470405858533,1,0
conditioning,0.5901864193008675,0.4423470405858533,1,0
condoning,0.5901864193008675,0.4423470405858533,1,0
confers,0.5901864193008675,0.4423470405858533,1,0
configuration,0.5901864193008675,0.4423470405858533,1,0
conflict-specific,0.5901864193008675,0.4423470405858533,1,0
confronting,0.5901864193008675,0.4423470405858533,1,0
confuse,0.5901864193008675,0.4423470405858533,1,0
congratulates,0.5901864193008675,0.4423470405858533,1,0
congress,0.5901864193008675,0.4423470405858533,1,0
conquered,0.5901864193008675,0.4423470405858533,1,0
conquering,0.5901864193008675,0.4423470405858533,1,0
consciousness,0.5901864193008675,0.4423470405858533,1,0
conscripted,0.5901864193008675,0.4423470405858533,1,0
consecutives,0.5901864193008675,0.4423470405858533,1,0
consigned,0.5901864193008675,0.4423470405858533,1,0
consolidated,0.5901864193008675,0.4423470405858533,1,0
consolidation,0.5901864193008675,0.4423470405858533,1,0
conspiracy-theory,0.5901864193008675,0.4423470405858533,1,0
constituencies,0.5901864193008675,0.4423470405858533,1,0
consular,0.5901864193008675,0.4423470405858533,1,0
consuming,0.5901864193008675,0.4423470405858533,1,0
contaminate,0.5901864193008675,0.4423470405858533,1,0
contemplate,0.5901864193008675,0.4423470405858533,1,0
contentious,0.5901864193008675,0.4423470405858533,1,0
continual,0.5901864193008675,0.4423470405858533,1,0
continuance,0.5901864193008675,0.4423470405858533,1,0
contradicted,0.5901864193008675,0.4423470405858533,1,0
contrasting,0.5901864193008675,0.4423470405858533,1,0
contrasts,0.5901864193008675,0.4423470405858533,1,0
contravened,0.5901864193008675,0.4423470405858533,1,0
convenience,0.5901864193008675,0.4423470405858533,1,0
convenient,0.5901864193008675,0.4423470405858533,1,0
conveniently,0.5901864193008675,0.4423470405858533,1,0
conversion,0.5901864193008675,0.4423470405858533,1,0
convicts,0.5901864193008675,0.4423470405858533,1,0
convincing,0.5901864193008675,0.4423470405858533,1,0
convincingly,0.5901864193008675,0.4423470405858533,1,0
convulsions,0.5901864193008675,0.4423470405858533,1,0
cook,0.5901864193008675,0.4423470405858533,1,0
cooldown,0.5901864193008675,0.4423470405858533,1,0
cooled,0.5901864193008675,0.4423470405858533,1,0
cop,0.5901864193008675,0.4423470405858533,1,0
copy,0.5901864193008675,0.4423470405858533,1,0
corps,0.5901864193008675,0.4423470405858533,1,0
corrected,0.5901864193008675,0.4423470405858533,1,0
corroborate,0.5901864193008675,0.4423470405858533,1,0
corroborating,0.5901864193008675,0.4423470405858533,1,0
corrupt,0.5901864193008675,0.4423470405858533,1,0
cosplays,0.5901864193008675,0.4423470405858533,1,0
cost-of-living,0.5901864193008675,0.4423470405858533,1,0
costa,0.5901864193008675,0.4423470405858533,1,0
costing,0.5901864193008675,0.4423470405858533,1,0
council‘s,0.5901864193008675,0.4423470405858533,1,0
counsel,0.5901864193008675,0.4423470405858533,1,0
countenance,0.5901864193008675,0.4423470405858533,1,0
countermeasures,0.5901864193008675,0.4423470405858533,1,0
counteroffensive,0.5901864193008675,0.4423470405858533,1,0
countrymen,0.5901864193008675,0.4423470405858533,1,0
courtesy,0.5901864193008675,0.4423470405858533,1,0
covenant,0.5901864193008675,0.4423470405858533,1,0
cover-ups,0.5901864193008675,0.4423470405858533,1,0
crackdown,0.5901864193008675,0.4423470405858533,1,0
cratered,0.5901864193008675,0.4423470405858533,1,0
crave,0.5901864193008675,0.4423470405858533,1,0
craves,0.5901864193008675,0.4423470405858533,1,0
credentials,0.5901864193008675,0.4423470405858533,1,0
credits,0.5901864193008675,0.4423470405858533,1,0
crematoriums,0.5901864193008675,0.4423470405858533,1,0
criminality,0.5901864193008675,0.4423470405858533,1,0
cripple,0.5901864193008675,0.4423470405858533,1,0
crisis-affected,0.5901864193008675,0.4423470405858533,1,0
criticalassistanceandensureprotectionacrossthecountry,0.5901864193008675,0.4423470405858533,1,0
criticism,0.5901864193008675,0.4423470405858533,1,0
criticizing,0.5901864193008675,0.4423470405858533,1,0
critics,0.5901864193008675,0.4423470405858533,1,0
croatian,0.5901864193008675,0.4423470405858533,1,0
croats,0.5901864193008675,0.4423470405858533,1,0
crossing-points,0.5901864193008675,0.4423470405858533,1,0
crowd,0.5901864193008675,0.4423470405858533,1,0
crowds,0.5901864193008675,0.4423470405858533,1,0
crowned,0.5901864193008675,0.4423470405858533,1,0
crucially,0.5901864193008675,0.4423470405858533,1,0
crusade,0.5901864193008675,0.4423470405858533,1,0
crush,0.5901864193008675,0.4423470405858533,1,0
cry,0.5901864193008675,0.4423470405858533,1,0
cudgel,0.5901864193008675,0.4423470405858533,1,0
cues,0.5901864193008675,0.4423470405858533,1,0
culminated,0.5901864193008675,0.4423470405858533,1,0
culmination,0.5901864193008675,0.4423470405858533,1,0
culprit,0.5901864193008675,0.4423470405858533,1,0
cultivating,0.5901864193008675,0.4423470405858533,1,0
curfews,0.5901864193008675,0.4423470405858533,1,0
curricula,0.5901864193008675,0.4423470405858533,1,0
curriculums,0.5901864193008675,0.4423470405858533,1,0
curtail,0.5901864193008675,0.4423470405858533,1,0
curtain,0.5901864193008675,0.4423470405858533,1,0
customers,0.5901864193008675,0.4423470405858533,1,0
cyber,0.5901864193008675,0.4423470405858533,1,0
cybersecurity,0.5901864193008675,0.4423470405858533,1,0
cyberwarfare,0.5901864193008675,0.4423470405858533,1,0
cynics,0.5901864193008675,0.4423470405858533,1,0
da'esh,0.5901864193008675,0.4423470405858533,1,0
dame,0.5901864193008675,0.4423470405858533,1,0
damning,0.5901864193008675,0.4423470405858533,1,0
dance,0.5901864193008675,0.4423470405858533,1,0
danced,0.5901864193008675,0.4423470405858533,1,0
danish,0.5901864193008675,0.4423470405858533,1,0
danylo,0.5901864193008675,0.4423470405858533,1,0
dared,0.5901864193008675,0.4423470405858533,1,0
dares,0.5901864193008675,0.4423470405858533,1,0
darkened,0.5901864193008675,0.4423470405858533,1,0
darker,0.5901864193008675,0.4423470405858533,1,0
darnytskyi,0.5901864193008675,0.4423470405858533,1,0
dashed,0.5901864193008675,0.4423470405858533,1,0
dashing,0.5901864193008675,0.4423470405858533,1,0
database,0.5901864193008675,0.4423470405858533,1,0
dating,0.5901864193008675,0.4423470405858533,1,0
daughter's,0.5901864193008675,0.4423470405858533,1,0
dawned,0.5901864193008675,0.4423470405858533,1,0
de-communization,0.5901864193008675,0.4423470405858533,1,0
de-occupy,0.5901864193008675,0.4423470405858533,1,0
de-ukrainianization,0.5901864193008675,0.4423470405858533,1,0
deadlines,0.5901864193008675,0.4423470405858533,1,0
dealings,0.5901864193008675,0.4423470405858533,1,0
debacle,0.5901864193008675,0.4423470405858533,1,0
debasing,0.5901864193008675,0.4423470405858533,1,0
decaying,0.5901864193008675,0.4423470405858533,1,0
deceitful,0.5901864193008675,0.4423470405858533,1,0
deceived,0.5901864193008675,0.4423470405858533,1,0
deception,0.5901864193008675,0.4423470405858533,1,0
deceptions,0.5901864193008675,0.4423470405858533,1,0
deciding,0.5901864193008675,0.4423470405858533,1,0
decimate,0.5901864193008675,0.4423470405858533,1,0
decimates,0.5901864193008675,0.4423470405858533,1,0
decimating,0.5901864193008675,0.4423470405858533,1,0
decimation,0.5901864193008675,0.4423470405858533,1,0
deck,0.5901864193008675,0.4423470405858533,1,0
decoration,0.5901864193008675,0.4423470405858533,1,0
decrees,0.5901864193008675,0.4423470405858533,1,0
deed,0.5901864193008675,0.4423470405858533,1,0
deems,0.5901864193008675,0.4423470405858533,1,0
defeating,0.5901864193008675,0.4423470405858533,1,0
defeats,0.5901864193008675,0.4423470405858533,1,0
defector,0.5901864193008675,0.4423470405858533,1,0
defences,0.5901864193008675,0.4423470405858533,1,0
defendants,0.5901864193008675,0.4423470405858533,1,0
defender,0.5901864193008675,0.4423470405858533,1,0
deferral,0.5901864193008675,0.4423470405858533,1,0
deficits,0.5901864193008675,0.4423470405858533,1,0
degeneracy,0.5901864193008675,0.4423470405858533,1,0
degenerate,0.5901864193008675,0.4423470405858533,1,0
degrade,0.5901864193008675,0.4423470405858533,1,0
deigned,0.5901864193008675,0.4423470405858533,1,0
delayed-action,0.5901864193008675,0.4423470405858533,1,0
deleted,0.5901864193008675,0.4423470405858533,1,0
delhi,0.5901864193008675,0.4423470405858533,1,0
deliveredonbehalfofthe,0.5901864193008675,0.4423470405858533,1,0
delivers,0.5901864193008675,0.4423470405858533,1,0
delusional,0.5901864193008675,0.4423470405858533,1,0
delve,0.5901864193008675,0.4423470405858533,1,0
demonize,0.5901864193008675,0.4423470405858533,1,0
demonizes,0.5901864193008675,0.4423470405858533,1,0
demonizing,0.5901864193008675,0.4423470405858533,1,0
demons,0.5901864193008675,0.4423470405858533,1,0
demoralized,0.5901864193008675,0.4423470405858533,1,0
demoralizing,0.5901864193008675,0.4423470405858533,1,0
denazification,0.5901864193008675,0.4423470405858533,1,0
deniers,0.5901864193008675,0.4423470405858533,1,0
denigrating,0.5901864193008675,0.4423470405858533,1,0
denis,0.5901864193008675,0.4423470405858533,1,0
deoccupation,0.5901864193008675,0.4423470405858533,1,0
dependable,0.5901864193008675,0.4423470405858533,1,0
dependence,0.5901864193008675,0.4423470405858533,1,0
depict,0.5901864193008675,0.4423470405858533,1,0
depicting,0.5901864193008675,0.4423470405858533,1,0
depleted,0.5901864193008675,0.4423470405858533,1,0
deplored,0.5901864193008675,0.4423470405858533,1,0
depressing,0.5901864193008675,0.4423470405858533,1,0
deprivation,0.5901864193008675,0.4423470405858533,1,0
deputinization,0.5901864193008675,0.4423470405858533,1,0
derived,0.5901864193008675,0.4423470405858533,1,0
descendant,0.5901864193008675,0.4423470405858533,1,0
descending,0.5901864193008675,0.4423470405858533,1,0
describing,0.5901864193008675,0.4423470405858533,1,0
designates,0.5901864193008675,0.4423470405858533,1,0
desolate,0.5901864193008675,0.4423470405858533,1,0
despises,0.5901864193008675,0.4423470405858533,1,0
destinies,0.5901864193008675,0.4423470405858533,1,0
destroyers,0.5901864193008675,0.4423470405858533,1,0
detailing,0.5901864193008675,0.4423470405858533,1,0
detain,0.5901864193008675,0.4423470405858533,1,0
deterrent,0.5901864193008675,0.4423470405858533,1,0
deterring,0.5901864193008675,0.4423470405858533,1,0
detonator,0.5901864193008675,0.4423470405858533,1,0
detoxifying,0.5901864193008675,0.4423470405858533,1,0
detract,0.5901864193008675,0.4423470405858533,1,0
devaluations,0.5901864193008675,0.4423470405858533,1,0
development's,0.5901864193008675,0.4423470405858533,1,0
devises,0.5901864193008675,0.4423470405858533,1,0
devising,0.5901864193008675,0.4423470405858533,1,0
devoid,0.5901864193008675,0.4423470405858533,1,0
devour,0.5901864193008675,0.4423470405858533,1,0
diagnosis,0.5901864193008675,0.4423470405858533,1,0
diasporas,0.5901864193008675,0.4423470405858533,1,0
dictated,0.5901864193008675,0.4423470405858533,1,0
dictating,0.5901864193008675,0.4423470405858533,1,0
dies,0.5901864193008675,0.4423470405858533,1,0
differentiate,0.5901864193008675,0.4423470405858533,1,0
dilemma,0.5901864193008675,0.4423470405858533,1,0
diligently,0.5901864193008675,0.4423470405858533,1,0
directions,0.5901864193008675,0.4423470405858533,1,0
direst,0.5901864193008675,0.4423470405858533,1,0
dirt,0.5901864193008675,0.4423470405858533,1,0
disable,0.5901864193008675,0.4423470405858533,1,0
disabused,0.5901864193008675,0.4423470405858533,1,0
disagree,0.5901864193008675,0.4423470405858533,1,0
disappearance,0.5901864193008675,0.4423470405858533,1,0
disappears,0.5901864193008675,0.4423470405858533,1,0
disarmed,0.5901864193008675,0.4423470405858533,1,0
disarray,0.5901864193008675,0.4423470405858533,1,0
disastrously,0.5901864193008675,0.4423470405858533,1,0
disbelief,0.5901864193008675,0.4423470405858533,1,0
disbelieving,0.5901864193008675,0.4423470405858533,1,0
discarded,0.5901864193008675,0.4423470405858533,1,0
discards,0.5901864193008675,0.4423470405858533,1,0
disciples,0.5901864193008675,0.4423470405858533,1,0
disconnected,0.5901864193008675,0.4423470405858533,1,0
discontinuations,0.5901864193008675,0.4423470405858533,1,0
discounting,0.5901864193008675,0.4423470405858533,1,0
discouraging,0.5901864193008675,0.4423470405858533,1,0
discovering,0.5901864193008675,0.4423470405858533,1,0
discrepancy,0.5901864193008675,0.4423470405858533,1,0
discretionary,0.5901864193008675,0.4423470405858533,1,0
discusses,0.5901864193008675,0.4423470405858533,1,0
disdains,0.5901864193008675,0.4423470405858533,1,0
disgraceful,0.5901864193008675,0.4423470405858533,1,0
disgracefulness,0.5901864193008675,0.4423470405858533,1,0
disguised,0.5901864193008675,0.4423470405858533,1,0
disgusting,0.5901864193008675,0.4423470405858533,1,0
dishes,0.5901864193008675,0.4423470405858533,1,0
dishonestly,0.5901864193008675,0.4423470405858533,1,0
dishonesty,0.5901864193008675,0.4423470405858533,1,0
disingenuous,0.5901864193008675,0.4423470405858533,1,0
disintegrating,0.5901864193008675,0.4423470405858533,1,0
disloyalty,0.5901864193008675,0.4423470405858533,1,0
displacement-related,0.5901864193008675,0.4423470405858533,1,0
displaces,0.5901864193008675,0.4423470405858533,1,0
dispossessed,0.5901864193008675,0.4423470405858533,1,0
disproved,0.5901864193008675,0.4423470405858533,1,0
disquiet,0.5901864193008675,0.4423470405858533,1,0
disrespecting,0.5901864193008675,0.4423470405858533,1,0
disrespects,0.5901864193008675,0.4423470405858533,1,0
disruptor,0.5901864193008675,0.4423470405858533,1,0
dissemble,0.5901864193008675,0.4423470405858533,1,0
disseminated,0.5901864193008675,0.4423470405858533,1,0
dissent,0.5901864193008675,0.4423470405858533,1,0
dissolve,0.5901864193008675,0.4423470405858533,1,0
distract,0.5901864193008675,0.4423470405858533,1,0
distracted,0.5901864193008675,0.4423470405858533,1,0
distracting,0.5901864193008675,0.4423470405858533,1,0
distraught,0.5901864193008675,0.4423470405858533,1,0
disturbance,0.5901864193008675,0.4423470405858533,1,0
disturbances,0.5901864193008675,0.4423470405858533,1,0
divisive,0.5901864193008675,0.4423470405858533,1,0
djibouti,0.5901864193008675,0.4423470405858533,1,0
dmitrieva,0.5901864193008675,0.4423470405858533,1,0
dmitriy,0.5901864193008675,0.4423470405858533,1,0
dnipropetrovsk,0.5901864193008675,0.4423470405858533,1,0
docket,0.5901864193008675,0.4423470405858533,1,0
dockside,0.5901864193008675,0.4423470405858533,1,0
dog,0.5901864193008675,0.4423470405858533,1,0
doggedness,0.5901864193008675,0.4423470405858533,1,0
dogs,0.5901864193008675,0.4423470405858533,1,0
domain,0.5901864193008675,0.4423470405858533,1,0
donates,0.5901864193008675,0.4423470405858533,1,0
doornail,0.5901864193008675,0.4423470405858533,1,0
doorway,0.5901864193008675,0.4423470405858533,1,0
doraleh,0.5901864193008675,0.4423470405858533,1,0
dostoevsky,0.5901864193008675,0.4423470405858533,1,0
doubters,0.5901864193008675,0.4423470405858533,1,0
downing,0.5901864193008675,0.4423470405858533,1,0
downturn,0.5901864193008675,0.4423470405858533,1,0
downwards,0.5901864193008675,0.4423470405858533,1,0
drain,0.5901864193008675,0.4423470405858533,1,0
dramas,0.5901864193008675,0.4423470405858533,1,0
dreamed,0.5901864193008675,0.4423470405858533,1,0
dress,0.5901864193008675,0.4423470405858533,1,0
drifting,0.5901864193008675,0.4423470405858533,1,0
drink,0.5901864193008675,0.4423470405858533,1,0
drivels,0.5901864193008675,0.4423470405858533,1,0
drives,0.5901864193008675,0.4423470405858533,1,0
droughts,0.5901864193008675,0.4423470405858533,1,0
drown,0.5901864193008675,0.4423470405858533,1,0
drug,0.5901864193008675,0.4423470405858533,1,0
dual-use,0.5901864193008675,0.4423470405858533,1,0
dubno,0.5901864193008675,0.4423470405858533,1,0
dug,0.5901864193008675,0.4423470405858533,1,0
dusk,0.5901864193008675,0.4423470405858533,1,0
dustbin,0.5901864193008675,0.4423470405858533,1,0
dusted,0.5901864193008675,0.4423470405858533,1,0
dwell,0.5901864193008675,0.4423470405858533,1,0
dwelling,0.5901864193008675,0.4423470405858533,1,0
dyilo,0.5901864193008675,0.4423470405858533,1,0
dynamism,0.5901864193008675,0.4423470405858533,1,0
dystopian,0.5901864193008675,0.4423470405858533,1,0
déjà,0.5901864193008675,0.4423470405858533,1,0
e-assessment,0.5901864193008675,0.4423470405858533,1,0
early-childhood,0.5901864193008675,0.4423470405858533,1,0
earned,0.5901864193008675,0.4423470405858533,1,0
earphones,0.5901864193008675,0.4423470405858533,1,0
earrings,0.5901864193008675,0.4423470405858533,1,0
earth-shattering,0.5901864193008675,0.4423470405858533,1,0
easter,0.5901864193008675,0.4423470405858533,1,0
edi,0.5901864193008675,0.4423470405858533,1,0
edition,0.5901864193008675,0.4423470405858533,1,0
educate,0.5901864193008675,0.4423470405858533,1,0
educated,0.5901864193008675,0.4423470405858533,1,0
efficiency,0.5901864193008675,0.4423470405858533,1,0
ego,0.5901864193008675,0.4423470405858533,1,0
eichmann,0.5901864193008675,0.4423470405858533,1,0
eight-year-old,0.5901864193008675,0.4423470405858533,1,0
eighty-one,0.5901864193008675,0.4423470405858533,1,0
eighty-seven,0.5901864193008675,0.4423470405858533,1,0
einstein,0.5901864193008675,0.4423470405858533,1,0
ekstra,0.5901864193008675,0.4423470405858533,1,0
elect,0.5901864193008675,0.4423470405858533,1,0
electoral,0.5901864193008675,0.4423470405858533,1,0
electricity-line,0.5901864193008675,0.4423470405858533,1,0
electrocution,0.5901864193008675,0.4423470405858533,1,0
elevator,0.5901864193008675,0.4423470405858533,1,0
eligible,0.5901864193008675,0.4423470405858533,1,0
elite,0.5901864193008675,0.4423470405858533,1,0
elites,0.5901864193008675,0.4423470405858533,1,0
elmau,0.5901864193008675,0.4423470405858533,1,0
eloquent,0.5901864193008675,0.4423470405858533,1,0
else's,0.5901864193008675,0.4423470405858533,1,0
elucidated,0.5901864193008675,0.4423470405858533,1,0
emasculated,0.5901864193008675,0.4423470405858533,1,0
embargo,0.5901864193008675,0.4423470405858533,1,0
embark,0.5901864193008675,0.4423470405858533,1,0
embarrassment,0.5901864193008675,0.4423470405858533,1,0
emblem,0.5901864193008675,0.4423470405858533,1,0
embodies,0.5901864193008675,0.4423470405858533,1,0
embodiment,0.5901864193008675,0.4423470405858533,1,0
embody,0.5901864193008675,0.4423470405858533,1,0
embolden,0.5901864193008675,0.4423470405858533,1,0
emerges,0.5901864193008675,0.4423470405858533,1,0
emirati,0.5901864193008675,0.4423470405858533,1,0
emissary,0.5901864193008675,0.4423470405858533,1,0
emotionally,0.5901864193008675,0.4423470405858533,1,0
emperor,0.5901864193008675,0.4423470405858533,1,0
emphasise,0.5901864193008675,0.4423470405858533,1,0
empires,0.5901864193008675,0.4423470405858533,1,0
employing,0.5901864193008675,0.4423470405858533,1,0
empowers,0.5901864193008675,0.4423470405858533,1,0
emptiness,0.5901864193008675,0.4423470405858533,1,0
encompassed,0.5901864193008675,0.4423470405858533,1,0
endangers,0.5901864193008675,0.4423470405858533,1,0
endlessly,0.5901864193008675,0.4423470405858533,1,0
energodar,0.5901864193008675,0.4423470405858533,1,0
engineers,0.5901864193008675,0.4423470405858533,1,0
enjoying,0.5901864193008675,0.4423470405858533,1,0
enjoys,0.5901864193008675,0.4423470405858533,1,0
enlarging,0.5901864193008675,0.4423470405858533,1,0
enmity,0.5901864193008675,0.4423470405858533,1,0
enquire,0.5901864193008675,0.4423470405858533,1,0
enrich,0.5901864193008675,0.4423470405858533,1,0
enrolment,0.5901864193008675,0.4423470405858533,1,0
enterprise,0.5901864193008675,0.4423470405858533,1,0
enterprises,0.5901864193008675,0.4423470405858533,1,0
entitlements,0.5901864193008675,0.4423470405858533,1,0
entitles,0.5901864193008675,0.4423470405858533,1,0
entourage,0.5901864193008675,0.4423470405858533,1,0
envisaging,0.5901864193008675,0.4423470405858533,1,0
envisioned,0.5901864193008675,0.4423470405858533,1,0
envisions,0.5901864193008675,0.4423470405858533,1,0
epitome,0.5901864193008675,0.4423470405858533,1,0
equivalency,0.5901864193008675,0.4423470405858533,1,0
eradicate,0.5901864193008675,0.4423470405858533,1,0
erected,0.5901864193008675,0.4423470405858533,1,0
eroding,0.5901864193008675,0.4423470405858533,1,0
erratic,0.5901864193008675,0.4423470405858533,1,0
erroneously,0.5901864193008675,0.4423470405858533,1,0
escapes,0.5901864193008675,0.4423470405858533,1,0
establishments,0.5901864193008675,0.4423470405858533,1,0
esteem,0.5901864193008675,0.4423470405858533,1,0
estimate,0.5901864193008675,0.4423470405858533,1,0
estimating,0.5901864193008675,0.4423470405858533,1,0
estonians,0.5901864193008675,0.4423470405858533,1,0
etched,0.5901864193008675,0.4423470405858533,1,0
ethiopia's,0.5901864193008675,0.4423470405858533,1,0
ethnical,0.5901864193008675,0.4423470405858533,1,0
euphemism,0.5901864193008675,0.4423470405858533,1,0
eurojust,0.5901864193008675,0.4423470405858533,1,0
euros,0.5901864193008675,0.4423470405858533,1,0
evaded,0.5901864193008675,0.4423470405858533,1,0
evaluating,0.5901864193008675,0.4423470405858533,1,0
evan's,0.5901864193008675,0.4423470405858533,1,0
evening,0.5901864193008675,0.4423470405858533,1,0
evenings,0.5901864193008675,0.4423470405858533,1,0
everybody,0.5901864193008675,0.4423470405858533,1,0
evil's,0.5901864193008675,0.4423470405858533,1,0
evils,0.5901864193008675,0.4423470405858533,1,0
evoked,0.5901864193008675,0.4423470405858533,1,0
evokes,0.5901864193008675,0.4423470405858533,1,0
examining,0.5901864193008675,0.4423470405858533,1,0
exceeds,0.5901864193008675,0.4423470405858533,1,0
excellence,0.5901864193008675,0.4423470405858533,1,0
excluding,0.5901864193008675,0.4423470405858533,1,0
executing,0.5901864193008675,0.4423470405858533,1,0
exemplified,0.5901864193008675,0.4423470405858533,1,0
exempt,0.5901864193008675,0.4423470405858533,1,0
exhale,0.5901864193008675,0.4423470405858533,1,0
exhibit,0.5901864193008675,0.4423470405858533,1,0
exhibition,0.5901864193008675,0.4423470405858533,1,0
exhume,0.5901864193008675,0.4423470405858533,1,0
exhuming,0.5901864193008675,0.4423470405858533,1,0
existed,0.5901864193008675,0.4423470405858533,1,0
exonerate,0.5901864193008675,0.4423470405858533,1,0
exorbitant,0.5901864193008675,0.4423470405858533,1,0
exorcize,0.5901864193008675,0.4423470405858533,1,0
expansionist,0.5901864193008675,0.4423470405858533,1,0
expectancy,0.5901864193008675,0.4423470405858533,1,0
expel,0.5901864193008675,0.4423470405858533,1,0
expelling,0.5901864193008675,0.4423470405858533,1,0
explains,0.5901864193008675,0.4423470405858533,1,0
expulsion,0.5901864193008675,0.4423470405858533,1,0
exterminated,0.5901864193008675,0.4423470405858533,1,0
externally,0.5901864193008675,0.4423470405858533,1,0
extra-legal,0.5901864193008675,0.4423470405858533,1,0
extracurricular,0.5901864193008675,0.4423470405858533,1,0
extremists,0.5901864193008675,0.4423470405858533,1,0
eyewitnesses,0.5901864193008675,0.4423470405858533,1,0
f,0.5901864193008675,0.4423470405858533,1,0
face-saving,0.5901864193008675,0.4423470405858533,1,0
facebook,0.5901864193008675,0.4423470405858533,1,0
facelift,0.5901864193008675,0.4423470405858533,1,0
facial,0.5901864193008675,0.4423470405858533,1,0
factories,0.5901864193008675,0.4423470405858533,1,0
factory,0.5901864193008675,0.4423470405858533,1,0
factual,0.5901864193008675,0.4423470405858533,1,0
faint,0.5901864193008675,0.4423470405858533,1,0
fairy,0.5901864193008675,0.4423470405858533,1,0
faiths,0.5901864193008675,0.4423470405858533,1,0
faits,0.5901864193008675,0.4423470405858533,1,0
fake-news,0.5901864193008675,0.4423470405858533,1,0
falsities,0.5901864193008675,0.4423470405858533,1,0
famines,0.5901864193008675,0.4423470405858533,1,0
famous,0.5901864193008675,0.4423470405858533,1,0
famously,0.5901864193008675,0.4423470405858533,1,0
fantasies,0.5901864193008675,0.4423470405858533,1,0
farmlands,0.5901864193008675,0.4423470405858533,1,0
farther,0.5901864193008675,0.4423470405858533,1,0
fashion,0.5901864193008675,0.4423470405858533,1,0
fast-forward,0.5901864193008675,0.4423470405858533,1,0
fast-track,0.5901864193008675,0.4423470405858533,1,0
fateful,0.5901864193008675,0.4423470405858533,1,0
fateh-110,0.5901864193008675,0.4423470405858533,1,0
fates,0.5901864193008675,0.4423470405858533,1,0
father's,0.5901864193008675,0.4423470405858533,1,0
fatigue,0.5901864193008675,0.4423470405858533,1,0
fatigued,0.5901864193008675,0.4423470405858533,1,0
favourite,0.5901864193008675,0.4423470405858533,1,0
feasibility,0.5901864193008675,0.4423470405858533,1,0
feasts,0.5901864193008675,0.4423470405858533,1,0
featuring,0.5901864193008675,0.4423470405858533,1,0
fed,0.5901864193008675,0.4423470405858533,1,0
federation-backed,0.5901864193008675,0.4423470405858533,1,0
feeds,0.5901864193008675,0.4423470405858533,1,0
feigns,0.5901864193008675,0.4423470405858533,1,0
feminist,0.5901864193008675,0.4423470405858533,1,0
ferociously,0.5901864193008675,0.4423470405858533,1,0
fertilizer-related,0.5901864193008675,0.4423470405858533,1,0
festivities,0.5901864193008675,0.4423470405858533,1,0
fiercely,0.5901864193008675,0.4423470405858533,1,0
fifth-largest,0.5901864193008675,0.4423470405858533,1,0
fifty-two,0.5901864193008675,0.4423470405858533,1,0
fig,0.5901864193008675,0.4423470405858533,1,0
filatyev,0.5901864193008675,0.4423470405858533,1,0
fills,0.5901864193008675,0.4423470405858533,1,0
filthy,0.5901864193008675,0.4423470405858533,1,0
filtration-centre,0.5901864193008675,0.4423470405858533,1,0
fingerprinting,0.5901864193008675,0.4423470405858533,1,0
fingerprints,0.5901864193008675,0.4423470405858533,1,0
finish,0.5901864193008675,0.4423470405858533,1,0
finishes,0.5901864193008675,0.4423470405858533,1,0
firefighting,0.5901864193008675,0.4423470405858533,1,0
first-aid,0.5901864193008675,0.4423470405858533,1,0
first-time,0.5901864193008675,0.4423470405858533,1,0
fish,0.5901864193008675,0.4423470405858533,1,0
fist,0.5901864193008675,0.4423470405858533,1,0
fits,0.5901864193008675,0.4423470405858533,1,0
five-dimensional,0.5901864193008675,0.4423470405858533,1,0
five-storey,0.5901864193008675,0.4423470405858533,1,0
flank,0.5901864193008675,0.4423470405858533,1,0
flat,0.5901864193008675,0.4423470405858533,1,0
flattening,0.5901864193008675,0.4423470405858533,1,0
flavoured,0.5901864193008675,0.4423470405858533,1,0
fledged,0.5901864193008675,0.4423470405858533,1,0
flexible,0.5901864193008675,0.4423470405858533,1,0
flimsy,0.5901864193008675,0.4423470405858533,1,0
flipped,0.5901864193008675,0.4423470405858533,1,0
flooded-earth,0.5901864193008675,0.4423470405858533,1,0
floors,0.5901864193008675,0.4423470405858533,1,0
floundering,0.5901864193008675,0.4423470405858533,1,0
flourish,0.5901864193008675,0.4423470405858533,1,0
flowing,0.5901864193008675,0.4423470405858533,1,0
floyd,0.5901864193008675,0.4423470405858533,1,0
flung,0.5901864193008675,0.4423470405858533,1,0
flush,0.5901864193008675,0.4423470405858533,1,0
fly,0.5901864193008675,0.4423470405858533,1,0
fog,0.5901864193008675,0.4423470405858533,1,0
folk,0.5901864193008675,0.4423470405858533,1,0
followers,0.5901864193008675,0.4423470405858533,1,0
foment,0.5901864193008675,0.4423470405858533,1,0
food-price,0.5901864193008675,0.4423470405858533,1,0
food-related,0.5901864193008675,0.4423470405858533,1,0
food-secure,0.5901864193008675,0.4423470405858533,1,0
food-storage,0.5901864193008675,0.4423470405858533,1,0
foolish,0.5901864193008675,0.4423470405858533,1,0
forbes,0.5901864193008675,0.4423470405858533,1,0
forbid,0.5901864193008675,0.4423470405858533,1,0
forbidden,0.5901864193008675,0.4423470405858533,1,0
forced-adoption,0.5901864193008675,0.4423470405858533,1,0
fore,0.5901864193008675,0.4423470405858533,1,0
forefather,0.5901864193008675,0.4423470405858533,1,0
foreigners,0.5901864193008675,0.4423470405858533,1,0
foresee,0.5901864193008675,0.4423470405858533,1,0
foreseen,0.5901864193008675,0.4423470405858533,1,0
forest,0.5901864193008675,0.4423470405858533,1,0
foretell,0.5901864193008675,0.4423470405858533,1,0
forging,0.5901864193008675,0.4423470405858533,1,0
forlorn,0.5901864193008675,0.4423470405858533,1,0
formation,0.5901864193008675,0.4423470405858533,1,0
formations,0.5901864193008675,0.4423470405858533,1,0
formulas,0.5901864193008675,0.4423470405858533,1,0
fortification,0.5901864193008675,0.4423470405858533,1,0
forty-eight,0.5901864193008675,0.4423470405858533,1,0
forty-three,0.5901864193008675,0.4423470405858533,1,0
fossil-fuel,0.5901864193008675,0.4423470405858533,1,0
fostered,0.5901864193008675,0.4423470405858533,1,0
fosters,0.5901864193008675,0.4423470405858533,1,0
founders,0.5901864193008675,0.4423470405858533,1,0
fourteenth,0.5901864193008675,0.4423470405858533,1,0
fragment,0.5901864193008675,0.4423470405858533,1,0
frankfurt,0.5901864193008675,0.4423470405858533,1,0
fraternal,0.5901864193008675,0.4423470405858533,1,0
fraud,0.5901864193008675,0.4423470405858533,1,0
fraudulent,0.5901864193008675,0.4423470405858533,1,0
freaks,0.5901864193008675,0.4423470405858533,1,0
freight,0.5901864193008675,0.4423470405858533,1,0
freudian,0.5901864193008675,0.4423470405858533,1,0
frighten,0.5901864193008675,0.4423470405858533,1,0
frightened,0.5901864193008675,0.4423470405858533,1,0
frontal,0.5901864193008675,0.4423470405858533,1,0
frosts,0.5901864193008675,0.4423470405858533,1,0
fulfillment,0.5901864193008675,0.4423470405858533,1,0
full-blown,0.5901864193008675,0.4423470405858533,1,0
fumes,0.5901864193008675,0.4423470405858533,1,0
functional,0.5901864193008675,0.4423470405858533,1,0
funnelling,0.5901864193008675,0.4423470405858533,1,0
funnier,0.5901864193008675,0.4423470405858533,1,0
gagarin,0.5901864193008675,0.4423470405858533,1,0
gained,0.5901864193008675,0.4423470405858533,1,0
gaining,0.5901864193008675,0.4423470405858533,1,0
galling,0.5901864193008675,0.4423470405858533,1,0
galvanizing,0.5901864193008675,0.4423470405858533,1,0
gambia,0.5901864193008675,0.4423470405858533,1,0
gamma,0.5901864193008675,0.4423470405858533,1,0
gaping,0.5901864193008675,0.4423470405858533,1,0
gardens,0.5901864193008675,0.4423470405858533,1,0
garland,0.5901864193008675,0.4423470405858533,1,0
garner,0.5901864193008675,0.4423470405858533,1,0
gaslighting,0.5901864193008675,0.4423470405858533,1,0
gates,0.5901864193008675,0.4423470405858533,1,0
gateway,0.5901864193008675,0.4423470405858533,1,0
gathers,0.5901864193008675,0.4423470405858533,1,0
gazeta,0.5901864193008675,0.4423470405858533,1,0
genera,0.5901864193008675,0.4423470405858533,1,0
generals,0.5901864193008675,0.4423470405858533,1,0
generator,0.5901864193008675,0.4423470405858533,1,0
genesis,0.5901864193008675,0.4423470405858533,1,0
genetic,0.5901864193008675,0.4423470405858533,1,0
genitals,0.5901864193008675,0.4423470405858533,1,0
gentleman,0.5901864193008675,0.4423470405858533,1,0
geographic,0.5901864193008675,0.4423470405858533,1,0
george,0.5901864193008675,0.4423470405858533,1,0
geran-2,0.5901864193008675,0.4423470405858533,1,0
gershkovich,0.5901864193008675,0.4423470405858533,1,0
gesture,0.5901864193008675,0.4423470405858533,1,0
gibberish,0.5901864193008675,0.4423470405858533,1,0
gift,0.5901864193008675,0.4423470405858533,1,0
gifts,0.5901864193008675,0.4423470405858533,1,0
gilbert,0.5901864193008675,0.4423470405858533,1,0
ginning,0.5901864193008675,0.4423470405858533,1,0
girl's,0.5901864193008675,0.4423470405858533,1,0
gladly,0.5901864193008675,0.4423470405858533,1,0
glaring,0.5901864193008675,0.4423470405858533,1,0
glass,0.5901864193008675,0.4423470405858533,1,0
glimpses,0.5901864193008675,0.4423470405858533,1,0
glitches,0.5901864193008675,0.4423470405858533,1,0
gliński,0.5901864193008675,0.4423470405858533,1,0
gloating,0.5901864193008675,0.4423470405858533,1,0
glorification,0.5901864193008675,0.4423470405858533,1,0
gloss,0.5901864193008675,0.4423470405858533,1,0
gloves,0.5901864193008675,0.4423470405858533,1,0
glued,0.5901864193008675,0.4423470405858533,1,0
godot,0.5901864193008675,0.4423470405858533,1,0
goebbels,0.5901864193008675,0.4423470405858533,1,0
goethe,0.5901864193008675,0.4423470405858533,1,0
gold,0.5901864193008675,0.4423470405858533,1,0
government-held,0.5901864193008675,0.4423470405858533,1,0
governmental,0.5901864193008675,0.4423470405858533,1,0
grabbed,0.5901864193008675,0.4423470405858533,1,0
gracious,0.5901864193008675,0.4423470405858533,1,0
grad,0.5901864193008675,0.4423470405858533,1,0
grain-carrier,0.5901864193008675,0.4423470405858533,1,0
grain-carrying,0.5901864193008675,0.4423470405858533,1,0
granary,0.5901864193008675,0.4423470405858533,1,0
grandchild,0.5901864193008675,0.4423470405858533,1,0
granddaughter,0.5901864193008675,0.4423470405858533,1,0
grandeur,0.5901864193008675,0.4423470405858533,1,0
grandfather,0.5901864193008675,0.4423470405858533,1,0
graphically,0.5901864193008675,0.4423470405858533,1,0
grasp,0.5901864193008675,0.4423470405858533,1,0
grassi,0.5901864193008675,0.4423470405858533,1,0
gratis,0.5901864193008675,0.4423470405858533,1,0
graveyard,0.5901864193008675,0.4423470405858533,1,0
greek,0.5901864193008675,0.4423470405858533,1,0
greetings,0.5901864193008675,0.4423470405858533,1,0
grenada,0.5901864193008675,0.4423470405858533,1,0
grey,0.5901864193008675,0.4423470405858533,1,0
grieve,0.5901864193008675,0.4423470405858533,1,0
grieved,0.5901864193008675,0.4423470405858533,1,0
grievous,0.5901864193008675,0.4423470405858533,1,0
griffith,0.5901864193008675,0.4423470405858533,1,0
grimmer,0.5901864193008675,0.4423470405858533,1,0
grinder,0.5901864193008675,0.4423470405858533,1,0
gripping,0.5901864193008675,0.4423470405858533,1,0
grit,0.5901864193008675,0.4423470405858533,1,0
ground-based,0.5901864193008675,0.4423470405858533,1,0
ground-setting,0.5901864193008675,0.4423470405858533,1,0
groundswell,0.5901864193008675,0.4423470405858533,1,0
grozny,0.5901864193008675,0.4423470405858533,1,0
guards,0.5901864193008675,0.4423470405858533,1,0
guess,0.5901864193008675,0.4423470405858533,1,0
guideline,0.5901864193008675,0.4423470405858533,1,0
guinea,0.5901864193008675,0.4423470405858533,1,0
gulag,0.5901864193008675,0.4423470405858533,1,0
gunshot,0.5901864193008675,0.4423470405858533,1,0
gustave,0.5901864193008675,0.4423470405858533,1,0
gustavo,0.5901864193008675,0.4423470405858533,1,0
guys,0.5901864193008675,0.4423470405858533,1,0
göring,0.5901864193008675,0.4423470405858533,1,0
habitats,0.5901864193008675,0.4423470405858533,1,0
hail,0.5901864193008675,0.4423470405858533,1,0
hair,0.5901864193008675,0.4423470405858533,1,0
halyna,0.5901864193008675,0.4423470405858533,1,0
hampers,0.5901864193008675,0.4423470405858533,1,0
happily,0.5901864193008675,0.4423470405858533,1,0
harbinger,0.5901864193008675,0.4423470405858533,1,0
harbour,0.5901864193008675,0.4423470405858533,1,0
hardest-hit,0.5901864193008675,0.4423470405858533,1,0
hardliners,0.5901864193008675,0.4423470405858533,1,0
hardware,0.5901864193008675,0.4423470405858533,1,0
harks,0.5901864193008675,0.4423470405858533,1,0
harmless,0.5901864193008675,0.4423470405858533,1,0
harry,0.5901864193008675,0.4423470405858533,1,0
harshly,0.5901864193008675,0.4423470405858533,1,0
hat,0.5901864193008675,0.4423470405858533,1,0
hates,0.5901864193008675,0.4423470405858533,1,0
haunt,0.5901864193008675,0.4423470405858533,1,0
haunting,0.5901864193008675,0.4423470405858533,1,0
hazard,0.5901864193008675,0.4423470405858533,1,0
hazards,0.5901864193008675,0.4423470405858533,1,0
head-on,0.5901864193008675,0.4423470405858533,1,0
headlines,0.5901864193008675,0.4423470405858533,1,0
health's,0.5901864193008675,0.4423470405858533,1,0
healthier,0.5901864193008675,0.4423470405858533,1,0
heartbroken,0.5901864193008675,0.4423470405858533,1,0
heated,0.5901864193008675,0.4423470405858533,1,0
hell-bent,0.5901864193008675,0.4423470405858533,1,0
helsinki,0.5901864193008675,0.4423470405858533,1,0
hence,0.5901864193008675,0.4423470405858533,1,0
henry,0.5901864193008675,0.4423470405858533,1,0
herald,0.5901864193008675,0.4423470405858533,1,0
hereby,0.5901864193008675,0.4423470405858533,1,0
herewith,0.5901864193008675,0.4423470405858533,1,0
heritage-listed,0.5901864193008675,0.4423470405858533,1,0
hermann,0.5901864193008675,0.4423470405858533,1,0
hesitancy,0.5901864193008675,0.4423470405858533,1,0
hesitant,0.5901864193008675,0.4423470405858533,1,0
hesitating,0.5901864193008675,0.4423470405858533,1,0
hesitation,0.5901864193008675,0.4423470405858533,1,0
high-education,0.5901864193008675,0.4423470405858533,1,0
high-mobility,0.5901864193008675,0.4423470405858533,1,0
higher-priced,0.5901864193008675,0.4423470405858533,1,0
highways,0.5901864193008675,0.4423470405858533,1,0
hikes,0.5901864193008675,0.4423470405858533,1,0
himmler,0.5901864193008675,0.4423470405858533,1,0
himmler's,0.5901864193008675,0.4423470405858533,1,0
hiroshima,0.5901864193008675,0.4423470405858533,1,0
historian,0.5901864193008675,0.4423470405858533,1,0
history-shaping,0.5901864193008675,0.4423470405858533,1,0
hlib,0.5901864193008675,0.4423470405858533,1,0
hoc,0.5901864193008675,0.4423470405858533,1,0
hoist,0.5901864193008675,0.4423470405858533,1,0
hola,0.5901864193008675,0.4423470405858533,1,0
hollowed,0.5901864193008675,0.4423470405858533,1,0
holynska,0.5901864193008675,0.4423470405858533,1,0
hometown,0.5901864193008675,0.4423470405858533,1,0
homework,0.5901864193008675,0.4423470405858533,1,0
homo,0.5901864193008675,0.4423470405858533,1,0
honcharivske,0.5901864193008675,0.4423470405858533,1,0
honestly,0.5901864193008675,0.4423470405858533,1,0
honey,0.5901864193008675,0.4423470405858533,1,0
honorary,0.5901864193008675,0.4423470405858533,1,0
honours,0.5901864193008675,0.4423470405858533,1,0
hospitable,0.5901864193008675,0.4423470405858533,1,0
hospital's,0.5901864193008675,0.4423470405858533,1,0
hospitalized,0.5901864193008675,0.4423470405858533,1,0
hostage-taking,0.5901864193008675,0.4423470405858533,1,0
hourly,0.5901864193008675,0.4423470405858533,1,0
hroza's,0.5901864193008675,0.4423470405858533,1,0
huddle,0.5901864193008675,0.4423470405858533,1,0
huddling,0.5901864193008675,0.4423470405858533,1,0
hugely,0.5901864193008675,0.4423470405858533,1,0
hugo,0.5901864193008675,0.4423470405858533,1,0
human-wave,0.5901864193008675,0.4423470405858533,1,0
humanism,0.5901864193008675,0.4423470405858533,1,0
humbug,0.5901864193008675,0.4423470405858533,1,0
humour,0.5901864193008675,0.4423470405858533,1,0
hundredth,0.5901864193008675,0.4423470405858533,1,0
hunting,0.5901864193008675,0.4423470405858533,1,0
husbands,0.5901864193008675,0.4423470405858533,1,0
husks,0.5901864193008675,0.4423470405858533,1,0
hutus,0.5901864193008675,0.4423470405858533,1,0
hydraulic,0.5901864193008675,0.4423470405858533,1,0
hypersonic,0.5901864193008675,0.4423470405858533,1,0
hypocritically,0.5901864193008675,0.4423470405858533,1,0
hypothesis,0.5901864193008675,0.4423470405858533,1,0
ian,0.5901864193008675,0.4423470405858533,1,0
iblis,0.5901864193008675,0.4423470405858533,1,0
icc's,0.5901864193008675,0.4423470405858533,1,0
ideal,0.5901864193008675,0.4423470405858533,1,0
idealistic,0.5901864193008675,0.4423470405858533,1,0
identification-change,0.5901864193008675,0.4423470405858533,1,0
identifies,0.5901864193008675,0.4423470405858533,1,0
ideologically,0.5901864193008675,0.4423470405858533,1,0
idp,0.5901864193008675,0.4423470405858533,1,0
ieae,0.5901864193008675,0.4423470405858533,1,0
ignoble,0.5901864193008675,0.4423470405858533,1,0
ignominious,0.5901864193008675,0.4423470405858533,1,0
ill-equipped,0.5901864193008675,0.4423470405858533,1,0
illariia,0.5901864193008675,0.4423470405858533,1,0
illuminating,0.5901864193008675,0.4423470405858533,1,0
illusion,0.5901864193008675,0.4423470405858533,1,0
imagining,0.5901864193008675,0.4423470405858533,1,0
immigration,0.5901864193008675,0.4423470405858533,1,0
immorality,0.5901864193008675,0.4423470405858533,1,0
immunities,0.5901864193008675,0.4423470405858533,1,0
immunity,0.5901864193008675,0.4423470405858533,1,0
impasse,0.5901864193008675,0.4423470405858533,1,0
impeccable,0.5901864193008675,0.4423470405858533,1,0
impedes,0.5901864193008675,0.4423470405858533,1,0
impending,0.5901864193008675,0.4423470405858533,1,0
implanting,0.5901864193008675,0.4423470405858533,1,0
implication,0.5901864193008675,0.4423470405858533,1,0
implicit,0.5901864193008675,0.4423470405858533,1,0
implicitly,0.5901864193008675,0.4423470405858533,1,0
implying,0.5901864193008675,0.4423470405858533,1,0
imported,0.5901864193008675,0.4423470405858533,1,0
impoverished,0.5901864193008675,0.4423470405858533,1,0
impoverishing,0.5901864193008675,0.4423470405858533,1,0
impregnated,0.5901864193008675,0.4423470405858533,1,0
impressed,0.5901864193008675,0.4423470405858533,1,0
imprisoned,0.5901864193008675,0.4423470405858533,1,0
imprisonment,0.5901864193008675,0.4423470405858533,1,0
impulses,0.5901864193008675,0.4423470405858533,1,0
imustalsoexpressourdeepconcern,0.5901864193008675,0.4423470405858533,1,0
inaccurate,0.5901864193008675,0.4423470405858533,1,0
inadvertently,0.5901864193008675,0.4423470405858533,1,0
inaugurated,0.5901864193008675,0.4423470405858533,1,0
incapable,0.5901864193008675,0.4423470405858533,1,0
incendiary,0.5901864193008675,0.4423470405858533,1,0
incessant,0.5901864193008675,0.4423470405858533,1,0
incline,0.5901864193008675,0.4423470405858533,1,0
incommensurable,0.5901864193008675,0.4423470405858533,1,0
inconveniences,0.5901864193008675,0.4423470405858533,1,0
incorporate,0.5901864193008675,0.4423470405858533,1,0
incredulous,0.5901864193008675,0.4423470405858533,1,0
incubators,0.5901864193008675,0.4423470405858533,1,0
indebted,0.5901864193008675,0.4423470405858533,1,0
indication,0.5901864193008675,0.4423470405858533,1,0
indicted,0.5901864193008675,0.4423470405858533,1,0
indictments,0.5901864193008675,0.4423470405858533,1,0
indisputably,0.5901864193008675,0.4423470405858533,1,0
indoctrinate,0.5901864193008675,0.4423470405858533,1,0
indoctrinated,0.5901864193008675,0.4423470405858533,1,0
indoctrinating,0.5901864193008675,0.4423470405858533,1,0
indoor,0.5901864193008675,0.4423470405858533,1,0
induce,0.5901864193008675,0.4423470405858533,1,0
induced,0.5901864193008675,0.4423470405858533,1,0
inebriated,0.5901864193008675,0.4423470405858533,1,0
inevitability,0.5901864193008675,0.4423470405858533,1,0
inexorably,0.5901864193008675,0.4423470405858533,1,0
infamy,0.5901864193008675,0.4423470405858533,1,0
infectious,0.5901864193008675,0.4423470405858533,1,0
infinite,0.5901864193008675,0.4423470405858533,1,0
inflame,0.5901864193008675,0.4423470405858533,1,0
influenced,0.5901864193008675,0.4423470405858533,1,0
influx,0.5901864193008675,0.4423470405858533,1,0
informing,0.5901864193008675,0.4423470405858533,1,0
infra,0.5901864193008675,0.4423470405858533,1,0
infusing,0.5901864193008675,0.4423470405858533,1,0
inhale,0.5901864193008675,0.4423470405858533,1,0
injustice,0.5901864193008675,0.4423470405858533,1,0
inked,0.5901864193008675,0.4423470405858533,1,0
innocence,0.5901864193008675,0.4423470405858533,1,0
innovation,0.5901864193008675,0.4423470405858533,1,0
insidiously,0.5901864193008675,0.4423470405858533,1,0
insincerity,0.5901864193008675,0.4423470405858533,1,0
inspected,0.5901864193008675,0.4423470405858533,1,0
install,0.5901864193008675,0.4423470405858533,1,0
installation,0.5901864193008675,0.4423470405858533,1,0
instalments,0.5901864193008675,0.4423470405858533,1,0
instantaneous,0.5901864193008675,0.4423470405858533,1,0
instantly,0.5901864193008675,0.4423470405858533,1,0
instigating,0.5901864193008675,0.4423470405858533,1,0
instinctively,0.5901864193008675,0.4423470405858533,1,0
instituting,0.5901864193008675,0.4423470405858533,1,0
institutionalize,0.5901864193008675,0.4423470405858533,1,0
instructed,0.5901864193008675,0.4423470405858533,1,0
insufficiently,0.5901864193008675,0.4423470405858533,1,0
insulation,0.5901864193008675,0.4423470405858533,1,0
insulin,0.5901864193008675,0.4423470405858533,1,0
insulted,0.5901864193008675,0.4423470405858533,1,0
insulting,0.5901864193008675,0.4423470405858533,1,0
insured,0.5901864193008675,0.4423470405858533,1,0
insurrection,0.5901864193008675,0.4423470405858533,1,0
intake,0.5901864193008675,0.4423470405858533,1,0
intakes,0.5901864193008675,0.4423470405858533,1,0
intensely,0.5901864193008675,0.4423470405858533,1,0
intensively,0.5901864193008675,0.4423470405858533,1,0
intercepted,0.5901864193008675,0.4423470405858533,1,0
intercepting,0.5901864193008675,0.4423470405858533,1,0
interceptions,0.5901864193008675,0.4423470405858533,1,0
interest-free,0.5901864193008675,0.4423470405858533,1,0
interfere,0.5901864193008675,0.4423470405858533,1,0
intergovernmental,0.5901864193008675,0.4423470405858533,1,0
interlocking,0.5901864193008675,0.4423470405858533,1,0
internationalis,0.5901864193008675,0.4423470405858533,1,0
interpret,0.5901864193008675,0.4423470405858533,1,0
interpreter,0.5901864193008675,0.4423470405858533,1,0
interregional,0.5901864193008675,0.4423470405858533,1,0
interrogate,0.5901864193008675,0.4423470405858533,1,0
interrogating,0.5901864193008675,0.4423470405858533,1,0
interrogations,0.5901864193008675,0.4423470405858533,1,0
interrogators,0.5901864193008675,0.4423470405858533,1,0
interrupt,0.5901864193008675,0.4423470405858533,1,0
intersecting,0.5901864193008675,0.4423470405858533,1,0
intersex,0.5901864193008675,0.4423470405858533,1,0
intervene,0.5901864193008675,0.4423470405858533,1,0
interviews,0.5901864193008675,0.4423470405858533,1,0
intimidated,0.5901864193008675,0.4423470405858533,1,0
intoxicated,0.5901864193008675,0.4423470405858533,1,0
intruding,0.5901864193008675,0.4423470405858533,1,0
invades,0.5901864193008675,0.4423470405858533,1,0
invasion's,0.5901864193008675,0.4423470405858533,1,0
invasive,0.5901864193008675,0.4423470405858533,1,0
invent,0.5901864193008675,0.4423470405858533,1,0
inventing,0.5901864193008675,0.4423470405858533,1,0
invocation,0.5901864193008675,0.4423470405858533,1,0
involuntary,0.5901864193008675,0.4423470405858533,1,0
iran-made,0.5901864193008675,0.4423470405858533,1,0
iranian-supplied,0.5901864193008675,0.4423470405858533,1,0
ire,0.5901864193008675,0.4423470405858533,1,0
irkutsk,0.5901864193008675,0.4423470405858533,1,0
iron-clad,0.5901864193008675,0.4423470405858533,1,0
ironic,0.5901864193008675,0.4423470405858533,1,0
ironically,0.5901864193008675,0.4423470405858533,1,0
irony,0.5901864193008675,0.4423470405858533,1,0
irrational,0.5901864193008675,0.4423470405858533,1,0
irrelevant,0.5901864193008675,0.4423470405858533,1,0
irritate,0.5901864193008675,0.4423470405858533,1,0
iryna,0.5901864193008675,0.4423470405858533,1,0
iskander-m,0.5901864193008675,0.4423470405858533,1,0
islands,0.5901864193008675,0.4423470405858533,1,0
ivankiv,0.5901864193008675,0.4423470405858533,1,0
iwould,0.5901864193008675,0.4423470405858533,1,0
izmail,0.5901864193008675,0.4423470405858533,1,0
jamaica,0.5901864193008675,0.4423470405858533,1,0
janez,0.5901864193008675,0.4423470405858533,1,0
japanese,0.5901864193008675,0.4423470405858533,1,0
jealous,0.5901864193008675,0.4423470405858533,1,0
jean-yves,0.5901864193008675,0.4423470405858533,1,0
jet-lagged,0.5901864193008675,0.4423470405858533,1,0
joseph,0.5901864193008675,0.4423470405858533,1,0
josephs,0.5901864193008675,0.4423470405858533,1,0
joyfully,0.5901864193008675,0.4423470405858533,1,0
joys,0.5901864193008675,0.4423470405858533,1,0
jp,0.5901864193008675,0.4423470405858533,1,0
jr,0.5901864193008675,0.4423470405858533,1,0
jump,0.5901864193008675,0.4423470405858533,1,0
kadyrov's,0.5901864193008675,0.4423470405858533,1,0
kahkovka,0.5901864193008675,0.4423470405858533,1,0
kandinsky,0.5901864193008675,0.4423470405858533,1,0
kapkanets,0.5901864193008675,0.4423470405858533,1,0
kartapolov,0.5901864193008675,0.4423470405858533,1,0
keenly,0.5901864193008675,0.4423470405858533,1,0
kemerovo,0.5901864193008675,0.4423470405858533,1,0
keyword,0.5901864193008675,0.4423470405858533,1,0
kh,0.5901864193008675,0.4423470405858533,1,0
kh-101,0.5901864193008675,0.4423470405858533,1,0
kh-32,0.5901864193008675,0.4423470405858533,1,0
kh-47m2,0.5901864193008675,0.4423470405858533,1,0
kh-55,0.5901864193008675,0.4423470405858533,1,0
kh-555,0.5901864193008675,0.4423470405858533,1,0
khartsysk,0.5901864193008675,0.4423470405858533,1,0
khasavyurt,0.5901864193008675,0.4423470405858533,1,0
kherson's,0.5901864193008675,0.4423470405858533,1,0
kicked,0.5901864193008675,0.4423470405858533,1,0
kids,0.5901864193008675,0.4423470405858533,1,0
kiev,0.5901864193008675,0.4423470405858533,1,0
kilogrammes,0.5901864193008675,0.4423470405858533,1,0
kin,0.5901864193008675,0.4423470405858533,1,0
king,0.5901864193008675,0.4423470405858533,1,0
kinzhal,0.5901864193008675,0.4423470405858533,1,0
kiribati,0.5901864193008675,0.4423470405858533,1,0
kirill,0.5901864193008675,0.4423470405858533,1,0
kiss,0.5901864193008675,0.4423470405858533,1,0
kissinger,0.5901864193008675,0.4423470405858533,1,0
kissinger's,0.5901864193008675,0.4423470405858533,1,0
kitchen,0.5901864193008675,0.4423470405858533,1,0
kitchens,0.5901864193008675,0.4423470405858533,1,0
kiye,0.5901864193008675,0.4423470405858533,1,0
kleptocracy,0.5901864193008675,0.4423470405858533,1,0
knock,0.5901864193008675,0.4423470405858533,1,0
knowledge-sharing,0.5901864193008675,0.4423470405858533,1,0
konotop,0.5901864193008675,0.4423470405858533,1,0
korea's,0.5901864193008675,0.4423470405858533,1,0
kosovo's,0.5901864193008675,0.4423470405858533,1,0
kozyr,0.5901864193008675,0.4423470405858533,1,0
kremlin-controlled,0.5901864193008675,0.4423470405858533,1,0
kremlin-owned,0.5901864193008675,0.4423470405858533,1,0
kropyvnytskyi,0.5901864193008675,0.4423470405858533,1,0
lagging,0.5901864193008675,0.4423470405858533,1,0
lamenting,0.5901864193008675,0.4423470405858533,1,0
laments,0.5901864193008675,0.4423470405858533,1,0
lana,0.5901864193008675,0.4423470405858533,1,0
landlords,0.5901864193008675,0.4423470405858533,1,0
landmarks,0.5901864193008675,0.4423470405858533,1,0
languages,0.5901864193008675,0.4423470405858533,1,0
languish,0.5901864193008675,0.4423470405858533,1,0
large-tonnage,0.5901864193008675,0.4423470405858533,1,0
laud,0.5901864193008675,0.4423470405858533,1,0
laughed,0.5901864193008675,0.4423470405858533,1,0
laughing,0.5901864193008675,0.4423470405858533,1,0
launcher,0.5901864193008675,0.4423470405858533,1,0
launchers,0.5901864193008675,0.4423470405858533,1,0
laundry,0.5901864193008675,0.4423470405858533,1,0
laureate,0.5901864193008675,0.4423470405858533,1,0
law-abiding,0.5901864193008675,0.4423470405858533,1,0
lawful,0.5901864193008675,0.4423470405858533,1,0
lawn,0.5901864193008675,0.4423470405858533,1,0
lawyer,0.5901864193008675,0.4423470405858533,1,0
leadership's,0.5901864193008675,0.4423470405858533,1,0
leaf,0.5901864193008675,0.4423470405858533,1,0
leaflets,0.5901864193008675,0.4423470405858533,1,0
leakage,0.5901864193008675,0.4423470405858533,1,0
leanings,0.5901864193008675,0.4423470405858533,1,0
least-developed,0.5901864193008675,0.4423470405858533,1,0
lebanon's,0.5901864193008675,0.4423470405858533,1,0
lebed,0.5901864193008675,0.4423470405858533,1,0
lecture,0.5901864193008675,0.4423470405858533,1,0
lectured,0.5901864193008675,0.4423470405858533,1,0
lecturing,0.5901864193008675,0.4423470405858533,1,0
leendertse,0.5901864193008675,0.4423470405858533,1,0
legitimization,0.5901864193008675,0.4423470405858533,1,0
legitimizes,0.5901864193008675,0.4423470405858533,1,0
leisure,0.5901864193008675,0.4423470405858533,1,0
length,0.5901864193008675,0.4423470405858533,1,0
lengths,0.5901864193008675,0.4423470405858533,1,0
leon,0.5901864193008675,0.4423470405858533,1,0
leonardo,0.5901864193008675,0.4423470405858533,1,0
lesotho,0.5901864193008675,0.4423470405858533,1,0
leyen,0.5901864193008675,0.4423470405858533,1,0
liars,0.5901864193008675,0.4423470405858533,1,0
liberates,0.5901864193008675,0.4423470405858533,1,0
liberian,0.5901864193008675,0.4423470405858533,1,0
libya's,0.5901864193008675,0.4423470405858533,1,0
lieutenant,0.5901864193008675,0.4423470405858533,1,0
life-altering,0.5901864193008675,0.4423470405858533,1,0
life-changing,0.5901864193008675,0.4423470405858533,1,0
life-long,0.5901864193008675,0.4423470405858533,1,0
lifestyle,0.5901864193008675,0.4423470405858533,1,0
lifting,0.5901864193008675,0.4423470405858533,1,0
lightly,0.5901864193008675,0.4423470405858533,1,0
like-minded,0.5901864193008675,0.4423470405858533,1,0
limitless,0.5901864193008675,0.4423470405858533,1,0
linchpin,0.5901864193008675,0.4423470405858533,1,0
lined,0.5901864193008675,0.4423470405858533,1,0
lingering,0.5901864193008675,0.4423470405858533,1,0
lisa,0.5901864193008675,0.4423470405858533,1,0
listable,0.5901864193008675,0.4423470405858533,1,0
listeners,0.5901864193008675,0.4423470405858533,1,0
literal,0.5901864193008675,0.4423470405858533,1,0
lithuanian,0.5901864193008675,0.4423470405858533,1,0
litres,0.5901864193008675,0.4423470405858533,1,0
liudmyla,0.5901864193008675,0.4423470405858533,1,0
liutizh,0.5901864193008675,0.4423470405858533,1,0
ljubljana-the,0.5901864193008675,0.4423470405858533,1,0
lo,0.5901864193008675,0.4423470405858533,1,0
load,0.5901864193008675,0.4423470405858533,1,0
loaves,0.5901864193008675,0.4423470405858533,1,0
locality,0.5901864193008675,0.4423470405858533,1,0
locally,0.5901864193008675,0.4423470405858533,1,0
locating,0.5901864193008675,0.4423470405858533,1,0
lock,0.5901864193008675,0.4423470405858533,1,0
locked,0.5901864193008675,0.4423470405858533,1,0
lodged,0.5901864193008675,0.4423470405858533,1,0
long-banished,0.5901864193008675,0.4423470405858533,1,0
long-held,0.5901864193008675,0.4423470405858533,1,0
long-remembered,0.5901864193008675,0.4423470405858533,1,0
long-suffering,0.5901864193008675,0.4423470405858533,1,0
long-time,0.5901864193008675,0.4423470405858533,1,0
longingly,0.5901864193008675,0.4423470405858533,1,0
loosened,0.5901864193008675,0.4423470405858533,1,0
loot,0.5901864193008675,0.4423470405858533,1,0
lord,0.5901864193008675,0.4423470405858533,1,0
lots,0.5901864193008675,0.4423470405858533,1,0
low-lying,0.5901864193008675,0.4423470405858533,1,0
low-precision,0.5901864193008675,0.4423470405858533,1,0
lowers,0.5901864193008675,0.4423470405858533,1,0
lows,0.5901864193008675,0.4423470405858533,1,0
loyal,0.5901864193008675,0.4423470405858533,1,0
loyalty,0.5901864193008675,0.4423470405858533,1,0
lubanga,0.5901864193008675,0.4423470405858533,1,0
lucidity,0.5901864193008675,0.4423470405858533,1,0
lucifer,0.5901864193008675,0.4423470405858533,1,0
luggage,0.5901864193008675,0.4423470405858533,1,0
lukashenko,0.5901864193008675,0.4423470405858533,1,0
luther,0.5901864193008675,0.4423470405858533,1,0
lutsk,0.5901864193008675,0.4423470405858533,1,0
ly,0.5901864193008675,0.4423470405858533,1,0
lyman,0.5901864193008675,0.4423470405858533,1,0
lyzunivka,0.5901864193008675,0.4423470405858533,1,0
macabre,0.5901864193008675,0.4423470405858533,1,0
macroeconomist,0.5901864193008675,0.4423470405858533,1,0
mad,0.5901864193008675,0.4423470405858533,1,0
made-in-russia,0.5901864193008675,0.4423470405858533,1,0
madman's,0.5901864193008675,0.4423470405858533,1,0
magazine,0.5901864193008675,0.4423470405858533,1,0
maim,0.5901864193008675,0.4423470405858533,1,0
mainland,0.5901864193008675,0.4423470405858533,1,0
maize,0.5901864193008675,0.4423470405858533,1,0
majorities,0.5901864193008675,0.4423470405858533,1,0
makhachkala,0.5901864193008675,0.4423470405858533,1,0
makhov,0.5901864193008675,0.4423470405858533,1,0
makiivka,0.5901864193008675,0.4423470405858533,1,0
malaysian,0.5901864193008675,0.4423470405858533,1,0
mali,0.5901864193008675,0.4423470405858533,1,0
malnourished,0.5901864193008675,0.4423470405858533,1,0
malta's,0.5901864193008675,0.4423470405858533,1,0
mandate-holders,0.5901864193008675,0.4423470405858533,1,0
mandates,0.5901864193008675,0.4423470405858533,1,0
mangush-nikolske-yalta,0.5901864193008675,0.4423470405858533,1,0
manhattan,0.5901864193008675,0.4423470405858533,1,0
manipulates,0.5901864193008675,0.4423470405858533,1,0
manoeuvre,0.5901864193008675,0.4423470405858533,1,0
manrique,0.5901864193008675,0.4423470405858533,1,0
manufacture,0.5901864193008675,0.4423470405858533,1,0
marching,0.5901864193008675,0.4423470405858533,1,0
margarita,0.5901864193008675,0.4423470405858533,1,0
marginalizes,0.5901864193008675,0.4423470405858533,1,0
markers,0.5901864193008675,0.4423470405858533,1,0
married,0.5901864193008675,0.4423470405858533,1,0
marry,0.5901864193008675,0.4423470405858533,1,0
marsh,0.5901864193008675,0.4423470405858533,1,0
marshall,0.5901864193008675,0.4423470405858533,1,0
masks,0.5901864193008675,0.4423470405858533,1,0
masochistic,0.5901864193008675,0.4423470405858533,1,0
massacred,0.5901864193008675,0.4423470405858533,1,0
massive-scale,0.5901864193008675,0.4423470405858533,1,0
masterminded,0.5901864193008675,0.4423470405858533,1,0
masterminds,0.5901864193008675,0.4423470405858533,1,0
masterpieces,0.5901864193008675,0.4423470405858533,1,0
masters,0.5901864193008675,0.4423470405858533,1,0
mately,0.5901864193008675,0.4423470405858533,1,0
materially,0.5901864193008675,0.4423470405858533,1,0
materiel,0.5901864193008675,0.4423470405858533,1,0
math,0.5901864193008675,0.4423470405858533,1,0
maximilien,0.5901864193008675,0.4423470405858533,1,0
maximize,0.5901864193008675,0.4423470405858533,1,0
mayufis,0.5901864193008675,0.4423470405858533,1,0
mclennan's,0.5901864193008675,0.4423470405858533,1,0
meagre,0.5901864193008675,0.4423470405858533,1,0
meal,0.5901864193008675,0.4423470405858533,1,0
meat,0.5901864193008675,0.4423470405858533,1,0
meat-grinder,0.5901864193008675,0.4423470405858533,1,0
meatgrinder,0.5901864193008675,0.4423470405858533,1,0
meditate,0.5901864193008675,0.4423470405858533,1,0
meduza,0.5901864193008675,0.4423470405858533,1,0
megawatts,0.5901864193008675,0.4423470405858533,1,0
melting,0.5901864193008675,0.4423470405858533,1,0
memberships,0.5901864193008675,0.4423470405858533,1,0
memorials,0.5901864193008675,0.4423470405858533,1,0
menace,0.5901864193008675,0.4423470405858533,1,0
menu,0.5901864193008675,0.4423470405858533,1,0
merrick,0.5901864193008675,0.4423470405858533,1,0
messaging,0.5901864193008675,0.4423470405858533,1,0
messenger,0.5901864193008675,0.4423470405858533,1,0
messianic,0.5901864193008675,0.4423470405858533,1,0
metastasizes,0.5901864193008675,0.4423470405858533,1,0
methodical,0.5901864193008675,0.4423470405858533,1,0
mexican,0.5901864193008675,0.4423470405858533,1,0
mh,0.5901864193008675,0.4423470405858533,1,0
mia,0.5901864193008675,0.4423470405858533,1,0
mia's,0.5901864193008675,0.4423470405858533,1,0
microeconomist,0.5901864193008675,0.4423470405858533,1,0
mid-march,0.5901864193008675,0.4423470405858533,1,0
mid-october,0.5901864193008675,0.4423470405858533,1,0
mig,0.5901864193008675,0.4423470405858533,1,0
mighty,0.5901864193008675,0.4423470405858533,1,0
militants,0.5901864193008675,0.4423470405858533,1,0
militarized,0.5901864193008675,0.4423470405858533,1,0
military-industrial,0.5901864193008675,0.4423470405858533,1,0
militias,0.5901864193008675,0.4423470405858533,1,0
milosević,0.5901864193008675,0.4423470405858533,1,0
milošević's,0.5901864193008675,0.4423470405858533,1,0
mimic,0.5901864193008675,0.4423470405858533,1,0
mince,0.5901864193008675,0.4423470405858533,1,0
mine-contaminated,0.5901864193008675,0.4423470405858533,1,0
minefield,0.5901864193008675,0.4423470405858533,1,0
minsk's,0.5901864193008675,0.4423470405858533,1,0
mirroring,0.5901864193008675,0.4423470405858533,1,0
miscarriage,0.5901864193008675,0.4423470405858533,1,0
misdirection,0.5901864193008675,0.4423470405858533,1,0
miseries,0.5901864193008675,0.4423470405858533,1,0
misjudged,0.5901864193008675,0.4423470405858533,1,0
mislead,0.5901864193008675,0.4423470405858533,1,0
misquoted,0.5901864193008675,0.4423470405858533,1,0
misreading,0.5901864193008675,0.4423470405858533,1,0
missile-terror,0.5901864193008675,0.4423470405858533,1,0
missionaries,0.5901864193008675,0.4423470405858533,1,0
mistaken,0.5901864193008675,0.4423470405858533,1,0
misused,0.5901864193008675,0.4423470405858533,1,0
misuses,0.5901864193008675,0.4423470405858533,1,0
mobs,0.5901864193008675,0.4423470405858533,1,0
modern-day,0.5901864193008675,0.4423470405858533,1,0
modernity,0.5901864193008675,0.4423470405858533,1,0
modernization,0.5901864193008675,0.4423470405858533,1,0
modification,0.5901864193008675,0.4423470405858533,1,0
modified,0.5901864193008675,0.4423470405858533,1,0
modular,0.5901864193008675,0.4423470405858533,1,0
modus,0.5901864193008675,0.4423470405858533,1,0
mohajer-6,0.5901864193008675,0.4423470405858533,1,0
mohammed,0.5901864193008675,0.4423470405858533,1,0
moldovan-flagged,0.5901864193008675,0.4423470405858533,1,0
moldovans,0.5901864193008675,0.4423470405858533,1,0
mom,0.5901864193008675,0.4423470405858533,1,0
mona,0.5901864193008675,0.4423470405858533,1,0
monetize,0.5901864193008675,0.4423470405858533,1,0
monitors,0.5901864193008675,0.4423470405858533,1,0
monster,0.5901864193008675,0.4423470405858533,1,0
monstrous,0.5901864193008675,0.4423470405858533,1,0
moon-like,0.5901864193008675,0.4423470405858533,1,0
mop,0.5901864193008675,0.4423470405858533,1,0
morality,0.5901864193008675,0.4423470405858533,1,0
more-than-90,0.5901864193008675,0.4423470405858533,1,0
morgan,0.5901864193008675,0.4423470405858533,1,0
morning's,0.5901864193008675,0.4423470405858533,1,0
morocco,0.5901864193008675,0.4423470405858533,1,0
moscow-imposed,0.5901864193008675,0.4423470405858533,1,0
mosfilm,0.5901864193008675,0.4423470405858533,1,0
mother's,0.5901864193008675,0.4423470405858533,1,0
mother-in-law,0.5901864193008675,0.4423470405858533,1,0
motion,0.5901864193008675,0.4423470405858533,1,0
motive,0.5901864193008675,0.4423470405858533,1,0
motives,0.5901864193008675,0.4423470405858533,1,0
motorized,0.5901864193008675,0.4423470405858533,1,0
motto,0.5901864193008675,0.4423470405858533,1,0
mounted,0.5901864193008675,0.4423470405858533,1,0
mourns,0.5901864193008675,0.4423470405858533,1,0
mouthpieces,0.5901864193008675,0.4423470405858533,1,0
movie,0.5901864193008675,0.4423470405858533,1,0
movies,0.5901864193008675,0.4423470405858533,1,0
much-awaited,0.5901864193008675,0.4423470405858533,1,0
mud,0.5901864193008675,0.4423470405858533,1,0
muddy,0.5901864193008675,0.4423470405858533,1,0
mukwege,0.5901864193008675,0.4423470405858533,1,0
mullally,0.5901864193008675,0.4423470405858533,1,0
multi-layered,0.5901864193008675,0.4423470405858533,1,0
multi-story,0.5901864193008675,0.4423470405858533,1,0
multilateralists,0.5901864193008675,0.4423470405858533,1,0
multiplier,0.5901864193008675,0.4423470405858533,1,0
multiplies,0.5901864193008675,0.4423470405858533,1,0
mummy,0.5901864193008675,0.4423470405858533,1,0
municipalities,0.5901864193008675,0.4423470405858533,1,0
muratov,0.5901864193008675,0.4423470405858533,1,0
muscovite,0.5901864193008675,0.4423470405858533,1,0
mushroom,0.5901864193008675,0.4423470405858533,1,0
muslim,0.5901864193008675,0.4423470405858533,1,0
muslims,0.5901864193008675,0.4423470405858533,1,0
muted,0.5901864193008675,0.4423470405858533,1,0
mutilated,0.5901864193008675,0.4423470405858533,1,0
muzzle,0.5901864193008675,0.4423470405858533,1,0
mykhailo,0.5901864193008675,0.4423470405858533,1,0
mykyta,0.5901864193008675,0.4423470405858533,1,0
myron's,0.5901864193008675,0.4423470405858533,1,0
n,0.5901864193008675,0.4423470405858533,1,0
nadia's,0.5901864193008675,0.4423470405858533,1,0
nadniprianske,0.5901864193008675,0.4423470405858533,1,0
nail,0.5901864193008675,0.4423470405858533,1,0
nairobi,0.5901864193008675,0.4423470405858533,1,0
nameplates,0.5901864193008675,0.4423470405858533,1,0
narrow-minded,0.5901864193008675,0.4423470405858533,1,0
nasa,0.5901864193008675,0.4423470405858533,1,0
nastia,0.5901864193008675,0.4423470405858533,1,0
nastya,0.5901864193008675,0.4423470405858533,1,0
nationalist,0.5901864193008675,0.4423470405858533,1,0
nations-brokered,0.5901864193008675,0.4423470405858533,1,0
nations-sanctioned,0.5901864193008675,0.4423470405858533,1,0
nato-russia,0.5901864193008675,0.4423470405858533,1,0
naturalization,0.5901864193008675,0.4423470405858533,1,0
natálja's,0.5901864193008675,0.4423470405858533,1,0
nauseating,0.5901864193008675,0.4423470405858533,1,0
navalny,0.5901864193008675,0.4423470405858533,1,0
naïve,0.5901864193008675,0.4423470405858533,1,0
nder,0.5901864193008675,0.4423470405858533,1,0
near-unanimous,0.5901864193008675,0.4423470405858533,1,0
nearing,0.5901864193008675,0.4423470405858533,1,0
nefarious,0.5901864193008675,0.4423470405858533,1,0
neo,0.5901864193008675,0.4423470405858533,1,0
neo-colonial,0.5901864193008675,0.4423470405858533,1,0
neo-colonialism,0.5901864193008675,0.4423470405858533,1,0
neo-fascists,0.5901864193008675,0.4423470405858533,1,0
neo-imperialist,0.5901864193008675,0.4423470405858533,1,0
neo-nazi,0.5901864193008675,0.4423470405858533,1,0
neocolonial-style,0.5901864193008675,0.4423470405858533,1,0
neocolonialism,0.5901864193008675,0.4423470405858533,1,0
nervous,0.5901864193008675,0.4423470405858533,1,0
newcomers,0.5901864193008675,0.4423470405858533,1,0
newspaper,0.5901864193008675,0.4423470405858533,1,0
ngo,0.5901864193008675,0.4423470405858533,1,0
nice,0.5901864193008675,0.4423470405858533,1,0
nicolas,0.5901864193008675,0.4423470405858533,1,0
niet,0.5901864193008675,0.4423470405858533,1,0
night's,0.5901864193008675,0.4423470405858533,1,0
night-time,0.5901864193008675,0.4423470405858533,1,0
nihilism,0.5901864193008675,0.4423470405858533,1,0
nikolske,0.5901864193008675,0.4423470405858533,1,0
nina,0.5901864193008675,0.4423470405858533,1,0
nineteenth-century,0.5901864193008675,0.4423470405858533,1,0
ninety-five,0.5901864193008675,0.4423470405858533,1,0
no-fly,0.5901864193008675,0.4423470405858533,1,0
noah,0.5901864193008675,0.4423470405858533,1,0
noise,0.5901864193008675,0.4423470405858533,1,0
noisy,0.5901864193008675,0.4423470405858533,1,0
nominated,0.5901864193008675,0.4423470405858533,1,0
non-armed,0.5901864193008675,0.4423470405858533,1,0
non-contradiction,0.5901864193008675,0.4423470405858533,1,0
non-discriminatory,0.5901864193008675,0.4423470405858533,1,0
non-european,0.5901864193008675,0.4423470405858533,1,0
non-existent,0.5901864193008675,0.4423470405858533,1,0
non-government-controlled,0.5901864193008675,0.4423470405858533,1,0
non-members,0.5901864193008675,0.4423470405858533,1,0
non-nuclear,0.5901864193008675,0.4423470405858533,1,0
non-stop,0.5901864193008675,0.4423470405858533,1,0
non-strategic,0.5901864193008675,0.4423470405858533,1,0
nonsensical,0.5901864193008675,0.4423470405858533,1,0
nord,0.5901864193008675,0.4423470405858533,1,0
normality,0.5901864193008675,0.4423470405858533,1,0
nosedived,0.5901864193008675,0.4423470405858533,1,0
notices,0.5901864193008675,0.4423470405858533,1,0
notifications,0.5901864193008675,0.4423470405858533,1,0
novaya,0.5901864193008675,0.4423470405858533,1,0
novel,0.5901864193008675,0.4423470405858533,1,0
novhorod-siverskyi,0.5901864193008675,0.4423470405858533,1,0
novoazovsk,0.5901864193008675,0.4423470405858533,1,0
novohrodivka,0.5901864193008675,0.4423470405858533,1,0
novorossiysk,0.5901864193008675,0.4423470405858533,1,0
nuclear-capable,0.5901864193008675,0.4423470405858533,1,0
numbed,0.5901864193008675,0.4423470405858533,1,0
nurseries,0.5901864193008675,0.4423470405858533,1,0
nutshell,0.5901864193008675,0.4423470405858533,1,0
nything,0.5901864193008675,0.4423470405858533,1,0
obedient,0.5901864193008675,0.4423470405858533,1,0
obfuscate,0.5901864193008675,0.4423470405858533,1,0
obligates,0.5901864193008675,0.4423470405858533,1,0
obligating,0.5901864193008675,0.4423470405858533,1,0
oblige,0.5901864193008675,0.4423470405858533,1,0
obliterate,0.5901864193008675,0.4423470405858533,1,0
obliterated,0.5901864193008675,0.4423470405858533,1,0
obnoxious,0.5901864193008675,0.4423470405858533,1,0
obscene,0.5901864193008675,0.4423470405858533,1,0
obscures,0.5901864193008675,0.4423470405858533,1,0
obsolete,0.5901864193008675,0.4423470405858533,1,0
obstructed,0.5901864193008675,0.4423470405858533,1,0
oddballs,0.5901864193008675,0.4423470405858533,1,0
of-year,0.5901864193008675,0.4423470405858533,1,0
off-site,0.5901864193008675,0.4423470405858533,1,0
offence,0.5901864193008675,0.4423470405858533,1,0
office's,0.5901864193008675,0.4423470405858533,1,0
offline,0.5901864193008675,0.4423470405858533,1,0
offset,0.5901864193008675,0.4423470405858533,1,0
oilseeds,0.5901864193008675,0.4423470405858533,1,0
okhmadet,0.5901864193008675,0.4423470405858533,1,0
oldest,0.5901864193008675,0.4423470405858533,1,0
oleg,0.5901864193008675,0.4423470405858533,1,0
oleksandr,0.5901864193008675,0.4423470405858533,1,0
oleksandrivka,0.5901864193008675,0.4423470405858533,1,0
olga,0.5901864193008675,0.4423470405858533,1,0
olha,0.5901864193008675,0.4423470405858533,1,0
olvia,0.5901864193008675,0.4423470405858533,1,0
ombudsman,0.5901864193008675,0.4423470405858533,1,0
omurbekov,0.5901864193008675,0.4423470405858533,1,0
oncological,0.5901864193008675,0.4423470405858533,1,0
oncology,0.5901864193008675,0.4423470405858533,1,0
one-fifth,0.5901864193008675,0.4423470405858533,1,0
one-man-made,0.5901864193008675,0.4423470405858533,1,0
one-third,0.5901864193008675,0.4423470405858533,1,0
online-learning,0.5901864193008675,0.4423470405858533,1,0
onthisoccasion,0.5901864193008675,0.4423470405858533,1,0
open-air,0.5901864193008675,0.4423470405858533,1,0
open-mindedness,0.5901864193008675,0.4423470405858533,1,0
operable,0.5901864193008675,0.4423470405858533,1,0
operandi,0.5901864193008675,0.4423470405858533,1,0
operated,0.5901864193008675,0.4423470405858533,1,0
operationalizing,0.5901864193008675,0.4423470405858533,1,0
oppressing,0.5901864193008675,0.4423470405858533,1,0
oral,0.5901864193008675,0.4423470405858533,1,0
orange,0.5901864193008675,0.4423470405858533,1,0
orbit,0.5901864193008675,0.4423470405858533,1,0
originally,0.5901864193008675,0.4423470405858533,1,0
originating,0.5901864193008675,0.4423470405858533,1,0
orphanage,0.5901864193008675,0.4423470405858533,1,0
orwell,0.5901864193008675,0.4423470405858533,1,0
outcry,0.5901864193008675,0.4423470405858533,1,0
outdone,0.5901864193008675,0.4423470405858533,1,0
outgunned,0.5901864193008675,0.4423470405858533,1,0
outlandish,0.5901864193008675,0.4423470405858533,1,0
outlast,0.5901864193008675,0.4423470405858533,1,0
outlet,0.5901864193008675,0.4423470405858533,1,0
outlier,0.5901864193008675,0.4423470405858533,1,0
outline,0.5901864193008675,0.4423470405858533,1,0
outraged,0.5901864193008675,0.4423470405858533,1,0
outsiders,0.5901864193008675,0.4423470405858533,1,0
outsized,0.5901864193008675,0.4423470405858533,1,0
outspoken,0.5901864193008675,0.4423470405858533,1,0
outwardly,0.5901864193008675,0.4423470405858533,1,0
overcharge,0.5901864193008675,0.4423470405858533,1,0
overcomes,0.5901864193008675,0.4423470405858533,1,0
overcompliance,0.5901864193008675,0.4423470405858533,1,0
overdue,0.5901864193008675,0.4423470405858533,1,0
overflowing,0.5901864193008675,0.4423470405858533,1,0
overhead,0.5901864193008675,0.4423470405858533,1,0
overheard,0.5901864193008675,0.4423470405858533,1,0
overly,0.5901864193008675,0.4423470405858533,1,0
overreach,0.5901864193008675,0.4423470405858533,1,0
overrepresented,0.5901864193008675,0.4423470405858533,1,0
overrun,0.5901864193008675,0.4423470405858533,1,0
oversee,0.5901864193008675,0.4423470405858533,1,0
overstated,0.5901864193008675,0.4423470405858533,1,0
overwhelmed,0.5901864193008675,0.4423470405858533,1,0
owned,0.5901864193008675,0.4423470405858533,1,0
oyeleke,0.5901864193008675,0.4423470405858533,1,0
pacifists,0.5901864193008675,0.4423470405858533,1,0
packages,0.5901864193008675,0.4423470405858533,1,0
pacts,0.5901864193008675,0.4423470405858533,1,0
paediatric,0.5901864193008675,0.4423470405858533,1,0
painstaking,0.5901864193008675,0.4423470405858533,1,0
painted,0.5901864193008675,0.4423470405858533,1,0
pair,0.5901864193008675,0.4423470405858533,1,0
pairs,0.5901864193008675,0.4423470405858533,1,0
pakistan,0.5901864193008675,0.4423470405858533,1,0
pakistan's,0.5901864193008675,0.4423470405858533,1,0
palau,0.5901864193008675,0.4423470405858533,1,0
palermo,0.5901864193008675,0.4423470405858533,1,0
panamanian-flagged,0.5901864193008675,0.4423470405858533,1,0
pandering,0.5901864193008675,0.4423470405858533,1,0
pandora's,0.5901864193008675,0.4423470405858533,1,0
panel,0.5901864193008675,0.4423470405858533,1,0
panorama,0.5901864193008675,0.4423470405858533,1,0
papua,0.5901864193008675,0.4423470405858533,1,0
par,0.5901864193008675,0.4423470405858533,1,0
para,0.5901864193008675,0.4423470405858533,1,0
paralyse,0.5901864193008675,0.4423470405858533,1,0
paramilitary,0.5901864193008675,0.4423470405858533,1,0
paraphrase,0.5901864193008675,0.4423470405858533,1,0
parcel,0.5901864193008675,0.4423470405858533,1,0
pardon,0.5901864193008675,0.4423470405858533,1,0
pariahs,0.5901864193008675,0.4423470405858533,1,0
park,0.5901864193008675,0.4423470405858533,1,0
parking,0.5901864193008675,0.4423470405858533,1,0
parliament's,0.5901864193008675,0.4423470405858533,1,0
parody,0.5901864193008675,0.4423470405858533,1,0
parroted,0.5901864193008675,0.4423470405858533,1,0
partition,0.5901864193008675,0.4423470405858533,1,0
partly,0.5901864193008675,0.4423470405858533,1,0
passengers,0.5901864193008675,0.4423470405858533,1,0
passively,0.5901864193008675,0.4423470405858533,1,0
passportization,0.5901864193008675,0.4423470405858533,1,0
pat,0.5901864193008675,0.4423470405858533,1,0
patch,0.5901864193008675,0.4423470405858533,1,0
patches,0.5901864193008675,0.4423470405858533,1,0
patiently,0.5901864193008675,0.4423470405858533,1,0
patriarch,0.5901864193008675,0.4423470405858533,1,0
patriotic,0.5901864193008675,0.4423470405858533,1,0
paulauskas,0.5901864193008675,0.4423470405858533,1,0
pavel,0.5901864193008675,0.4423470405858533,1,0
payer,0.5901864193008675,0.4423470405858533,1,0
payloads,0.5901864193008675,0.4423470405858533,1,0
peacekeepers,0.5901864193008675,0.4423470405858533,1,0
peaked,0.5901864193008675,0.4423470405858533,1,0
peas,0.5901864193008675,0.4423470405858533,1,0
peddles,0.5901864193008675,0.4423470405858533,1,0
pedestrian,0.5901864193008675,0.4423470405858533,1,0
penal,0.5901864193008675,0.4423470405858533,1,0
penetrate,0.5901864193008675,0.4423470405858533,1,0
penitentiary,0.5901864193008675,0.4423470405858533,1,0
pensioners,0.5901864193008675,0.4423470405858533,1,0
perceives,0.5901864193008675,0.4423470405858533,1,0
perfectly,0.5901864193008675,0.4423470405858533,1,0
performing,0.5901864193008675,0.4423470405858533,1,0
permeated,0.5901864193008675,0.4423470405858533,1,0
perpetrating,0.5901864193008675,0.4423470405858533,1,0
perpetration,0.5901864193008675,0.4423470405858533,1,0
perpetuating,0.5901864193008675,0.4423470405858533,1,0
perpetuum,0.5901864193008675,0.4423470405858533,1,0
persecution,0.5901864193008675,0.4423470405858533,1,0
perseverance,0.5901864193008675,0.4423470405858533,1,0
person's,0.5901864193008675,0.4423470405858533,1,0
persuaded,0.5901864193008675,0.4423470405858533,1,0
pertains,0.5901864193008675,0.4423470405858533,1,0
pertinence,0.5901864193008675,0.4423470405858533,1,0
pervasive,0.5901864193008675,0.4423470405858533,1,0
perversion,0.5901864193008675,0.4423470405858533,1,0
pervert,0.5901864193008675,0.4423470405858533,1,0
perverted,0.5901864193008675,0.4423470405858533,1,0
peter,0.5901864193008675,0.4423470405858533,1,0
petersburg,0.5901864193008675,0.4423470405858533,1,0
petition,0.5901864193008675,0.4423470405858533,1,0
pets,0.5901864193008675,0.4423470405858533,1,0
pharmacy,0.5901864193008675,0.4423470405858533,1,0
phenomenon,0.5901864193008675,0.4423470405858533,1,0
philanthropies,0.5901864193008675,0.4423470405858533,1,0
philosopher,0.5901864193008675,0.4423470405858533,1,0
phony,0.5901864193008675,0.4423470405858533,1,0
photograph,0.5901864193008675,0.4423470405858533,1,0
photographer,0.5901864193008675,0.4423470405858533,1,0
photographic,0.5901864193008675,0.4423470405858533,1,0
phrase,0.5901864193008675,0.4423470405858533,1,0
phrases,0.5901864193008675,0.4423470405858533,1,0
picasso,0.5901864193008675,0.4423470405858533,1,0
pile,0.5901864193008675,0.4423470405858533,1,0
pilgrimage,0.5901864193008675,0.4423470405858533,1,0
pillage,0.5901864193008675,0.4423470405858533,1,0
pillaging,0.5901864193008675,0.4423470405858533,1,0
pilots,0.5901864193008675,0.4423470405858533,1,0
pinochet,0.5901864193008675,0.4423470405858533,1,0
piotr,0.5901864193008675,0.4423470405858533,1,0
piping,0.5901864193008675,0.4423470405858533,1,0
pit,0.5901864193008675,0.4423470405858533,1,0
placements,0.5901864193008675,0.4423470405858533,1,0
plainly,0.5901864193008675,0.4423470405858533,1,0
plan's,0.5901864193008675,0.4423470405858533,1,0
planetary,0.5901864193008675,0.4423470405858533,1,0
planted,0.5901864193008675,0.4423470405858533,1,0
player,0.5901864193008675,0.4423470405858533,1,0
pleasant,0.5901864193008675,0.4423470405858533,1,0
plenipotentiary,0.5901864193008675,0.4423470405858533,1,0
plethora,0.5901864193008675,0.4423470405858533,1,0
ploy,0.5901864193008675,0.4423470405858533,1,0
plumbing,0.5901864193008675,0.4423470405858533,1,0
plummet,0.5901864193008675,0.4423470405858533,1,0
plunder,0.5901864193008675,0.4423470405858533,1,0
poised,0.5901864193008675,0.4423470405858533,1,0
poisoned,0.5901864193008675,0.4423470405858533,1,0
pokrovsk,0.5901864193008675,0.4423470405858533,1,0
politkovskaya,0.5901864193008675,0.4423470405858533,1,0
poll,0.5901864193008675,0.4423470405858533,1,0
polling,0.5901864193008675,0.4423470405858533,1,0
pollution,0.5901864193008675,0.4423470405858533,1,0
poltava,0.5901864193008675,0.4423470405858533,1,0
polygraphed,0.5901864193008675,0.4423470405858533,1,0
pom-2,0.5901864193008675,0.4423470405858533,1,0
pom-3,0.5901864193008675,0.4423470405858533,1,0
pompously,0.5901864193008675,0.4423470405858533,1,0
possessed,0.5901864193008675,0.4423470405858533,1,0
possessing,0.5901864193008675,0.4423470405858533,1,0
post-putin,0.5901864193008675,0.4423470405858533,1,0
post-second,0.5901864193008675,0.4423470405858533,1,0
post-soviet,0.5901864193008675,0.4423470405858533,1,0
postings,0.5901864193008675,0.4423470405858533,1,0
postponement,0.5901864193008675,0.4423470405858533,1,0
potent,0.5901864193008675,0.4423470405858533,1,0
potgieter,0.5901864193008675,0.4423470405858533,1,0
poured,0.5901864193008675,0.4423470405858533,1,0
power's,0.5901864193008675,0.4423470405858533,1,0
powering,0.5901864193008675,0.4423470405858533,1,0
pp,0.5901864193008675,0.4423470405858533,1,0
praised,0.5901864193008675,0.4423470405858533,1,0
pravdyne,0.5901864193008675,0.4423470405858533,1,0
prayers,0.5901864193008675,0.4423470405858533,1,0
praying,0.5901864193008675,0.4423470405858533,1,0
pre-identified,0.5901864193008675,0.4423470405858533,1,0
pre-position,0.5901864193008675,0.4423470405858533,1,0
preambular,0.5901864193008675,0.4423470405858533,1,0
precedence,0.5901864193008675,0.4423470405858533,1,0
precedents,0.5901864193008675,0.4423470405858533,1,0
predator,0.5901864193008675,0.4423470405858533,1,0
predicate,0.5901864193008675,0.4423470405858533,1,0
predictable,0.5901864193008675,0.4423470405858533,1,0
prefabricated,0.5901864193008675,0.4423470405858533,1,0
prefer,0.5901864193008675,0.4423470405858533,1,0
preferably,0.5901864193008675,0.4423470405858533,1,0
preference,0.5901864193008675,0.4423470405858533,1,0
prerequisites,0.5901864193008675,0.4423470405858533,1,0
preschool,0.5901864193008675,0.4423470405858533,1,0
prescient,0.5901864193008675,0.4423470405858533,1,0
presidency's,0.5901864193008675,0.4423470405858533,1,0
pressured,0.5901864193008675,0.4423470405858533,1,0
pretrial,0.5901864193008675,0.4423470405858533,1,0
pretzel,0.5901864193008675,0.4423470405858533,1,0
preventively,0.5901864193008675,0.4423470405858533,1,0
primitive,0.5901864193008675,0.4423470405858533,1,0
principals,0.5901864193008675,0.4423470405858533,1,0
prisoner-of-war,0.5901864193008675,0.4423470405858533,1,0
privacy,0.5901864193008675,0.4423470405858533,1,0
pro-democracy,0.5901864193008675,0.4423470405858533,1,0
pro-european,0.5901864193008675,0.4423470405858533,1,0
pro-kremlin,0.5901864193008675,0.4423470405858533,1,0
pro-ukrainian,0.5901864193008675,0.4423470405858533,1,0
procedurally,0.5901864193008675,0.4423470405858533,1,0
proclaimed,0.5901864193008675,0.4423470405858533,1,0
proclaiming,0.5901864193008675,0.4423470405858533,1,0
proclamation,0.5901864193008675,0.4423470405858533,1,0
procured,0.5901864193008675,0.4423470405858533,1,0
procures,0.5901864193008675,0.4423470405858533,1,0
producer,0.5901864193008675,0.4423470405858533,1,0
professionally,0.5901864193008675,0.4423470405858533,1,0
professionals,0.5901864193008675,0.4423470405858533,1,0
profile,0.5901864193008675,0.4423470405858533,1,0
profit-taking,0.5901864193008675,0.4423470405858533,1,0
progression,0.5901864193008675,0.4423470405858533,1,0
projected,0.5901864193008675,0.4423470405858533,1,0
projection,0.5901864193008675,0.4423470405858533,1,0
prolixity,0.5901864193008675,0.4423470405858533,1,0
prolongs,0.5901864193008675,0.4423470405858533,1,0
promenade,0.5901864193008675,0.4423470405858533,1,0
propagates,0.5901864193008675,0.4423470405858533,1,0
propagation,0.5901864193008675,0.4423470405858533,1,0
prosecutorsandinvestigatorsarealsocloselycooperating,0.5901864193008675,0.4423470405858533,1,0
protract,0.5901864193008675,0.4423470405858533,1,0
provenance,0.5901864193008675,0.4423470405858533,1,0
provider,0.5901864193008675,0.4423470405858533,1,0
provokes,0.5901864193008675,0.4423470405858533,1,0
prystan,0.5901864193008675,0.4423470405858533,1,0
pseudo,0.5901864193008675,0.4423470405858533,1,0
pseudo-republics,0.5901864193008675,0.4423470405858533,1,0
pseudolegal,0.5901864193008675,0.4423470405858533,1,0
psychologist,0.5901864193008675,0.4423470405858533,1,0
publicity,0.5901864193008675,0.4423470405858533,1,0
pummel,0.5901864193008675,0.4423470405858533,1,0
pumps,0.5901864193008675,0.4423470405858533,1,0
punitive,0.5901864193008675,0.4423470405858533,1,0
pupils,0.5901864193008675,0.4423470405858533,1,0
puppets,0.5901864193008675,0.4423470405858533,1,0
purchase,0.5901864193008675,0.4423470405858533,1,0
purchased,0.5901864193008675,0.4423470405858533,1,0
purgation,0.5901864193008675,0.4423470405858533,1,0
purports,0.5901864193008675,0.4423470405858533,1,0
purposely,0.5901864193008675,0.4423470405858533,1,0
pursing,0.5901864193008675,0.4423470405858533,1,0
pushes,0.5901864193008675,0.4423470405858533,1,0
putinite,0.5901864193008675,0.4423470405858533,1,0
puzzle,0.5901864193008675,0.4423470405858533,1,0
qualification,0.5901864193008675,0.4423470405858533,1,0
quantity,0.5901864193008675,0.4423470405858533,1,0
quasi-private,0.5901864193008675,0.4423470405858533,1,0
queer,0.5901864193008675,0.4423470405858533,1,0
questioned,0.5901864193008675,0.4423470405858533,1,0
queueing,0.5901864193008675,0.4423470405858533,1,0
queuing,0.5901864193008675,0.4423470405858533,1,0
quickest,0.5901864193008675,0.4423470405858533,1,0
quiet,0.5901864193008675,0.4423470405858533,1,0
quintessence,0.5901864193008675,0.4423470405858533,1,0
quit,0.5901864193008675,0.4423470405858533,1,0
quotas,0.5901864193008675,0.4423470405858533,1,0
quotations,0.5901864193008675,0.4423470405858533,1,0
quotes,0.5901864193008675,0.4423470405858533,1,0
quoting,0.5901864193008675,0.4423470405858533,1,0
racket,0.5901864193008675,0.4423470405858533,1,0
radioactivity,0.5901864193008675,0.4423470405858533,1,0
raid,0.5901864193008675,0.4423470405858533,1,0
raining,0.5901864193008675,0.4423470405858533,1,0
ran,0.5901864193008675,0.4423470405858533,1,0
rang,0.5901864193008675,0.4423470405858533,1,0
ranged,0.5901864193008675,0.4423470405858533,1,0
rank,0.5901864193008675,0.4423470405858533,1,0
ranked,0.5901864193008675,0.4423470405858533,1,0
rants,0.5901864193008675,0.4423470405858533,1,0
rapeseed,0.5901864193008675,0.4423470405858533,1,0
rapist,0.5901864193008675,0.4423470405858533,1,0
rapprochement,0.5901864193008675,0.4423470405858533,1,0
rau,0.5901864193008675,0.4423470405858533,1,0
ravaging,0.5901864193008675,0.4423470405858533,1,0
raze,0.5901864193008675,0.4423470405858533,1,0
razing,0.5901864193008675,0.4423470405858533,1,0
račak,0.5901864193008675,0.4423470405858533,1,0
re-balance,0.5901864193008675,0.4423470405858533,1,0
re-elected,0.5901864193008675,0.4423470405858533,1,0
re-election,0.5901864193008675,0.4423470405858533,1,0
reacts,0.5901864193008675,0.4423470405858533,1,0
reads,0.5901864193008675,0.4423470405858533,1,0
real-time,0.5901864193008675,0.4423470405858533,1,0
realm,0.5901864193008675,0.4423470405858533,1,0
reappearing,0.5901864193008675,0.4423470405858533,1,0
rearm,0.5901864193008675,0.4423470405858533,1,0
reasonably,0.5901864193008675,0.4423470405858533,1,0
rebalance,0.5901864193008675,0.4423470405858533,1,0
rebelled,0.5901864193008675,0.4423470405858533,1,0
rebury,0.5901864193008675,0.4423470405858533,1,0
recapture,0.5901864193008675,0.4423470405858533,1,0
recedes,0.5901864193008675,0.4423470405858533,1,0
recesses,0.5901864193008675,0.4423470405858533,1,0
recharge,0.5901864193008675,0.4423470405858533,1,0
recipients,0.5901864193008675,0.4423470405858533,1,0
reciprocally,0.5901864193008675,0.4423470405858533,1,0
recklessly,0.5901864193008675,0.4423470405858533,1,0
recklessness,0.5901864193008675,0.4423470405858533,1,0
reckoned,0.5901864193008675,0.4423470405858533,1,0
reckoning,0.5901864193008675,0.4423470405858533,1,0
reclaim,0.5901864193008675,0.4423470405858533,1,0
recognizable,0.5901864193008675,0.4423470405858533,1,0
recolonization,0.5901864193008675,0.4423470405858533,1,0
reconciled,0.5901864193008675,0.4423470405858533,1,0
reconnect,0.5901864193008675,0.4423470405858533,1,0
reconquering,0.5901864193008675,0.4423470405858533,1,0
reconstructing,0.5901864193008675,0.4423470405858533,1,0
reconvene,0.5901864193008675,0.4423470405858533,1,0
recount,0.5901864193008675,0.4423470405858533,1,0
recounted,0.5901864193008675,0.4423470405858533,1,0
recovers,0.5901864193008675,0.4423470405858533,1,0
recruiters,0.5901864193008675,0.4423470405858533,1,0
recuperating,0.5901864193008675,0.4423470405858533,1,0
recur,0.5901864193008675,0.4423470405858533,1,0
recurrence,0.5901864193008675,0.4423470405858533,1,0
red-handed,0.5901864193008675,0.4423470405858533,1,0
redefine,0.5901864193008675,0.4423470405858533,1,0
redirected,0.5901864193008675,0.4423470405858533,1,0
reductionist,0.5901864193008675,0.4423470405858533,1,0
referenced,0.5901864193008675,0.4423470405858533,1,0
referencing,0.5901864193008675,0.4423470405858533,1,0
referenda,0.5901864193008675,0.4423470405858533,1,0
refinery,0.5901864193008675,0.4423470405858533,1,0
refrained,0.5901864193008675,0.4423470405858533,1,0
regains,0.5901864193008675,0.4423470405858533,1,0
regarded,0.5901864193008675,0.4423470405858533,1,0
regime's,0.5901864193008675,0.4423470405858533,1,0
registering,0.5901864193008675,0.4423470405858533,1,0
regroup,0.5901864193008675,0.4423470405858533,1,0
regrow,0.5901864193008675,0.4423470405858533,1,0
regulation,0.5901864193008675,0.4423470405858533,1,0
reign,0.5901864193008675,0.4423470405858533,1,0
reigns,0.5901864193008675,0.4423470405858533,1,0
reinforcement,0.5901864193008675,0.4423470405858533,1,0
reinstate,0.5901864193008675,0.4423470405858533,1,0
reinvent,0.5901864193008675,0.4423470405858533,1,0
rejoicing,0.5901864193008675,0.4423470405858533,1,0
rekindled,0.5901864193008675,0.4423470405858533,1,0
relationships,0.5901864193008675,0.4423470405858533,1,0
relaunch,0.5901864193008675,0.4423470405858533,1,0
relayed,0.5901864193008675,0.4423470405858533,1,0
relegate,0.5901864193008675,0.4423470405858533,1,0
relentlessness,0.5901864193008675,0.4423470405858533,1,0
reliably,0.5901864193008675,0.4423470405858533,1,0
relied,0.5901864193008675,0.4423470405858533,1,0
relieving,0.5901864193008675,0.4423470405858533,1,0
relive,0.5901864193008675,0.4423470405858533,1,0
relocations,0.5901864193008675,0.4423470405858533,1,0
remainder,0.5901864193008675,0.4423470405858533,1,0
remembers,0.5901864193008675,0.4423470405858533,1,0
reminders,0.5901864193008675,0.4423470405858533,1,0
reminiscing,0.5901864193008675,0.4423470405858533,1,0
remorse,0.5901864193008675,0.4423470405858533,1,0
removes,0.5901864193008675,0.4423470405858533,1,0
renewals,0.5901864193008675,0.4423470405858533,1,0
reopen,0.5901864193008675,0.4423470405858533,1,0
reorient,0.5901864193008675,0.4423470405858533,1,0
repelling,0.5901864193008675,0.4423470405858533,1,0
replaces,0.5901864193008675,0.4423470405858533,1,0
replay,0.5901864193008675,0.4423470405858533,1,0
replenishment,0.5901864193008675,0.4423470405858533,1,0
replicated,0.5901864193008675,0.4423470405858533,1,0
repress,0.5901864193008675,0.4423470405858533,1,0
republika,0.5901864193008675,0.4423470405858533,1,0
repudiation,0.5901864193008675,0.4423470405858533,1,0
repugnant,0.5901864193008675,0.4423470405858533,1,0
repulsed,0.5901864193008675,0.4423470405858533,1,0
resceu,0.5901864193008675,0.4423470405858533,1,0
rescuing,0.5901864193008675,0.4423470405858533,1,0
resecuring,0.5901864193008675,0.4423470405858533,1,0
reserve,0.5901864193008675,0.4423470405858533,1,0
reservists,0.5901864193008675,0.4423470405858533,1,0
reservoirs,0.5901864193008675,0.4423470405858533,1,0
reshuffling,0.5901864193008675,0.4423470405858533,1,0
reside,0.5901864193008675,0.4423470405858533,1,0
residences,0.5901864193008675,0.4423470405858533,1,0
residing,0.5901864193008675,0.4423470405858533,1,0
resigning,0.5901864193008675,0.4423470405858533,1,0
restarted,0.5901864193008675,0.4423470405858533,1,0
restating,0.5901864193008675,0.4423470405858533,1,0
restaurant's,0.5901864193008675,0.4423470405858533,1,0
restores,0.5901864193008675,0.4423470405858533,1,0
restraints,0.5901864193008675,0.4423470405858533,1,0
resurrect,0.5901864193008675,0.4423470405858533,1,0
retail,0.5901864193008675,0.4423470405858533,1,0
retaining,0.5901864193008675,0.4423470405858533,1,0
retake,0.5901864193008675,0.4423470405858533,1,0
retirees,0.5901864193008675,0.4423470405858533,1,0
retook,0.5901864193008675,0.4423470405858533,1,0
retreats,0.5901864193008675,0.4423470405858533,1,0
retrieved,0.5901864193008675,0.4423470405858533,1,0
retrieving,0.5901864193008675,0.4423470405858533,1,0
reunifications,0.5901864193008675,0.4423470405858533,1,0
reunite,0.5901864193008675,0.4423470405858533,1,0
revenue,0.5901864193008675,0.4423470405858533,1,0
revered,0.5901864193008675,0.4423470405858533,1,0
reversals,0.5901864193008675,0.4423470405858533,1,0
reversible,0.5901864193008675,0.4423470405858533,1,0
reverting,0.5901864193008675,0.4423470405858533,1,0
reviewed,0.5901864193008675,0.4423470405858533,1,0
reviewing,0.5901864193008675,0.4423470405858533,1,0
revisionists,0.5901864193008675,0.4423470405858533,1,0
revitalizing,0.5901864193008675,0.4423470405858533,1,0
revoke,0.5901864193008675,0.4423470405858533,1,0
revolution,0.5901864193008675,0.4423470405858533,1,0
revolved,0.5901864193008675,0.4423470405858533,1,0
reykjavik,0.5901864193008675,0.4423470405858533,1,0
ribbentrop-molotov,0.5901864193008675,0.4423470405858533,1,0
rica,0.5901864193008675,0.4423470405858533,1,0
ridicule,0.5901864193008675,0.4423470405858533,1,0
riding,0.5901864193008675,0.4423470405858533,1,0
rifles,0.5901864193008675,0.4423470405858533,1,0
rig,0.5901864193008675,0.4423470405858533,1,0
riga,0.5901864193008675,0.4423470405858533,1,0
rigged,0.5901864193008675,0.4423470405858533,1,0
rights-based,0.5901864193008675,0.4423470405858533,1,0
riot,0.5901864193008675,0.4423470405858533,1,0
riots,0.5901864193008675,0.4423470405858533,1,0
rivne,0.5901864193008675,0.4423470405858533,1,0
roaming,0.5901864193008675,0.4423470405858533,1,0
rob,0.5901864193008675,0.4423470405858533,1,0
robbing,0.5901864193008675,0.4423470405858533,1,0
robert,0.5901864193008675,0.4423470405858533,1,0
robespierre,0.5901864193008675,0.4423470405858533,1,0
robespierre's,0.5901864193008675,0.4423470405858533,1,0
rocked,0.5901864193008675,0.4423470405858533,1,0
rocketed,0.5901864193008675,0.4423470405858533,1,0
rogacheva,0.5901864193008675,0.4423470405858533,1,0
roma,0.5901864193008675,0.4423470405858533,1,0
rome-based,0.5901864193008675,0.4423470405858533,1,0
ronaldo,0.5901864193008675,0.4423470405858533,1,0
rooms,0.5901864193008675,0.4423470405858533,1,0
rope,0.5901864193008675,0.4423470405858533,1,0
rot,0.5901864193008675,0.4423470405858533,1,0
rotate,0.5901864193008675,0.4423470405858533,1,0
rotation,0.5901864193008675,0.4423470405858533,1,0
rotted,0.5901864193008675,0.4423470405858533,1,0
roughshod,0.5901864193008675,0.4423470405858533,1,0
roulette,0.5901864193008675,0.4423470405858533,1,0
roundly,0.5901864193008675,0.4423470405858533,1,0
row,0.5901864193008675,0.4423470405858533,1,0
royal,0.5901864193008675,0.4423470405858533,1,0
rtlm,0.5901864193008675,0.4423470405858533,1,0
rubbing,0.5901864193008675,0.4423470405858533,1,0
rubbish,0.5901864193008675,0.4423470405858533,1,0
ruble,0.5901864193008675,0.4423470405858533,1,0
rude,0.5901864193008675,0.4423470405858533,1,0
rudnya-talska,0.5901864193008675,0.4423470405858533,1,0
rumour,0.5901864193008675,0.4423470405858533,1,0
rush-hour,0.5901864193008675,0.4423470405858533,1,0
ruslan,0.5901864193008675,0.4423470405858533,1,0
russia-1,0.5901864193008675,0.4423470405858533,1,0
russia-belarus,0.5901864193008675,0.4423470405858533,1,0
russia-controlled,0.5901864193008675,0.4423470405858533,1,0
russia-installed,0.5901864193008675,0.4423470405858533,1,0
russia-ism,0.5901864193008675,0.4423470405858533,1,0
russia-occupied,0.5901864193008675,0.4423470405858533,1,0
russian's,0.5901864193008675,0.4423470405858533,1,0
russian-backed,0.5901864193008675,0.4423470405858533,1,0
russian-held,0.5901864193008675,0.4423470405858533,1,0
russian-kadyrov,0.5901864193008675,0.4423470405858533,1,0
russian-led,0.5901864193008675,0.4423470405858533,1,0
russian-shelled,0.5901864193008675,0.4423470405858533,1,0
russian-style,0.5901864193008675,0.4423470405858533,1,0
russified,0.5901864193008675,0.4423470405858533,1,0
russism,0.5901864193008675,0.4423470405858533,1,0
russists,0.5901864193008675,0.4423470405858533,1,0
russophobia,0.5901864193008675,0.4423470405858533,1,0
ruthlessly,0.5901864193008675,0.4423470405858533,1,0
ruthlessness,0.5901864193008675,0.4423470405858533,1,0
rwandan,0.5901864193008675,0.4423470405858533,1,0
rzeszow,0.5901864193008675,0.4423470405858533,1,0
rzeszów,0.5901864193008675,0.4423470405858533,1,0
s-400,0.5901864193008675,0.4423470405858533,1,0
sacrosanct,0.5901864193008675,0.4423470405858533,1,0
safekeeping,0.5901864193008675,0.4423470405858533,1,0
safewomen.com.ua,0.5901864193008675,0.4423470405858533,1,0
saga,0.5901864193008675,0.4423470405858533,1,0
sailors,0.5901864193008675,0.4423470405858533,1,0
sakhalin,0.5901864193008675,0.4423470405858533,1,0
saliva,0.5901864193008675,0.4423470405858533,1,0
salt,0.5901864193008675,0.4423470405858533,1,0
salvation,0.5901864193008675,0.4423470405858533,1,0
samuel,0.5901864193008675,0.4423470405858533,1,0
sanctuary,0.5901864193008675,0.4423470405858533,1,0
sandbox,0.5901864193008675,0.4423470405858533,1,0
sanzhary,0.5901864193008675,0.4423470405858533,1,0
sapiens,0.5901864193008675,0.4423470405858533,1,0
sappers,0.5901864193008675,0.4423470405858533,1,0
sarajevo,0.5901864193008675,0.4423470405858533,1,0
satanists,0.5901864193008675,0.4423470405858533,1,0
satur,0.5901864193008675,0.4423470405858533,1,0
scaled-up,0.5901864193008675,0.4423470405858533,1,0
scarcely,0.5901864193008675,0.4423470405858533,1,0
sceptical,0.5901864193008675,0.4423470405858533,1,0
schastia,0.5901864193008675,0.4423470405858533,1,0
scheme,0.5901864193008675,0.4423470405858533,1,0
scholars,0.5901864193008675,0.4423470405858533,1,0
school-aged,0.5901864193008675,0.4423470405858533,1,0
schoolboy,0.5901864193008675,0.4423470405858533,1,0
schoolhouse,0.5901864193008675,0.4423470405858533,1,0
schoolmates,0.5901864193008675,0.4423470405858533,1,0
schornyk,0.5901864193008675,0.4423470405858533,1,0
scientist,0.5901864193008675,0.4423470405858533,1,0
scorched,0.5901864193008675,0.4423470405858533,1,0
scrambled,0.5901864193008675,0.4423470405858533,1,0
scrambling,0.5901864193008675,0.4423470405858533,1,0
scream,0.5901864193008675,0.4423470405858533,1,0
screams,0.5901864193008675,0.4423470405858533,1,0
scripts,0.5901864193008675,0.4423470405858533,1,0
scrounge,0.5901864193008675,0.4423470405858533,1,0
scruples,0.5901864193008675,0.4423470405858533,1,0
scum,0.5901864193008675,0.4423470405858533,1,0
sea-based,0.5901864193008675,0.4423470405858533,1,0
seal,0.5901864193008675,0.4423470405858533,1,0
sealed,0.5901864193008675,0.4423470405858533,1,0
seasoned,0.5901864193008675,0.4423470405858533,1,0
seated,0.5901864193008675,0.4423470405858533,1,0
second-largest,0.5901864193008675,0.4423470405858533,1,0
selected,0.5901864193008675,0.4423470405858533,1,0
self-destruction,0.5901864193008675,0.4423470405858533,1,0
self-exclusion,0.5901864193008675,0.4423470405858533,1,0
self-immolation,0.5901864193008675,0.4423470405858533,1,0
self-proclaimed,0.5901864193008675,0.4423470405858533,1,0
self-sustaining,0.5901864193008675,0.4423470405858533,1,0
self-victimization,0.5901864193008675,0.4423470405858533,1,0
selling,0.5901864193008675,0.4423470405858533,1,0
senselessness,0.5901864193008675,0.4423470405858533,1,0
sentenced,0.5901864193008675,0.4423470405858533,1,0
sentences,0.5901864193008675,0.4423470405858533,1,0
separately,0.5901864193008675,0.4423470405858533,1,0
sequence,0.5901864193008675,0.4423470405858533,1,0
sequentially,0.5901864193008675,0.4423470405858533,1,0
serbian,0.5901864193008675,0.4423470405858533,1,0
serhiivka,0.5901864193008675,0.4423470405858533,1,0
serial,0.5901864193008675,0.4423470405858533,1,0
serry,0.5901864193008675,0.4423470405858533,1,0
servants,0.5901864193008675,0.4423470405858533,1,0
seventy-eighth,0.5901864193008675,0.4423470405858533,1,0
seventy-fifth,0.5901864193008675,0.4423470405858533,1,0
seventy-fourth,0.5901864193008675,0.4423470405858533,1,0
seventy-ninth,0.5901864193008675,0.4423470405858533,1,0
sever,0.5901864193008675,0.4423470405858533,1,0
severs,0.5901864193008675,0.4423470405858533,1,0
sewage,0.5901864193008675,0.4423470405858533,1,0
sg,0.5901864193008675,0.4423470405858533,1,0
shahed-136,0.5901864193008675,0.4423470405858533,1,0
shahed-series,0.5901864193008675,0.4423470405858533,1,0
shakes,0.5901864193008675,0.4423470405858533,1,0
shakespeare,0.5901864193008675,0.4423470405858533,1,0
shakhtarsk,0.5901864193008675,0.4423470405858533,1,0
shamed,0.5901864193008675,0.4423470405858533,1,0
shaped,0.5901864193008675,0.4423470405858533,1,0
sheep's,0.5901864193008675,0.4423470405858533,1,0
sheets,0.5901864193008675,0.4423470405858533,1,0
shellfire,0.5901864193008675,0.4423470405858533,1,0
shelves,0.5901864193008675,0.4423470405858533,1,0
shifted,0.5901864193008675,0.4423470405858533,1,0
shippers,0.5901864193008675,0.4423470405858533,1,0
shiptar,0.5901864193008675,0.4423470405858533,1,0
shirk,0.5901864193008675,0.4423470405858533,1,0
shiver,0.5901864193008675,0.4423470405858533,1,0
shivered,0.5901864193008675,0.4423470405858533,1,0
shoes,0.5901864193008675,0.4423470405858533,1,0
shootings,0.5901864193008675,0.4423470405858533,1,0
shore,0.5901864193008675,0.4423470405858533,1,0
short-sightedness,0.5901864193008675,0.4423470405858533,1,0
shortcuts,0.5901864193008675,0.4423470405858533,1,0
shots,0.5901864193008675,0.4423470405858533,1,0
shoving,0.5901864193008675,0.4423470405858533,1,0
showcase,0.5901864193008675,0.4423470405858533,1,0
shrapnel,0.5901864193008675,0.4423470405858533,1,0
shredded,0.5901864193008675,0.4423470405858533,1,0
shredder,0.5901864193008675,0.4423470405858533,1,0
shrug,0.5901864193008675,0.4423470405858533,1,0
shutdowns,0.5901864193008675,0.4423470405858533,1,0
shyroka,0.5901864193008675,0.4423470405858533,1,0
sieges,0.5901864193008675,0.4423470405858533,1,0
sigh,0.5901864193008675,0.4423470405858533,1,0
signatories,0.5901864193008675,0.4423470405858533,1,0
signifies,0.5901864193008675,0.4423470405858533,1,0
signify,0.5901864193008675,0.4423470405858533,1,0
silver,0.5901864193008675,0.4423470405858533,1,0
similarities,0.5901864193008675,0.4423470405858533,1,0
similarity,0.5901864193008675,0.4423470405858533,1,0
simulation,0.5901864193008675,0.4423470405858533,1,0
sincerest,0.5901864193008675,0.4423470405858533,1,0
sing,0.5901864193008675,0.4423470405858533,1,0
sinister,0.5901864193008675,0.4423470405858533,1,0
siobhán,0.5901864193008675,0.4423470405858533,1,0
siren,0.5901864193008675,0.4423470405858533,1,0
sister,0.5901864193008675,0.4423470405858533,1,0
siversk,0.5901864193008675,0.4423470405858533,1,0
six-hour,0.5901864193008675,0.4423470405858533,1,0
six-year-old,0.5901864193008675,0.4423470405858533,1,0
sixteenth,0.5901864193008675,0.4423470405858533,1,0
sixty,0.5901864193008675,0.4423470405858533,1,0
sixty-seventh,0.5901864193008675,0.4423470405858533,1,0
skabeyeva,0.5901864193008675,0.4423470405858533,1,0
skilful,0.5901864193008675,0.4423470405858533,1,0
skovoroda,0.5901864193008675,0.4423470405858533,1,0
skripals,0.5901864193008675,0.4423470405858533,1,0
skull,0.5901864193008675,0.4423470405858533,1,0
sky-rocketing,0.5901864193008675,0.4423470405858533,1,0
slammed,0.5901864193008675,0.4423470405858533,1,0
slang,0.5901864193008675,0.4423470405858533,1,0
slashes,0.5901864193008675,0.4423470405858533,1,0
slaughtering,0.5901864193008675,0.4423470405858533,1,0
slava,0.5901864193008675,0.4423470405858533,1,0
sleeping,0.5901864193008675,0.4423470405858533,1,0
slip,0.5901864193008675,0.4423470405858533,1,0
slit,0.5901864193008675,0.4423470405858533,1,0
slobodan,0.5901864193008675,0.4423470405858533,1,0
slop,0.5901864193008675,0.4423470405858533,1,0
slovak,0.5901864193008675,0.4423470405858533,1,0
slovyansk,0.5901864193008675,0.4423470405858533,1,0
sly,0.5901864193008675,0.4423470405858533,1,0
sm,0.5901864193008675,0.4423470405858533,1,0
smallholder,0.5901864193008675,0.4423470405858533,1,0
smallholding,0.5901864193008675,0.4423470405858533,1,0
smart,0.5901864193008675,0.4423470405858533,1,0
smashed,0.5901864193008675,0.4423470405858533,1,0
smear,0.5901864193008675,0.4423470405858533,1,0
smila,0.5901864193008675,0.4423470405858533,1,0
smile,0.5901864193008675,0.4423470405858533,1,0
smithereens,0.5901864193008675,0.4423470405858533,1,0
smoke,0.5901864193008675,0.4423470405858533,1,0
smokescreen,0.5901864193008675,0.4423470405858533,1,0
smouldering,0.5901864193008675,0.4423470405858533,1,0
snakes,0.5901864193008675,0.4423470405858533,1,0
snizhne,0.5901864193008675,0.4423470405858533,1,0
snowstorm,0.5901864193008675,0.4423470405858533,1,0
snyder,0.5901864193008675,0.4423470405858533,1,0
soared,0.5901864193008675,0.4423470405858533,1,0
sobbing,0.5901864193008675,0.4423470405858533,1,0
social-media,0.5901864193008675,0.4423470405858533,1,0
social-work,0.5901864193008675,0.4423470405858533,1,0
societal,0.5901864193008675,0.4423470405858533,1,0
sociocultural,0.5901864193008675,0.4423470405858533,1,0
sofia,0.5901864193008675,0.4423470405858533,1,0
sofiivka,0.5901864193008675,0.4423470405858533,1,0
sold,0.5901864193008675,0.4423470405858533,1,0
solidly,0.5901864193008675,0.4423470405858533,1,0
someday,0.5901864193008675,0.4423470405858533,1,0
someone's,0.5901864193008675,0.4423470405858533,1,0
somewhere,0.5901864193008675,0.4423470405858533,1,0
sophia,0.5901864193008675,0.4423470405858533,1,0
sophisticated,0.5901864193008675,0.4423470405858533,1,0
sorely,0.5901864193008675,0.4423470405858533,1,0
sort,0.5901864193008675,0.4423470405858533,1,0
sorted,0.5901864193008675,0.4423470405858533,1,0
soul-crushing,0.5901864193008675,0.4423470405858533,1,0
soup,0.5901864193008675,0.4423470405858533,1,0
sourced,0.5901864193008675,0.4423470405858533,1,0
south-western,0.5901864193008675,0.4423470405858533,1,0
sova,0.5901864193008675,0.4423470405858533,1,0
sovietize,0.5901864193008675,0.4423470405858533,1,0
spam,0.5901864193008675,0.4423470405858533,1,0
span,0.5901864193008675,0.4423470405858533,1,0
spanned,0.5901864193008675,0.4423470405858533,1,0
spanning,0.5901864193008675,0.4423470405858533,1,0
spans,0.5901864193008675,0.4423470405858533,1,0
special-education,0.5901864193008675,0.4423470405858533,1,0
specialists,0.5901864193008675,0.4423470405858533,1,0
specialize,0.5901864193008675,0.4423470405858533,1,0
specializes,0.5901864193008675,0.4423470405858533,1,0
specify,0.5901864193008675,0.4423470405858533,1,0
specifying,0.5901864193008675,0.4423470405858533,1,0
spectacle,0.5901864193008675,0.4423470405858533,1,0
speculating,0.5901864193008675,0.4423470405858533,1,0
speeding,0.5901864193008675,0.4423470405858533,1,0
spell,0.5901864193008675,0.4423470405858533,1,0
spewed,0.5901864193008675,0.4423470405858533,1,0
spies,0.5901864193008675,0.4423470405858533,1,0
spineless,0.5901864193008675,0.4423470405858533,1,0
spinning,0.5901864193008675,0.4423470405858533,1,0
spirals,0.5901864193008675,0.4423470405858533,1,0
spirt,0.5901864193008675,0.4423470405858533,1,0
splinters,0.5901864193008675,0.4423470405858533,1,0
spoiled,0.5901864193008675,0.4423470405858533,1,0
sponsored,0.5901864193008675,0.4423470405858533,1,0
spoonful,0.5901864193008675,0.4423470405858533,1,0
spores,0.5901864193008675,0.4423470405858533,1,0
spree,0.5901864193008675,0.4423470405858533,1,0
springboard,0.5901864193008675,0.4423470405858533,1,0
sprinting,0.5901864193008675,0.4423470405858533,1,0
spurned,0.5901864193008675,0.4423470405858533,1,0
squarely,0.5901864193008675,0.4423470405858533,1,0
squatter,0.5901864193008675,0.4423470405858533,1,0
squatting,0.5901864193008675,0.4423470405858533,1,0
squeezing,0.5901864193008675,0.4423470405858533,1,0
srpska,0.5901864193008675,0.4423470405858533,1,0
stab,0.5901864193008675,0.4423470405858533,1,0
stacked,0.5901864193008675,0.4423470405858533,1,0
stadium,0.5901864193008675,0.4423470405858533,1,0
stained,0.5901864193008675,0.4423470405858533,1,0
stains,0.5901864193008675,0.4423470405858533,1,0
stakeout,0.5901864193008675,0.4423470405858533,1,0
stalin's,0.5901864193008675,0.4423470405858533,1,0
stalinist,0.5901864193008675,0.4423470405858533,1,0
stalling,0.5901864193008675,0.4423470405858533,1,0
stalwart,0.5901864193008675,0.4423470405858533,1,0
stamping,0.5901864193008675,0.4423470405858533,1,0
standardized,0.5901864193008675,0.4423470405858533,1,0
starkly,0.5901864193008675,0.4423470405858533,1,0
starve,0.5901864193008675,0.4423470405858533,1,0
starves,0.5901864193008675,0.4423470405858533,1,0
state-controlled,0.5901864193008675,0.4423470405858533,1,0
state-managed,0.5901864193008675,0.4423470405858533,1,0
state-owned,0.5901864193008675,0.4423470405858533,1,0
state-sponsored,0.5901864193008675,0.4423470405858533,1,0
state-supported,0.5901864193008675,0.4423470405858533,1,0
states-russia,0.5901864193008675,0.4423470405858533,1,0
static,0.5901864193008675,0.4423470405858533,1,0
stationing,0.5901864193008675,0.4423470405858533,1,0
statistically,0.5901864193008675,0.4423470405858533,1,0
staunch,0.5901864193008675,0.4423470405858533,1,0
staunchly,0.5901864193008675,0.4423470405858533,1,0
steals,0.5901864193008675,0.4423470405858533,1,0
stealth,0.5901864193008675,0.4423470405858533,1,0
steelworks,0.5901864193008675,0.4423470405858533,1,0
steep,0.5901864193008675,0.4423470405858533,1,0
steering,0.5901864193008675,0.4423470405858533,1,0
stefanishyna,0.5901864193008675,0.4423470405858533,1,0
stems,0.5901864193008675,0.4423470405858533,1,0
stench,0.5901864193008675,0.4423470405858533,1,0
stepove,0.5901864193008675,0.4423470405858533,1,0
sticks,0.5901864193008675,0.4423470405858533,1,0
stigmatized,0.5901864193008675,0.4423470405858533,1,0
stipend,0.5901864193008675,0.4423470405858533,1,0
stirred,0.5901864193008675,0.4423470405858533,1,0
stoops,0.5901864193008675,0.4423470405858533,1,0
storeys,0.5901864193008675,0.4423470405858533,1,0
storming,0.5901864193008675,0.4423470405858533,1,0
strada,0.5901864193008675,0.4423470405858533,1,0
strange,0.5901864193008675,0.4423470405858533,1,0
strangled,0.5901864193008675,0.4423470405858533,1,0
stranglehold,0.5901864193008675,0.4423470405858533,1,0
strangling,0.5901864193008675,0.4423470405858533,1,0
stream,0.5901864193008675,0.4423470405858533,1,0
stress-test,0.5901864193008675,0.4423470405858533,1,0
stretcher,0.5901864193008675,0.4423470405858533,1,0
stripping,0.5901864193008675,0.4423470405858533,1,0
striven,0.5901864193008675,0.4423470405858533,1,0
stroke,0.5901864193008675,0.4423470405858533,1,0
strongman,0.5901864193008675,0.4423470405858533,1,0
studio,0.5901864193008675,0.4423470405858533,1,0
stuff,0.5901864193008675,0.4423470405858533,1,0
stuffed,0.5901864193008675,0.4423470405858533,1,0
stuffs,0.5901864193008675,0.4423470405858533,1,0
stunned,0.5901864193008675,0.4423470405858533,1,0
stunt,0.5901864193008675,0.4423470405858533,1,0
stupendous,0.5901864193008675,0.4423470405858533,1,0
støre,0.5901864193008675,0.4423470405858533,1,0
stürmer,0.5901864193008675,0.4423470405858533,1,0
su-35,0.5901864193008675,0.4423470405858533,1,0
subdue,0.5901864193008675,0.4423470405858533,1,0
submachine,0.5901864193008675,0.4423470405858533,1,0
submitting,0.5901864193008675,0.4423470405858533,1,0
subscribes,0.5901864193008675,0.4423470405858533,1,0
substantiate,0.5901864193008675,0.4423470405858533,1,0
substantiated,0.5901864193008675,0.4423470405858533,1,0
substitution,0.5901864193008675,0.4423470405858533,1,0
suburb,0.5901864193008675,0.4423470405858533,1,0
subvert,0.5901864193008675,0.4423470405858533,1,0
subverted,0.5901864193008675,0.4423470405858533,1,0
subway,0.5901864193008675,0.4423470405858533,1,0
succeeds,0.5901864193008675,0.4423470405858533,1,0
succumb,0.5901864193008675,0.4423470405858533,1,0
sufferings,0.5901864193008675,0.4423470405858533,1,0
suit,0.5901864193008675,0.4423470405858533,1,0
sukhenko,0.5901864193008675,0.4423470405858533,1,0
summarize,0.5901864193008675,0.4423470405858533,1,0
summit's,0.5901864193008675,0.4423470405858533,1,0
super-power,0.5901864193008675,0.4423470405858533,1,0
superpower,0.5901864193008675,0.4423470405858533,1,0
supersonic,0.5901864193008675,0.4423470405858533,1,0
supplemented,0.5901864193008675,0.4423470405858533,1,0
suppression,0.5901864193008675,0.4423470405858533,1,0
surfaced,0.5901864193008675,0.4423470405858533,1,0
surfaces,0.5901864193008675,0.4423470405858533,1,0
surgeons,0.5901864193008675,0.4423470405858533,1,0
suriname,0.5901864193008675,0.4423470405858533,1,0
surpasses,0.5901864193008675,0.4423470405858533,1,0
surrounded,0.5901864193008675,0.4423470405858533,1,0
survey,0.5901864193008675,0.4423470405858533,1,0
suspect's,0.5901864193008675,0.4423470405858533,1,0
suspects,0.5901864193008675,0.4423470405858533,1,0
suspensions,0.5901864193008675,0.4423470405858533,1,0
suspicious,0.5901864193008675,0.4423470405858533,1,0
swallow,0.5901864193008675,0.4423470405858533,1,0
swap,0.5901864193008675,0.4423470405858533,1,0
swaths,0.5901864193008675,0.4423470405858533,1,0
swing,0.5901864193008675,0.4423470405858533,1,0
switch,0.5901864193008675,0.4423470405858533,1,0
switching,0.5901864193008675,0.4423470405858533,1,0
symbolizes,0.5901864193008675,0.4423470405858533,1,0
sympathetic,0.5901864193008675,0.4423470405858533,1,0
synonym,0.5901864193008675,0.4423470405858533,1,0
syrovyi,0.5901864193008675,0.4423470405858533,1,0
systematize,0.5901864193008675,0.4423470405858533,1,0
systemically,0.5901864193008675,0.4423470405858533,1,0
tag,0.5901864193008675,0.4423470405858533,1,0
taganrog,0.5901864193008675,0.4423470405858533,1,0
takeover,0.5901864193008675,0.4423470405858533,1,0
tale,0.5901864193008675,0.4423470405858533,1,0
tales,0.5901864193008675,0.4423470405858533,1,0
tamed,0.5901864193008675,0.4423470405858533,1,0
tanker,0.5901864193008675,0.4423470405858533,1,0
tantrum,0.5901864193008675,0.4423470405858533,1,0
taps,0.5901864193008675,0.4423470405858533,1,0
tasking,0.5901864193008675,0.4423470405858533,1,0
tass,0.5901864193008675,0.4423470405858533,1,0
taste,0.5901864193008675,0.4423470405858533,1,0
tatar,0.5901864193008675,0.4423470405858533,1,0
tatiana,0.5901864193008675,0.4423470405858533,1,0
taxes,0.5901864193008675,0.4423470405858533,1,0
taxing,0.5901864193008675,0.4423470405858533,1,0
tchaikovsky,0.5901864193008675,0.4423470405858533,1,0
teach,0.5901864193008675,0.4423470405858533,1,0
teaming,0.5901864193008675,0.4423470405858533,1,0
technically,0.5901864193008675,0.4423470405858533,1,0
teetering,0.5901864193008675,0.4423470405858533,1,0
tefal,0.5901864193008675,0.4423470405858533,1,0
telegram,0.5901864193008675,0.4423470405858533,1,0
temper,0.5901864193008675,0.4423470405858533,1,0
template,0.5901864193008675,0.4423470405858533,1,0
templates,0.5901864193008675,0.4423470405858533,1,0
temporary-housing,0.5901864193008675,0.4423470405858533,1,0
tempted,0.5901864193008675,0.4423470405858533,1,0
tenaciously,0.5901864193008675,0.4423470405858533,1,0
tenth,0.5901864193008675,0.4423470405858533,1,0
termed,0.5901864193008675,0.4423470405858533,1,0
terminating,0.5901864193008675,0.4423470405858533,1,0
territorially,0.5901864193008675,0.4423470405858533,1,0
test-ban,0.5901864193008675,0.4423470405858533,1,0
testified,0.5901864193008675,0.4423470405858533,1,0
theactions,0.5901864193008675,0.4423470405858533,1,0
themself,0.5901864193008675,0.4423470405858533,1,0
theorists,0.5901864193008675,0.4423470405858533,1,0
thepresidentialstatement,0.5901864193008675,0.4423470405858533,1,0
thief,0.5901864193008675,0.4423470405858533,1,0
thin,0.5901864193008675,0.4423470405858533,1,0
third-largest,0.5901864193008675,0.4423470405858533,1,0
thirteen,0.5901864193008675,0.4423470405858533,1,0
thirty-third,0.5901864193008675,0.4423470405858533,1,0
thirty-three,0.5901864193008675,0.4423470405858533,1,0
thomas,0.5901864193008675,0.4423470405858533,1,0
thought-provoking,0.5901864193008675,0.4423470405858533,1,0
thousand-year,0.5901864193008675,0.4423470405858533,1,0
thousandfold,0.5901864193008675,0.4423470405858533,1,0
three-century-old,0.5901864193008675,0.4423470405858533,1,0
threefold,0.5901864193008675,0.4423470405858533,1,0
threw,0.5901864193008675,0.4423470405858533,1,0
throats,0.5901864193008675,0.4423470405858533,1,0
throttle,0.5901864193008675,0.4423470405858533,1,0
throughput,0.5901864193008675,0.4423470405858533,1,0
throw,0.5901864193008675,0.4423470405858533,1,0
throws,0.5901864193008675,0.4423470405858533,1,0
tightly,0.5901864193008675,0.4423470405858533,1,0
timelier,0.5901864193008675,0.4423470405858533,1,0
timeliness,0.5901864193008675,0.4423470405858533,1,0
timidly,0.5901864193008675,0.4423470405858533,1,0
timothy,0.5901864193008675,0.4423470405858533,1,0
titles,0.5901864193008675,0.4423470405858533,1,0
tochka-u,0.5901864193008675,0.4423470405858533,1,0
tochka-u's,0.5901864193008675,0.4423470405858533,1,0
toilet,0.5901864193008675,0.4423470405858533,1,0
tolerant,0.5901864193008675,0.4423470405858533,1,0
tolerating,0.5901864193008675,0.4423470405858533,1,0
toleration,0.5901864193008675,0.4423470405858533,1,0
tolls,0.5901864193008675,0.4423470405858533,1,0
tolstokorova,0.5901864193008675,0.4423470405858533,1,0
tolstoy,0.5901864193008675,0.4423470405858533,1,0
tolya,0.5901864193008675,0.4423470405858533,1,0
tommyrot,0.5901864193008675,0.4423470405858533,1,0
tongue,0.5901864193008675,0.4423470405858533,1,0
tongues,0.5901864193008675,0.4423470405858533,1,0
topics,0.5901864193008675,0.4423470405858533,1,0
toppling,0.5901864193008675,0.4423470405858533,1,0
topsoil,0.5901864193008675,0.4423470405858533,1,0
torez,0.5901864193008675,0.4423470405858533,1,0
tormented,0.5901864193008675,0.4423470405858533,1,0
torrential,0.5901864193008675,0.4423470405858533,1,0
torturers,0.5901864193008675,0.4423470405858533,1,0
torturous,0.5901864193008675,0.4423470405858533,1,0
toss,0.5901864193008675,0.4423470405858533,1,0
totalitarianism,0.5901864193008675,0.4423470405858533,1,0
totals,0.5901864193008675,0.4423470405858533,1,0
tougher,0.5901864193008675,0.4423470405858533,1,0
toughest,0.5901864193008675,0.4423470405858533,1,0
touted,0.5901864193008675,0.4423470405858533,1,0
towhich,0.5901864193008675,0.4423470405858533,1,0
toy,0.5901864193008675,0.4423470405858533,1,0
toys,0.5901864193008675,0.4423470405858533,1,0
tramples,0.5901864193008675,0.4423470405858533,1,0
trams,0.5901864193008675,0.4423470405858533,1,0
transgressor,0.5901864193008675,0.4423470405858533,1,0
transgressors,0.5901864193008675,0.4423470405858533,1,0
translating,0.5901864193008675,0.4423470405858533,1,0
transmissions,0.5901864193008675,0.4423470405858533,1,0
traps,0.5901864193008675,0.4423470405858533,1,0
traumatizes,0.5901864193008675,0.4423470405858533,1,0
traverse,0.5901864193008675,0.4423470405858533,1,0
treachery,0.5901864193008675,0.4423470405858533,1,0
treating,0.5901864193008675,0.4423470405858533,1,0
trees,0.5901864193008675,0.4423470405858533,1,0
tremor,0.5901864193008675,0.4423470405858533,1,0
tremors,0.5901864193008675,0.4423470405858533,1,0
trespass,0.5901864193008675,0.4423470405858533,1,0
trevor,0.5901864193008675,0.4423470405858533,1,0
triangle,0.5901864193008675,0.4423470405858533,1,0
tribunal's,0.5901864193008675,0.4423470405858533,1,0
tricked,0.5901864193008675,0.4423470405858533,1,0
tricks,0.5901864193008675,0.4423470405858533,1,0
triumphant,0.5901864193008675,0.4423470405858533,1,0
trotsky,0.5901864193008675,0.4423470405858533,1,0
trucks,0.5901864193008675,0.4423470405858533,1,0
trumped,0.5901864193008675,0.4423470405858533,1,0
trunks,0.5901864193008675,0.4423470405858533,1,0
trustworthiness,0.5901864193008675,0.4423470405858533,1,0
tu,0.5901864193008675,0.4423470405858533,1,0
tu-22m3,0.5901864193008675,0.4423470405858533,1,0
tuesday's,0.5901864193008675,0.4423470405858533,1,0
tumours,0.5901864193008675,0.4423470405858533,1,0
turks,0.5901864193008675,0.4423470405858533,1,0
turnout,0.5901864193008675,0.4423470405858533,1,0
turpitude,0.5901864193008675,0.4423470405858533,1,0
tutsi,0.5901864193008675,0.4423470405858533,1,0
tutsis,0.5901864193008675,0.4423470405858533,1,0
tweet,0.5901864193008675,0.4423470405858533,1,0
twenty-eighth,0.5901864193008675,0.4423470405858533,1,0
twenty-seventh,0.5901864193008675,0.4423470405858533,1,0
twenty-three,0.5901864193008675,0.4423470405858533,1,0
twisted,0.5901864193008675,0.4423470405858533,1,0
two-year,0.5901864193008675,0.4423470405858533,1,0
twofold,0.5901864193008675,0.4423470405858533,1,0
typically,0.5901864193008675,0.4423470405858533,1,0
tyumen,0.5901864193008675,0.4423470405858533,1,0
tür,0.5901864193008675,0.4423470405858533,1,0
u,0.5901864193008675,0.4423470405858533,1,0
uav,0.5901864193008675,0.4423470405858533,1,0
ukraine-united,0.5901864193008675,0.4423470405858533,1,0
ukraini,0.5901864193008675,0.4423470405858533,1,0
ukrainian-language,0.5901864193008675,0.4423470405858533,1,0
ultimatum,0.5901864193008675,0.4423470405858533,1,0
ultimatums,0.5901864193008675,0.4423470405858533,1,0
unaffected,0.5901864193008675,0.4423470405858533,1,0
unattainable,0.5901864193008675,0.4423470405858533,1,0
unavoidable,0.5901864193008675,0.4423470405858533,1,0
unbeatable,0.5901864193008675,0.4423470405858533,1,0
unbelievable,0.5901864193008675,0.4423470405858533,1,0
unbreakable,0.5901864193008675,0.4423470405858533,1,0
unbroken,0.5901864193008675,0.4423470405858533,1,0
unchallenged,0.5901864193008675,0.4423470405858533,1,0
unclaimed,0.5901864193008675,0.4423470405858533,1,0
undemocratic,0.5901864193008675,0.4423470405858533,1,0
underage,0.5901864193008675,0.4423470405858533,1,0
undercut,0.5901864193008675,0.4423470405858533,1,0
underfoot,0.5901864193008675,0.4423470405858533,1,0
underpinning,0.5901864193008675,0.4423470405858533,1,0
undesirables,0.5901864193008675,0.4423470405858533,1,0
undone,0.5901864193008675,0.4423470405858533,1,0
uneasiness,0.5901864193008675,0.4423470405858533,1,0
uneasy,0.5901864193008675,0.4423470405858533,1,0
unequal,0.5901864193008675,0.4423470405858533,1,0
unesco-listed,0.5901864193008675,0.4423470405858533,1,0
uneventful,0.5901864193008675,0.4423470405858533,1,0
unfailing,0.5901864193008675,0.4423470405858533,1,0
unfit,0.5901864193008675,0.4423470405858533,1,0
unhappy,0.5901864193008675,0.4423470405858533,1,0
unheard,0.5901864193008675,0.4423470405858533,1,0
uniforms,0.5901864193008675,0.4423470405858533,1,0
uninhabitable,0.5901864193008675,0.4423470405858533,1,0
union-led,0.5901864193008675,0.4423470405858533,1,0
union-ukraine,0.5901864193008675,0.4423470405858533,1,0
unites,0.5901864193008675,0.4423470405858533,1,0
university's,0.5901864193008675,0.4423470405858533,1,0
unlawfulness,0.5901864193008675,0.4423470405858533,1,0
unliveable,0.5901864193008675,0.4423470405858533,1,0
unlocking,0.5901864193008675,0.4423470405858533,1,0
unmarked,0.5901864193008675,0.4423470405858533,1,0
unmistakably,0.5901864193008675,0.4423470405858533,1,0
unnecessarily,0.5901864193008675,0.4423470405858533,1,0
unprotected,0.5901864193008675,0.4423470405858533,1,0
unquestionably,0.5901864193008675,0.4423470405858533,1,0
unrealistic,0.5901864193008675,0.4423470405858533,1,0
unremarkable,0.5901864193008675,0.4423470405858533,1,0
unruly,0.5901864193008675,0.4423470405858533,1,0
unstable,0.5901864193008675,0.4423470405858533,1,0
unstoppable,0.5901864193008675,0.4423470405858533,1,0
unsubstantiated,0.5901864193008675,0.4423470405858533,1,0
unsurprisingly,0.5901864193008675,0.4423470405858533,1,0
untouched,0.5901864193008675,0.4423470405858533,1,0
untrue,0.5901864193008675,0.4423470405858533,1,0
unturned,0.5901864193008675,0.4423470405858533,1,0
unveils,0.5901864193008675,0.4423470405858533,1,0
unverified,0.5901864193008675,0.4423470405858533,1,0
unwinnable,0.5901864193008675,0.4423470405858533,1,0
upbringing,0.5901864193008675,0.4423470405858533,1,0
upgrading,0.5901864193008675,0.4423470405858533,1,0
upscale,0.5901864193008675,0.4423470405858533,1,0
upset,0.5901864193008675,0.4423470405858533,1,0
uragan,0.5901864193008675,0.4423470405858533,1,0
usefulness,0.5901864193008675,0.4423470405858533,1,0
usher,0.5901864193008675,0.4423470405858533,1,0
usurped,0.5901864193008675,0.4423470405858533,1,0
uttering,0.5901864193008675,0.4423470405858533,1,0
vacation,0.5901864193008675,0.4423470405858533,1,0
vaccine,0.5901864193008675,0.4423470405858533,1,0
vaccines,0.5901864193008675,0.4423470405858533,1,0
vague,0.5901864193008675,0.4423470405858533,1,0
valdai,0.5901864193008675,0.4423470405858533,1,0
valour,0.5901864193008675,0.4423470405858533,1,0
vandalism,0.5901864193008675,0.4423470405858533,1,0
vanguard,0.5901864193008675,0.4423470405858533,1,0
vehiculated,0.5901864193008675,0.4423470405858533,1,0
veil,0.5901864193008675,0.4423470405858533,1,0
veneer,0.5901864193008675,0.4423470405858533,1,0
venerates,0.5901864193008675,0.4423470405858533,1,0
venture,0.5901864193008675,0.4423470405858533,1,0
venue,0.5901864193008675,0.4423470405858533,1,0
verge,0.5901864193008675,0.4423470405858533,1,0
verifiable,0.5901864193008675,0.4423470405858533,1,0
vertiginously,0.5901864193008675,0.4423470405858533,1,0
veteran,0.5901864193008675,0.4423470405858533,1,0
vetting,0.5901864193008675,0.4423470405858533,1,0
vibrant,0.5901864193008675,0.4423470405858533,1,0
victor,0.5901864193008675,0.4423470405858533,1,0
victorious,0.5901864193008675,0.4423470405858533,1,0
vide,0.5901864193008675,0.4423470405858533,1,0
viewers,0.5901864193008675,0.4423470405858533,1,0
viewpoint,0.5901864193008675,0.4423470405858533,1,0
viewpoints,0.5901864193008675,0.4423470405858533,1,0
vigorous,0.5901864193008675,0.4423470405858533,1,0
viktoriya,0.5901864193008675,0.4423470405858533,1,0
villains,0.5901864193008675,0.4423470405858533,1,0
vilnius,0.5901864193008675,0.4423470405858533,1,0
violently,0.5901864193008675,0.4423470405858533,1,0
violin,0.5901864193008675,0.4423470405858533,1,0
virtues,0.5901864193008675,0.4423470405858533,1,0
virulently,0.5901864193008675,0.4423470405858533,1,0
visualize,0.5901864193008675,0.4423470405858533,1,0
vivid,0.5901864193008675,0.4423470405858533,1,0
vkontakte,0.5901864193008675,0.4423470405858533,1,0
vocabulary,0.5901864193008675,0.4423470405858533,1,0
vociferate,0.5901864193008675,0.4423470405858533,1,0
vody,0.5901864193008675,0.4423470405858533,1,0
voltage,0.5901864193008675,0.4423470405858533,1,0
voter,0.5901864193008675,0.4423470405858533,1,0
vu,0.5901864193008675,0.4423470405858533,1,0
vukovar,0.5901864193008675,0.4423470405858533,1,0
vynohradne,0.5901864193008675,0.4423470405858533,1,0
vyshhorod,0.5901864193008675,0.4423470405858533,1,0
wages,0.5901864193008675,0.4423470405858533,1,0
wakeup,0.5901864193008675,0.4423470405858533,1,0
waking,0.5901864193008675,0.4423470405858533,1,0
walking,0.5901864193008675,0.4423470405858533,1,0
wall,0.5901864193008675,0.4423470405858533,1,0
war-party,0.5901864193008675,0.4423470405858533,1,0
warming,0.5901864193008675,0.4423470405858533,1,0
warplanes,0.5901864193008675,0.4423470405858533,1,0
warrior,0.5901864193008675,0.4423470405858533,1,0
warriors,0.5901864193008675,0.4423470405858533,1,0
warzones,0.5901864193008675,0.4423470405858533,1,0
wash,0.5901864193008675,0.4423470405858533,1,0
wastewater,0.5901864193008675,0.4423470405858533,1,0
watershed,0.5901864193008675,0.4423470405858533,1,0
waterways,0.5901864193008675,0.4423470405858533,1,0
waterworks,0.5901864193008675,0.4423470405858533,1,0
wavering,0.5901864193008675,0.4423470405858533,1,0
weakest,0.5901864193008675,0.4423470405858533,1,0
weaponizes,0.5901864193008675,0.4423470405858533,1,0
wearing,0.5901864193008675,0.4423470405858533,1,0
websites,0.5901864193008675,0.4423470405858533,1,0
wedge,0.5901864193008675,0.4423470405858533,1,0
weekends,0.5901864193008675,0.4423470405858533,1,0
weekly,0.5901864193008675,0.4423470405858533,1,0
well-defined,0.5901864193008675,0.4423470405858533,1,0
well-documented,0.5901864193008675,0.4423470405858533,1,0
well-founded,0.5901864193008675,0.4423470405858533,1,0
well-functioning,0.5901864193008675,0.4423470405858533,1,0
well-informed,0.5901864193008675,0.4423470405858533,1,0
well-nourished,0.5901864193008675,0.4423470405858533,1,0
well-prepared,0.5901864193008675,0.4423470405858533,1,0
well-targeted,0.5901864193008675,0.4423470405858533,1,0
well-wishers,0.5901864193008675,0.4423470405858533,1,0
well-worn,0.5901864193008675,0.4423470405858533,1,0
wells,0.5901864193008675,0.4423470405858533,1,0
westerners,0.5901864193008675,0.4423470405858533,1,0
whataboutisms,0.5901864193008675,0.4423470405858533,1,0
wheel,0.5901864193008675,0.4423470405858533,1,0
whelan,0.5901864193008675,0.4423470405858533,1,0
whereabouts,0.5901864193008675,0.4423470405858533,1,0
whereas,0.5901864193008675,0.4423470405858533,1,0
whipping,0.5901864193008675,0.4423470405858533,1,0
whitewashing,0.5901864193008675,0.4423470405858533,1,0
wholly,0.5901864193008675,0.4423470405858533,1,0
wide-open,0.5901864193008675,0.4423470405858533,1,0
wide-ordnance,0.5901864193008675,0.4423470405858533,1,0
wide-scale,0.5901864193008675,0.4423470405858533,1,0
widest-scale,0.5901864193008675,0.4423470405858533,1,0
wield,0.5901864193008675,0.4423470405858533,1,0
wildest,0.5901864193008675,0.4423470405858533,1,0
windshields,0.5901864193008675,0.4423470405858533,1,0
wins,0.5901864193008675,0.4423470405858533,1,0
winterization-specific,0.5901864193008675,0.4423470405858533,1,0
winterized,0.5901864193008675,0.4423470405858533,1,0
wintertime,0.5901864193008675,0.4423470405858533,1,0
wiser,0.5901864193008675,0.4423470405858533,1,0
withstand,0.5901864193008675,0.4423470405858533,1,0
women-led,0.5901864193008675,0.4423470405858533,1,0
workforce,0.5901864193008675,0.4423470405858533,1,0
workings,0.5901864193008675,0.4423470405858533,1,0
world-renowned,0.5901864193008675,0.4423470405858533,1,0
worries,0.5901864193008675,0.4423470405858533,1,0
worthwhile,0.5901864193008675,0.4423470405858533,1,0
would-be,0.5901864193008675,0.4423470405858533,1,0
wrap,0.5901864193008675,0.4423470405858533,1,0
wreak,0.5901864193008675,0.4423470405858533,1,0
wrecked,0.5901864193008675,0.4423470405858533,1,0
wretched,0.5901864193008675,0.4423470405858533,1,0
yard,0.5901864193008675,0.4423470405858533,1,0
yellow,0.5901864193008675,0.4423470405858533,1,0
yeva,0.5901864193008675,0.4423470405858533,1,0
yorker,0.5901864193008675,0.4423470405858533,1,0
younger,0.5901864193008675,0.4423470405858533,1,0
youngest,0.5901864193008675,0.4423470405858533,1,0
yuli,0.5901864193008675,0.4423470405858533,1,0
yuryivka,0.5901864193008675,0.4423470405858533,1,0
yuzvak,0.5901864193008675,0.4423470405858533,1,0
zagreb,0.5901864193008675,0.4423470405858533,1,0
zaki,0.5901864193008675,0.4423470405858533,1,0
zbigniew,0.5901864193008675,0.4423470405858533,1,0
zealous,0.5901864193008675,0.4423470405858533,1,0
zero-credibility,0.5901864193008675,0.4423470405858533,1,0
zero-legality,0.5901864193008675,0.4423470405858533,1,0
zero-legitimacy,0.5901864193008675,0.4423470405858533,1,0
zhovti,0.5901864193008675,0.4423470405858533,1,0
zolfaghar,0.5901864193008675,0.4423470405858533,1,0
°,0.5901864193008675,0.4423470405858533,1,0
łódź,0.5901864193008675,0.4423470405858533,1,0
recently,0.5799205725504712,0.44634345563870026,51,25
artificial,0.5785186699595485,0.4468935414562255,10,3
captured,0.5785186699595485,0.4468935414562255,10,3
chaos,0.5785186699595485,0.4468935414562255,10,3
elected,0.5785186699595485,0.4468935414562255,10,3
fact-finding,0.5785186699595485,0.4468935414562255,10,3
forcing,0.5785186699595485,0.4468935414562255,10,3
indicates,0.5785186699595485,0.4468935414562255,10,3
laid,0.5785186699595485,0.4468935414562255,10,3
previously,0.5785186699595485,0.4468935414562255,10,3
radiation,0.5785186699595485,0.4468935414562255,10,3
realize,0.5785186699595485,0.4468935414562255,10,3
staggering,0.5785186699595485,0.4468935414562255,10,3
able,0.5771446121211673,0.44743372330676134,84,43
+,0.5374221561427859,0.46350303636613654,3,0
abduct,0.5374221561427859,0.46350303636613654,3,0
abominable,0.5374221561427859,0.46350303636613654,3,0
accepts,0.5374221561427859,0.46350303636613654,3,0
accomplice,0.5374221561427859,0.46350303636613654,3,0
accurately,0.5374221561427859,0.46350303636613654,3,0
accustomed,0.5374221561427859,0.46350303636613654,3,0
admirable,0.5374221561427859,0.46350303636613654,3,0
advice,0.5374221561427859,0.46350303636613654,3,0
affiliation,0.5374221561427859,0.46350303636613654,3,0
aforementioned,0.5374221561427859,0.46350303636613654,3,0
afraid,0.5374221561427859,0.46350303636613654,3,0
aggregates,0.5374221561427859,0.46350303636613654,3,0
aggressor's,0.5374221561427859,0.46350303636613654,3,0
airport,0.5374221561427859,0.46350303636613654,3,0
alike,0.5374221561427859,0.46350303636613654,3,0
alliance,0.5374221561427859,0.46350303636613654,3,0
altering,0.5374221561427859,0.46350303636613654,3,0
amounting,0.5374221561427859,0.46350303636613654,3,0
anti-semitism,0.5374221561427859,0.46350303636613654,3,0
antisemitic,0.5374221561427859,0.46350303636613654,3,0
armoured,0.5374221561427859,0.46350303636613654,3,0
army's,0.5374221561427859,0.46350303636613654,3,0
arrives,0.5374221561427859,0.46350303636613654,3,0
artists,0.5374221561427859,0.46350303636613654,3,0
asks,0.5374221561427859,0.46350303636613654,3,0
assertion,0.5374221561427859,0.46350303636613654,3,0
assigned,0.5374221561427859,0.46350303636613654,3,0
assimilate,0.5374221561427859,0.46350303636613654,3,0
audience,0.5374221561427859,0.46350303636613654,3,0
author,0.5374221561427859,0.46350303636613654,3,0
authorized,0.5374221561427859,0.46350303636613654,3,0
autotransformers,0.5374221561427859,0.46350303636613654,3,0
azov,0.5374221561427859,0.46350303636613654,3,0
ballots,0.5374221561427859,0.46350303636613654,3,0
banks,0.5374221561427859,0.46350303636613654,3,0
bare,0.5374221561427859,0.46350303636613654,3,0
bars,0.5374221561427859,0.46350303636613654,3,0
behave,0.5374221561427859,0.46350303636613654,3,0
belarusian,0.5374221561427859,0.46350303636613654,3,0
belova,0.5374221561427859,0.46350303636613654,3,0
biometric,0.5374221561427859,0.46350303636613654,3,0
blackout,0.5374221561427859,0.46350303636613654,3,0
blames,0.5374221561427859,0.46350303636613654,3,0
bleeding,0.5374221561427859,0.46350303636613654,3,0
blinken,0.5374221561427859,0.46350303636613654,3,0
blitzkrieg,0.5374221561427859,0.46350303636613654,3,0
blown,0.5374221561427859,0.46350303636613654,3,0
bolster,0.5374221561427859,0.46350303636613654,3,0
bombard,0.5374221561427859,0.46350303636613654,3,0
bombed-out,0.5374221561427859,0.46350303636613654,3,0
bosnian,0.5374221561427859,0.46350303636613654,3,0
boss,0.5374221561427859,0.46350303636613654,3,0
brainwashing,0.5374221561427859,0.46350303636613654,3,0
brazen,0.5374221561427859,0.46350303636613654,3,0
broker,0.5374221561427859,0.46350303636613654,3,0
budgetary,0.5374221561427859,0.46350303636613654,3,0
bully,0.5374221561427859,0.46350303636613654,3,0
cancer,0.5374221561427859,0.46350303636613654,3,0
caring,0.5374221561427859,0.46350303636613654,3,0
caritas,0.5374221561427859,0.46350303636613654,3,0
catch,0.5374221561427859,0.46350303636613654,3,0
cell,0.5374221561427859,0.46350303636613654,3,0
chancellor,0.5374221561427859,0.46350303636613654,3,0
charade,0.5374221561427859,0.46350303636613654,3,0
charter's,0.5374221561427859,0.46350303636613654,3,0
checkpoints,0.5374221561427859,0.46350303636613654,3,0
cite,0.5374221561427859,0.46350303636613654,3,0
citizenship,0.5374221561427859,0.46350303636613654,3,0
cleansing,0.5374221561427859,0.46350303636613654,3,0
clock,0.5374221561427859,0.46350303636613654,3,0
collaboration,0.5374221561427859,0.46350303636613654,3,0
colony,0.5374221561427859,0.46350303636613654,3,0
commentators,0.5374221561427859,0.46350303636613654,3,0
commonwealth,0.5374221561427859,0.46350303636613654,3,0
comparing,0.5374221561427859,0.46350303636613654,3,0
compatible,0.5374221561427859,0.46350303636613654,3,0
complaints,0.5374221561427859,0.46350303636613654,3,0
complicit,0.5374221561427859,0.46350303636613654,3,0
condone,0.5374221561427859,0.46350303636613654,3,0
confirming,0.5374221561427859,0.46350303636613654,3,0
confiscating,0.5374221561427859,0.46350303636613654,3,0
container,0.5374221561427859,0.46350303636613654,3,0
controlling,0.5374221561427859,0.46350303636613654,3,0
corner,0.5374221561427859,0.46350303636613654,3,0
corruption,0.5374221561427859,0.46350303636613654,3,0
counter-offensive,0.5374221561427859,0.46350303636613654,3,0
crews,0.5374221561427859,0.46350303636613654,3,0
crimean,0.5374221561427859,0.46350303636613654,3,0
cronies,0.5374221561427859,0.46350303636613654,3,0
crushing,0.5374221561427859,0.46350303636613654,3,0
customs,0.5374221561427859,0.46350303636613654,3,0
dated,0.5374221561427859,0.46350303636613654,3,0
daughter,0.5374221561427859,0.46350303636613654,3,0
debris,0.5374221561427859,0.46350303636613654,3,0
deceive,0.5374221561427859,0.46350303636613654,3,0
declare,0.5374221561427859,0.46350303636613654,3,0
defied,0.5374221561427859,0.46350303636613654,3,0
demographic,0.5374221561427859,0.46350303636613654,3,0
demolished,0.5374221561427859,0.46350303636613654,3,0
denounces,0.5374221561427859,0.46350303636613654,3,0
deportees,0.5374221561427859,0.46350303636613654,3,0
descend,0.5374221561427859,0.46350303636613654,3,0
detains,0.5374221561427859,0.46350303636613654,3,0
dictatorship,0.5374221561427859,0.46350303636613654,3,0
dignify,0.5374221561427859,0.46350303636613654,3,0
disappear,0.5374221561427859,0.46350303636613654,3,0
disappeared,0.5374221561427859,0.46350303636613654,3,0
distort,0.5374221561427859,0.46350303636613654,3,0
dna,0.5374221561427859,0.46350303636613654,3,0
dock,0.5374221561427859,0.46350303636613654,3,0
drafted,0.5374221561427859,0.46350303636613654,3,0
drawings,0.5374221561427859,0.46350303636613654,3,0
dubious,0.5374221561427859,0.46350303636613654,3,0
eased,0.5374221561427859,0.46350303636613654,3,0
efficiently,0.5374221561427859,0.46350303636613654,3,0
electric,0.5374221561427859,0.46350303636613654,3,0
electronic,0.5374221561427859,0.46350303636613654,3,0
emmanuel,0.5374221561427859,0.46350303636613654,3,0
employee,0.5374221561427859,0.46350303636613654,3,0
engineering,0.5374221561427859,0.46350303636613654,3,0
english,0.5374221561427859,0.46350303636613654,3,0
engraved,0.5374221561427859,0.46350303636613654,3,0
erasing,0.5374221561427859,0.46350303636613654,3,0
examinations,0.5374221561427859,0.46350303636613654,3,0
execution,0.5374221561427859,0.46350303636613654,3,0
exhumed,0.5374221561427859,0.46350303636613654,3,0
extra,0.5374221561427859,0.46350303636613654,3,0
fabrication,0.5374221561427859,0.46350303636613654,3,0
fault,0.5374221561427859,0.46350303636613654,3,0
feels,0.5374221561427859,0.46350303636613654,3,0
feet,0.5374221561427859,0.46350303636613654,3,0
filmed,0.5374221561427859,0.46350303636613654,3,0
filtered,0.5374221561427859,0.46350303636613654,3,0
financed,0.5374221561427859,0.46350303636613654,3,0
finland,0.5374221561427859,0.46350303636613654,3,0
finnish,0.5374221561427859,0.46350303636613654,3,0
fixed,0.5374221561427859,0.46350303636613654,3,0
flags,0.5374221561427859,0.46350303636613654,3,0
flowers,0.5374221561427859,0.46350303636613654,3,0
food-importing,0.5374221561427859,0.46350303636613654,3,0
food-insecurity,0.5374221561427859,0.46350303636613654,3,0
fooled,0.5374221561427859,0.46350303636613654,3,0
forty-one,0.5374221561427859,0.46350303636613654,3,0
friday's,0.5374221561427859,0.46350303636613654,3,0
furious,0.5374221561427859,0.46350303636613654,3,0
geographical,0.5374221561427859,0.46350303636613654,3,0
government-controlled,0.5374221561427859,0.46350303636613654,3,0
grandparents,0.5374221561427859,0.46350303636613654,3,0
gravest,0.5374221561427859,0.46350303636613654,3,0
green,0.5374221561427859,0.46350303636613654,3,0
grenades,0.5374221561427859,0.46350303636613654,3,0
grossly,0.5374221561427859,0.46350303636613654,3,0
hamas,0.5374221561427859,0.46350303636613654,3,0
happiness,0.5374221561427859,0.46350303636613654,3,0
harvesting,0.5374221561427859,0.46350303636613654,3,0
headlong,0.5374221561427859,0.46350303636613654,3,0
hero,0.5374221561427859,0.46350303636613654,3,0
heroism,0.5374221561427859,0.46350303636613654,3,0
high-voltage,0.5374221561427859,0.46350303636613654,3,0
hole,0.5374221561427859,0.46350303636613654,3,0
horribly,0.5374221561427859,0.46350303636613654,3,0
husband,0.5374221561427859,0.46350303636613654,3,0
identities,0.5374221561427859,0.46350303636613654,3,0
idle,0.5374221561427859,0.46350303636613654,3,0
improvised,0.5374221561427859,0.46350303636613654,3,0
in-kind,0.5374221561427859,0.46350303636613654,3,0
incomprehensible,0.5374221561427859,0.46350303636613654,3,0
indefensible,0.5374221561427859,0.46350303636613654,3,0
indigenous,0.5374221561427859,0.46350303636613654,3,0
indoctrination,0.5374221561427859,0.46350303636613654,3,0
infantry,0.5374221561427859,0.46350303636613654,3,0
ink,0.5374221561427859,0.46350303636613654,3,0
insanity,0.5374221561427859,0.46350303636613654,3,0
insincere,0.5374221561427859,0.46350303636613654,3,0
inspectorate,0.5374221561427859,0.46350303636613654,3,0
instilling,0.5374221561427859,0.46350303636613654,3,0
insult,0.5374221561427859,0.46350303636613654,3,0
introducing,0.5374221561427859,0.46350303636613654,3,0
inviolability,0.5374221561427859,0.46350303636613654,3,0
irresponsibility,0.5374221561427859,0.46350303636613654,3,0
issuing,0.5374221561427859,0.46350303636613654,3,0
jeddah,0.5374221561427859,0.46350303636613654,3,0
josep,0.5374221561427859,0.46350303636613654,3,0
judgment,0.5374221561427859,0.46350303636613654,3,0
kh-22,0.5374221561427859,0.46350303636613654,3,0
krasnodar,0.5374221561427859,0.46350303636613654,3,0
landmine,0.5374221561427859,0.46350303636613654,3,0
lending,0.5374221561427859,0.46350303636613654,3,0
libraries,0.5374221561427859,0.46350303636613654,3,0
lifted,0.5374221561427859,0.46350303636613654,3,0
lighting,0.5374221561427859,0.46350303636613654,3,0
likes,0.5374221561427859,0.46350303636613654,3,0
lists,0.5374221561427859,0.46350303636613654,3,0
literature,0.5374221561427859,0.46350303636613654,3,0
logical,0.5374221561427859,0.46350303636613654,3,0
lowered,0.5374221561427859,0.46350303636613654,3,0
lvova,0.5374221561427859,0.46350303636613654,3,0
man's,0.5374221561427859,0.46350303636613654,3,0
mantra,0.5374221561427859,0.46350303636613654,3,0
mayor,0.5374221561427859,0.46350303636613654,3,0
medieval,0.5374221561427859,0.46350303636613654,3,0
memories,0.5374221561427859,0.46350303636613654,3,0
mentioning,0.5374221561427859,0.46350303636613654,3,0
meticulous,0.5374221561427859,0.46350303636613654,3,0
meticulously,0.5374221561427859,0.46350303636613654,3,0
metro,0.5374221561427859,0.46350303636613654,3,0
milošević,0.5374221561427859,0.46350303636613654,3,0
mimicry,0.5374221561427859,0.46350303636613654,3,0
mir,0.5374221561427859,0.46350303636613654,3,0
misled,0.5374221561427859,0.46350303636613654,3,0
missile-defence,0.5374221561427859,0.46350303636613654,3,0
modalities,0.5374221561427859,0.46350303636613654,3,0
motyzhyn,0.5374221561427859,0.46350303636613654,3,0
multilayered,0.5374221561427859,0.46350303636613654,3,0
multistorey,0.5374221561427859,0.46350303636613654,3,0
murderous,0.5374221561427859,0.46350303636613654,3,0
naked,0.5374221561427859,0.46350303636613654,3,0
never-ending,0.5374221561427859,0.46350303636613654,3,0
ngos,0.5374221561427859,0.46350303636613654,3,0
nobel,0.5374221561427859,0.46350303636613654,3,0
noon,0.5374221561427859,0.46350303636613654,3,0
norwegian,0.5374221561427859,0.46350303636613654,3,0
o'clock,0.5374221561427859,0.46350303636613654,3,0
obliges,0.5374221561427859,0.46350303636613654,3,0
obsession,0.5374221561427859,0.46350303636613654,3,0
obsessive,0.5374221561427859,0.46350303636613654,3,0
occupier,0.5374221561427859,0.46350303636613654,3,0
oilseed,0.5374221561427859,0.46350303636613654,3,0
okhtyrka,0.5374221561427859,0.46350303636613654,3,0
oleh,0.5374221561427859,0.46350303636613654,3,0
omits,0.5374221561427859,0.46350303636613654,3,0
opted,0.5374221561427859,0.46350303636613654,3,0
orchestrated,0.5374221561427859,0.46350303636613654,3,0
orientation,0.5374221561427859,0.46350303636613654,3,0
outnumbered,0.5374221561427859,0.46350303636613654,3,0
overestimated,0.5374221561427859,0.46350303636613654,3,0
overthrow,0.5374221561427859,0.46350303636613654,3,0
pact,0.5374221561427859,0.46350303636613654,3,0
pariah,0.5374221561427859,0.46350303636613654,3,0
patterns,0.5374221561427859,0.46350303636613654,3,0
persistently,0.5374221561427859,0.46350303636613654,3,0
photos,0.5374221561427859,0.46350303636613654,3,0
plant's,0.5374221561427859,0.46350303636613654,3,0
plenty,0.5374221561427859,0.46350303636613654,3,0
plummeted,0.5374221561427859,0.46350303636613654,3,0
poisonous,0.5374221561427859,0.46350303636613654,3,0
pre-trial,0.5374221561427859,0.46350303636613654,3,0
predictably,0.5374221561427859,0.46350303636613654,3,0
predominantly,0.5374221561427859,0.46350303636613654,3,0
preferences,0.5374221561427859,0.46350303636613654,3,0
preparatory,0.5374221561427859,0.46350303636613654,3,0
pretend,0.5374221561427859,0.46350303636613654,3,0
pretending,0.5374221561427859,0.46350303636613654,3,0
prisons,0.5374221561427859,0.46350303636613654,3,0
pro,0.5374221561427859,0.46350303636613654,3,0
proceeded,0.5374221561427859,0.46350303636613654,3,0
processed,0.5374221561427859,0.46350303636613654,3,0
proliferate,0.5374221561427859,0.46350303636613654,3,0
promised,0.5374221561427859,0.46350303636613654,3,0
prosecutor's,0.5374221561427859,0.46350303636613654,3,0
protesting,0.5374221561427859,0.46350303636613654,3,0
publication,0.5374221561427859,0.46350303636613654,3,0
pulling,0.5374221561427859,0.46350303636613654,3,0
punishable,0.5374221561427859,0.46350303636613654,3,0
puppet,0.5374221561427859,0.46350303636613654,3,0
queue,0.5374221561427859,0.46350303636613654,3,0
rages,0.5374221561427859,0.46350303636613654,3,0
railways,0.5374221561427859,0.46350303636613654,3,0
rain,0.5374221561427859,0.46350303636613654,3,0
rained,0.5374221561427859,0.46350303636613654,3,0
re-education,0.5374221561427859,0.46350303636613654,3,0
reconfirmed,0.5374221561427859,0.46350303636613654,3,0
refusing,0.5374221561427859,0.46350303636613654,3,0
refuted,0.5374221561427859,0.46350303636613654,3,0
reich,0.5374221561427859,0.46350303636613654,3,0
rejoin,0.5374221561427859,0.46350303636613654,3,0
relocate,0.5374221561427859,0.46350303636613654,3,0
relocation,0.5374221561427859,0.46350303636613654,3,0
remembrance,0.5374221561427859,0.46350303636613654,3,0
reminiscent,0.5374221561427859,0.46350303636613654,3,0
reni,0.5374221561427859,0.46350303636613654,3,0
replacing,0.5374221561427859,0.46350303636613654,3,0
representation,0.5374221561427859,0.46350303636613654,3,0
research,0.5374221561427859,0.46350303636613654,3,0
resisted,0.5374221561427859,0.46350303636613654,3,0
restrict,0.5374221561427859,0.46350303636613654,3,0
reunited,0.5374221561427859,0.46350303636613654,3,0
rewards,0.5374221561427859,0.46350303636613654,3,0
riddled,0.5374221561427859,0.46350303636613654,3,0
roof,0.5374221561427859,0.46350303636613654,3,0
ruling,0.5374221561427859,0.46350303636613654,3,0
russian-affiliated,0.5374221561427859,0.46350303636613654,3,0
ruthless,0.5374221561427859,0.46350303636613654,3,0
sacrificed,0.5374221561427859,0.46350303636613654,3,0
sale,0.5374221561427859,0.46350303636613654,3,0
salutes,0.5374221561427859,0.46350303636613654,3,0
sanctioning,0.5374221561427859,0.46350303636613654,3,0
scenarios,0.5374221561427859,0.46350303636613654,3,0
scholz,0.5374221561427859,0.46350303636613654,3,0
searching,0.5374221561427859,0.46350303636613654,3,0
sesame,0.5374221561427859,0.46350303636613654,3,0
seventy-seven,0.5374221561427859,0.46350303636613654,3,0
shape,0.5374221561427859,0.46350303636613654,3,0
shedding,0.5374221561427859,0.46350303636613654,3,0
shine,0.5374221561427859,0.46350303636613654,3,0
shooting,0.5374221561427859,0.46350303636613654,3,0
signatures,0.5374221561427859,0.46350303636613654,3,0
simplify,0.5374221561427859,0.46350303636613654,3,0
sink,0.5374221561427859,0.46350303636613654,3,0
skies,0.5374221561427859,0.46350303636613654,3,0
slaughtered,0.5374221561427859,0.46350303636613654,3,0
slogan,0.5374221561427859,0.46350303636613654,3,0
slowdown,0.5374221561427859,0.46350303636613654,3,0
solzhenitsyn,0.5374221561427859,0.46350303636613654,3,0
sounding,0.5374221561427859,0.46350303636613654,3,0
sounds,0.5374221561427859,0.46350303636613654,3,0
sow,0.5374221561427859,0.46350303636613654,3,0
spiked,0.5374221561427859,0.46350303636613654,3,0
srebrenica,0.5374221561427859,0.46350303636613654,3,0
starts,0.5374221561427859,0.46350303636613654,3,0
starved,0.5374221561427859,0.46350303636613654,3,0
statehood,0.5374221561427859,0.46350303636613654,3,0
steal,0.5374221561427859,0.46350303636613654,3,0
stored,0.5374221561427859,0.46350303636613654,3,0
street,0.5374221561427859,0.46350303636613654,3,0
strengthens,0.5374221561427859,0.46350303636613654,3,0
string,0.5374221561427859,0.46350303636613654,3,0
strongholds,0.5374221561427859,0.46350303636613654,3,0
struggled,0.5374221561427859,0.46350303636613654,3,0
stuck,0.5374221561427859,0.46350303636613654,3,0
sub-saharan,0.5374221561427859,0.46350303636613654,3,0
suburbs,0.5374221561427859,0.46350303636613654,3,0
summarily,0.5374221561427859,0.46350303636613654,3,0
surface,0.5374221561427859,0.46350303636613654,3,0
surroundings,0.5374221561427859,0.46350303636613654,3,0
survived,0.5374221561427859,0.46350303636613654,3,0
survivor,0.5374221561427859,0.46350303636613654,3,0
suspect,0.5374221561427859,0.46350303636613654,3,0
teaches,0.5374221561427859,0.46350303636613654,3,0
teenage,0.5374221561427859,0.46350303636613654,3,0
temperature,0.5374221561427859,0.46350303636613654,3,0
terminal,0.5374221561427859,0.46350303636613654,3,0
terribly,0.5374221561427859,0.46350303636613654,3,0
testify,0.5374221561427859,0.46350303636613654,3,0
theory,0.5374221561427859,0.46350303636613654,3,0
thoughtful,0.5374221561427859,0.46350303636613654,3,0
three-year-old,0.5374221561427859,0.46350303636613654,3,0
thriving,0.5374221561427859,0.46350303636613654,3,0
tied,0.5374221561427859,0.46350303636613654,3,0
title,0.5374221561427859,0.46350303636613654,3,0
toolbox,0.5374221561427859,0.46350303636613654,3,0
trace,0.5374221561427859,0.46350303636613654,3,0
traceable,0.5374221561427859,0.46350303636613654,3,0
trail,0.5374221561427859,0.46350303636613654,3,0
trample,0.5374221561427859,0.46350303636613654,3,0
transparency,0.5374221561427859,0.46350303636613654,3,0
trivial,0.5374221561427859,0.46350303636613654,3,0
trustworthy,0.5374221561427859,0.46350303636613654,3,0
tuesday,0.5374221561427859,0.46350303636613654,3,0
turkish,0.5374221561427859,0.46350303636613654,3,0
twelve,0.5374221561427859,0.46350303636613654,3,0
uman,0.5374221561427859,0.46350303636613654,3,0
unarmed,0.5374221561427859,0.46350303636613654,3,0
uncrewed,0.5374221561427859,0.46350303636613654,3,0
undo,0.5374221561427859,0.46350303636613654,3,0
undoing,0.5374221561427859,0.46350303636613654,3,0
undue,0.5374221561427859,0.46350303636613654,3,0
uniform,0.5374221561427859,0.46350303636613654,3,0
unjustly,0.5374221561427859,0.46350303636613654,3,0
unleashing,0.5374221561427859,0.46350303636613654,3,0
unmistakable,0.5374221561427859,0.46350303636613654,3,0
unquestionable,0.5374221561427859,0.46350303636613654,3,0
unsure,0.5374221561427859,0.46350303636613654,3,0
utilities,0.5374221561427859,0.46350303636613654,3,0
verdict,0.5374221561427859,0.46350303636613654,3,0
veronika,0.5374221561427859,0.46350303636613654,3,0
versus,0.5374221561427859,0.46350303636613654,3,0
vigorously,0.5374221561427859,0.46350303636613654,3,0
vii,0.5374221561427859,0.46350303636613654,3,0
vorontsov,0.5374221561427859,0.46350303636613654,3,0
warmth,0.5374221561427859,0.46350303636613654,3,0
warship,0.5374221561427859,0.46350303636613654,3,0
warships,0.5374221561427859,0.46350303636613654,3,0
wasting,0.5374221561427859,0.46350303636613654,3,0
weakness,0.5374221561427859,0.46350303636613654,3,0
wear,0.5374221561427859,0.46350303636613654,3,0
white,0.5374221561427859,0.46350303636613654,3,0
whitewash,0.5374221561427859,0.46350303636613654,3,0
wiped,0.5374221561427859,0.46350303636613654,3,0
withdraws,0.5374221561427859,0.46350303636613654,3,0
workshop,0.5374221561427859,0.46350303636613654,3,0
wounding,0.5374221561427859,0.46350303636613654,3,0
yale,0.5374221561427859,0.46350303636613654,3,0
à,0.5374221561427859,0.46350303636613654,3,0
condemnation,0.5288541213066182,0.46708900941424614,30,14
educational,0.5288541213066182,0.46708900941424614,30,14
leadership,0.5256032076664474,0.4684612507167707,45,22
abuses,0.5075509040516322,0.47620097722547194,43,21
half,0.5075509040516322,0.47620097722547194,43,21
furthermore,0.49892150673058805,0.47997438643395285,26,12
september,0.49892150673058805,0.47997438643395285,26,12
unprecedented,0.49892150673058805,0.47997438643395285,26,12
still,0.49773177896673826,0.4804984578374695,103,54
new,0.49696069721144054,0.48083861824036045,153,82
tragic,0.48953180867019447,0.4841362282197166,41,20
normal,0.4848344565833603,0.4862406285238271,24,11
syria,0.4848344565833603,0.4862406285238271,24,11
weeks,0.48198343706169844,0.4875252721214427,83,43
loved,0.4715532243275911,0.49227347926630416,22,10
sector,0.4715532243275911,0.49227347926630416,22,10
stay,0.4715532243275911,0.49227347926630416,22,10
steps,0.47155100505722886,0.4922744977619815,39,19
presidency,0.4608288961981187,0.49723684206346896,61,31
none,0.45932775250003555,0.4979383165939114,20,9
teams,0.45932775250003555,0.4979383165939114,20,9
evacuated,0.448523341738877,0.5030370312045265,18,8
zone,0.448523341738877,0.5030370312045265,18,8
happen,0.43969588432813483,0.5072692755649034,16,7
hydroelectric,0.43969588432813483,0.5072692755649034,16,7
brink,0.437781341757461,0.5081952556268441,10,4
engaging,0.437781341757461,0.5081952556268441,10,4
entities,0.437781341757461,0.5081952556268441,10,4
initial,0.437781341757461,0.5081952556268441,10,4
launching,0.437781341757461,0.5081952556268441,10,4
misery,0.437781341757461,0.5081952556268441,10,4
opinion,0.437781341757461,0.5081952556268441,10,4
receiving,0.437781341757461,0.5081952556268441,10,4
served,0.437781341757461,0.5081952556268441,10,4
though,0.437781341757461,0.5081952556268441,10,4
conflict-related,0.4357304729133709,0.5091904058039587,35,17
near,0.4357304729133709,0.5091904058039587,35,17
year,0.4348591288219173,0.50961422929555,198,108
concluded,0.4337348079320424,0.5101620023707016,14,6
europe's,0.4337348079320424,0.5101620023707016,14,6
kehris,0.4337348079320424,0.5101620023707016,14,6
visited,0.4337348079320424,0.5101620023707016,14,6
merely,0.4321573715187637,0.5109322532652987,12,5
precautions,0.4321573715187637,0.5109322532652987,12,5
systematically,0.4321573715187637,0.5109322532652987,12,5
turning,0.4321573715187637,0.5109322532652987,12,5
military,0.4189648510429792,0.5174540158681571,364,203
levels,0.4043425837528537,0.5248550445498985,44,22
extend,0.38249859383407553,0.536269055414049,29,14
request,0.38249859383407553,0.536269055414049,29,14
accelerated,0.37727530348484767,0.5390650671067181,5,1
admitted,0.37727530348484767,0.5390650671067181,5,1
advisers,0.37727530348484767,0.5390650671067181,5,1
affiliated,0.37727530348484767,0.5390650671067181,5,1
ambassadors,0.37727530348484767,0.5390650671067181,5,1
badly,0.37727530348484767,0.5390650671067181,5,1
basements,0.37727530348484767,0.5390650671067181,5,1
businesses,0.37727530348484767,0.5390650671067181,5,1
camp,0.37727530348484767,0.5390650671067181,5,1
collecting,0.37727530348484767,0.5390650671067181,5,1
compatriots,0.37727530348484767,0.5390650671067181,5,1
compelling,0.37727530348484767,0.5390650671067181,5,1
confident,0.37727530348484767,0.5390650671067181,5,1
consolidate,0.37727530348484767,0.5390650671067181,5,1
controls,0.37727530348484767,0.5390650671067181,5,1
corners,0.37727530348484767,0.5390650671067181,5,1
destinations,0.37727530348484767,0.5390650671067181,5,1
detail,0.37727530348484767,0.5390650671067181,5,1
doors,0.37727530348484767,0.5390650671067181,5,1
efficient,0.37727530348484767,0.5390650671067181,5,1
fights,0.37727530348484767,0.5390650671067181,5,1
firing,0.37727530348484767,0.5390650671067181,5,1
flag,0.37727530348484767,0.5390650671067181,5,1
food-security,0.37727530348484767,0.5390650671067181,5,1
fresh,0.37727530348484767,0.5390650671067181,5,1
friendship,0.37727530348484767,0.5390650671067181,5,1
funeral,0.37727530348484767,0.5390650671067181,5,1
guise,0.37727530348484767,0.5390650671067181,5,1
healing,0.37727530348484767,0.5390650671067181,5,1
holiday,0.37727530348484767,0.5390650671067181,5,1
hoped,0.37727530348484767,0.5390650671067181,5,1
identifying,0.37727530348484767,0.5390650671067181,5,1
impacting,0.37727530348484767,0.5390650671067181,5,1
instrumentalize,0.37727530348484767,0.5390650671067181,5,1
kostiantynivka,0.37727530348484767,0.5390650671067181,5,1
kupyansk,0.37727530348484767,0.5390650671067181,5,1
latter,0.37727530348484767,0.5390650671067181,5,1
legislation,0.37727530348484767,0.5390650671067181,5,1
marginalized,0.37727530348484767,0.5390650671067181,5,1
match,0.37727530348484767,0.5390650671067181,5,1
meets,0.37727530348484767,0.5390650671067181,5,1
mount,0.37727530348484767,0.5390650671067181,5,1
nights,0.37727530348484767,0.5390650671067181,5,1
ordering,0.37727530348484767,0.5390650671067181,5,1
pray,0.37727530348484767,0.5390650671067181,5,1
pretexts,0.37727530348484767,0.5390650671067181,5,1
producers,0.37727530348484767,0.5390650671067181,5,1
reassure,0.37727530348484767,0.5390650671067181,5,1
reminding,0.37727530348484767,0.5390650671067181,5,1
renews,0.37727530348484767,0.5390650671067181,5,1
resounding,0.37727530348484767,0.5390650671067181,5,1
resumed,0.37727530348484767,0.5390650671067181,5,1
route,0.37727530348484767,0.5390650671067181,5,1
saturday,0.37727530348484767,0.5390650671067181,5,1
self,0.37727530348484767,0.5390650671067181,5,1
senior,0.37727530348484767,0.5390650671067181,5,1
shell,0.37727530348484767,0.5390650671067181,5,1
staples,0.37727530348484767,0.5390650671067181,5,1
straightforward,0.37727530348484767,0.5390650671067181,5,1
sympathies,0.37727530348484767,0.5390650671067181,5,1
thinking,0.37727530348484767,0.5390650671067181,5,1
trampled,0.37727530348484767,0.5390650671067181,5,1
usually,0.37727530348484767,0.5390650671067181,5,1
ward,0.37727530348484767,0.5390650671067181,5,1
warehouses,0.37727530348484767,0.5390650671067181,5,1
waver,0.37727530348484767,0.5390650671067181,5,1
whereby,0.37727530348484767,0.5390650671067181,5,1
wilful,0.37727530348484767,0.5390650671067181,5,1
responsibility,0.3685709045236887,0.5437842799086836,128,69
strongly,0.36429636232247475,0.5461297739751352,87,46
environmental,0.34753079730269654,0.5555142249128164,25,12
shows,0.34753079730269654,0.5555142249128164,25,12
conquest,0.33614475331476745,0.5620630417422662,7,2
couple,0.33614475331476745,0.5620630417422662,7,2
dehumanizing,0.33614475331476745,0.5620630417422662,7,2
dramatically,0.33614475331476745,0.5620630417422662,7,2
duties,0.33614475331476745,0.5620630417422662,7,2
entering,0.33614475331476745,0.5620630417422662,7,2
entirety,0.33614475331476745,0.5620630417422662,7,2
explain,0.33614475331476745,0.5620630417422662,7,2
exploit,0.33614475331476745,0.5620630417422662,7,2
feeling,0.33614475331476745,0.5620630417422662,7,2
gonzato,0.33614475331476745,0.5620630417422662,7,2
importantly,0.33614475331476745,0.5620630417422662,7,2
investigating,0.33614475331476745,0.5620630417422662,7,2
kept,0.33614475331476745,0.5620630417422662,7,2
mistakes,0.33614475331476745,0.5620630417422662,7,2
officers,0.33614475331476745,0.5620630417422662,7,2
one-year,0.33614475331476745,0.5620630417422662,7,2
purported,0.33614475331476745,0.5620630417422662,7,2
sets,0.33614475331476745,0.5620630417422662,7,2
stayed,0.33614475331476745,0.5620630417422662,7,2
subsequently,0.33614475331476745,0.5620630417422662,7,2
treaty,0.33614475331476745,0.5620630417422662,7,2
weaponized,0.33614475331476745,0.5620630417422662,7,2
decisions,0.3302851882563903,0.5654912071374802,23,11
however,0.3286634835127758,0.5664471391974181,99,53
absurd,0.32476861423452574,0.5687558771744441,9,3
allows,0.32476861423452574,0.5687558771744441,9,3
answer,0.32476861423452574,0.5687558771744441,9,3
assurances,0.32476861423452574,0.5687558771744441,9,3
binding,0.32476861423452574,0.5687558771744441,9,3
chernobyl,0.32476861423452574,0.5687558771744441,9,3
commemorate,0.32476861423452574,0.5687558771744441,9,3
courageous,0.32476861423452574,0.5687558771744441,9,3
destabilizing,0.32476861423452574,0.5687558771744441,9,3
korea,0.32476861423452574,0.5687558771744441,9,3
london,0.32476861423452574,0.5687558771744441,9,3
neutral,0.32476861423452574,0.5687558771744441,9,3
notably,0.32476861423452574,0.5687558771744441,9,3
pledged,0.32476861423452574,0.5687558771744441,9,3
preliminary,0.32476861423452574,0.5687558771744441,9,3
silent,0.32476861423452574,0.5687558771744441,9,3
sit,0.32476861423452574,0.5687558771744441,9,3
underlined,0.32476861423452574,0.5687558771744441,9,3
independent,0.32150275476771484,0.570705940923681,106,57
around,0.32067586102220397,0.571201760084395,166,91
pain,0.31325975946246376,0.5756867215687834,21,10
market,0.3124275274739238,0.5761943638513336,34,17
daily,0.3095644259140075,0.577947594046143,54,28
damaged,0.3087408599375473,0.5784538736788347,63,33
cooperation,0.30598571052339274,0.5801540246427326,88,47
afghanistan,0.2965251393197589,0.5860690918142666,19,9
built,0.2965251393197589,0.5860690918142666,19,9
collectively,0.2965251393197589,0.5860690918142666,19,9
considered,0.2965251393197589,0.5860690918142666,19,9
generators,0.2965251393197589,0.5860690918142666,19,9
steadfast,0.2965251393197589,0.5860690918142666,19,9
villages,0.2965251393197589,0.5860690918142666,19,9
undermining,0.28018585786640304,0.5965794247913814,17,8
preventing,0.2756646373368995,0.5995569497123574,30,15
tens,0.2756646373368995,0.5995569497123574,30,15
bachelet,0.2644034615338677,0.6071109295419365,15,7
changed,0.2644034615338677,0.6071109295419365,15,7
dark,0.2644034615338677,0.6071109295419365,15,7
facility,0.2644034615338677,0.6071109295419365,15,7
granted,0.2644034615338677,0.6071109295419365,15,7
indicate,0.2644034615338677,0.6071109295419365,15,7
inflict,0.2644034615338677,0.6071109295419365,15,7
learned,0.2644034615338677,0.6071109295419365,15,7
mean,0.2644034615338677,0.6071109295419365,15,7
testimony,0.2644034615338677,0.6071109295419365,15,7
wake,0.2644034615338677,0.6071109295419365,15,7
poverty,0.25728386342614945,0.6119923477584526,28,14
accuse,0.25151482850858004,0.616010454188156,3,1
acknowledged,0.25151482850858004,0.616010454188156,3,1
ad,0.25151482850858004,0.616010454188156,3,1
administrative,0.25151482850858004,0.616010454188156,3,1
advanced,0.25151482850858004,0.616010454188156,3,1
aiding,0.25151482850858004,0.616010454188156,3,1
allegiance,0.25151482850858004,0.616010454188156,3,1
announce,0.25151482850858004,0.616010454188156,3,1
appointment,0.25151482850858004,0.616010454188156,3,1
approved,0.25151482850858004,0.616010454188156,3,1
arsenal,0.25151482850858004,0.616010454188156,3,1
bind,0.25151482850858004,0.616010454188156,3,1
biological,0.25151482850858004,0.616010454188156,3,1
caregivers,0.25151482850858004,0.616010454188156,3,1
carrier,0.25151482850858004,0.616010454188156,3,1
ceased,0.25151482850858004,0.616010454188156,3,1
childhoods,0.25151482850858004,0.616010454188156,3,1
churches,0.25151482850858004,0.616010454188156,3,1
clearer,0.25151482850858004,0.616010454188156,3,1
closure,0.25151482850858004,0.616010454188156,3,1
colonna,0.25151482850858004,0.616010454188156,3,1
colossal,0.25151482850858004,0.616010454188156,3,1
commonly,0.25151482850858004,0.616010454188156,3,1
considerably,0.25151482850858004,0.616010454188156,3,1
construction,0.25151482850858004,0.616010454188156,3,1
contract,0.25151482850858004,0.616010454188156,3,1
courses,0.25151482850858004,0.616010454188156,3,1
cyberattacks,0.25151482850858004,0.616010454188156,3,1
daughters,0.25151482850858004,0.616010454188156,3,1
defenceless,0.25151482850858004,0.616010454188156,3,1
defy,0.25151482850858004,0.616010454188156,3,1
democracies,0.25151482850858004,0.616010454188156,3,1
deploring,0.25151482850858004,0.616010454188156,3,1
depth,0.25151482850858004,0.616010454188156,3,1
disdain,0.25151482850858004,0.616010454188156,3,1
distorted,0.25151482850858004,0.616010454188156,3,1
donations,0.25151482850858004,0.616010454188156,3,1
drama,0.25151482850858004,0.616010454188156,3,1
dread,0.25151482850858004,0.616010454188156,3,1
en,0.25151482850858004,0.616010454188156,3,1
enforce,0.25151482850858004,0.616010454188156,3,1
essence,0.25151482850858004,0.616010454188156,3,1
essentially,0.25151482850858004,0.616010454188156,3,1
europeans,0.25151482850858004,0.616010454188156,3,1
evacuating,0.25151482850858004,0.616010454188156,3,1
exceed,0.25151482850858004,0.616010454188156,3,1
excuses,0.25151482850858004,0.616010454188156,3,1
expose,0.25151482850858004,0.616010454188156,3,1
exposing,0.25151482850858004,0.616010454188156,3,1
fast,0.25151482850858004,0.616010454188156,3,1
fierce,0.25151482850858004,0.616010454188156,3,1
fighters,0.25151482850858004,0.616010454188156,3,1
flash,0.25151482850858004,0.616010454188156,3,1
forests,0.25151482850858004,0.616010454188156,3,1
fronts,0.25151482850858004,0.616010454188156,3,1
fukushima,0.25151482850858004,0.616010454188156,3,1
fulfilled,0.25151482850858004,0.616010454188156,3,1
gathering,0.25151482850858004,0.616010454188156,3,1
generous,0.25151482850858004,0.616010454188156,3,1
grids,0.25151482850858004,0.616010454188156,3,1
grip,0.25151482850858004,0.616010454188156,3,1
gruelling,0.25151482850858004,0.616010454188156,3,1
guard,0.25151482850858004,0.616010454188156,3,1
hamper,0.25151482850858004,0.616010454188156,3,1
harvested,0.25151482850858004,0.616010454188156,3,1
headed,0.25151482850858004,0.616010454188156,3,1
headquarters,0.25151482850858004,0.616010454188156,3,1
hectares,0.25151482850858004,0.616010454188156,3,1
hesitate,0.25151482850858004,0.616010454188156,3,1
illness,0.25151482850858004,0.616010454188156,3,1
in-depth,0.25151482850858004,0.616010454188156,3,1
inclusivity,0.25151482850858004,0.616010454188156,3,1
incompatible,0.25151482850858004,0.616010454188156,3,1
indignation,0.25151482850858004,0.616010454188156,3,1
inscribed,0.25151482850858004,0.616010454188156,3,1
institute,0.25151482850858004,0.616010454188156,3,1
intent,0.25151482850858004,0.616010454188156,3,1
interruption,0.25151482850858004,0.616010454188156,3,1
inviting,0.25151482850858004,0.616010454188156,3,1
justice's,0.25151482850858004,0.616010454188156,3,1
kingdom's,0.25151482850858004,0.616010454188156,3,1
lifelong,0.25151482850858004,0.616010454188156,3,1
location,0.25151482850858004,0.616010454188156,3,1
mandatory,0.25151482850858004,0.616010454188156,3,1
masse,0.25151482850858004,0.616010454188156,3,1
modest,0.25151482850858004,0.616010454188156,3,1
monuments,0.25151482850858004,0.616010454188156,3,1
mountain,0.25151482850858004,0.616010454188156,3,1
network,0.25151482850858004,0.616010454188156,3,1
norm,0.25151482850858004,0.616010454188156,3,1
notification,0.25151482850858004,0.616010454188156,3,1
observation,0.25151482850858004,0.616010454188156,3,1
obstruct,0.25151482850858004,0.616010454188156,3,1
ordnance,0.25151482850858004,0.616010454188156,3,1
outrage,0.25151482850858004,0.616010454188156,3,1
outreach,0.25151482850858004,0.616010454188156,3,1
overstate,0.25151482850858004,0.616010454188156,3,1
placing,0.25151482850858004,0.616010454188156,3,1
planes,0.25151482850858004,0.616010454188156,3,1
plunged,0.25151482850858004,0.616010454188156,3,1
pointing,0.25151482850858004,0.616010454188156,3,1
population's,0.25151482850858004,0.616010454188156,3,1
possess,0.25151482850858004,0.616010454188156,3,1
power-generation,0.25151482850858004,0.616010454188156,3,1
predictability,0.25151482850858004,0.616010454188156,3,1
presenting,0.25151482850858004,0.616010454188156,3,1
presidents,0.25151482850858004,0.616010454188156,3,1
producing,0.25151482850858004,0.616010454188156,3,1
prosecutions,0.25151482850858004,0.616010454188156,3,1
protest,0.25151482850858004,0.616010454188156,3,1
providers,0.25151482850858004,0.616010454188156,3,1
ranks,0.25151482850858004,0.616010454188156,3,1
recovered,0.25151482850858004,0.616010454188156,3,1
recovering,0.25151482850858004,0.616010454188156,3,1
reformed,0.25151482850858004,0.616010454188156,3,1
reinforces,0.25151482850858004,0.616010454188156,3,1
relies,0.25151482850858004,0.616010454188156,3,1
remembered,0.25151482850858004,0.616010454188156,3,1
replace,0.25151482850858004,0.616010454188156,3,1
rescued,0.25151482850858004,0.616010454188156,3,1
reset,0.25151482850858004,0.616010454188156,3,1
responds,0.25151482850858004,0.616010454188156,3,1
rests,0.25151482850858004,0.616010454188156,3,1
rewrite,0.25151482850858004,0.616010454188156,3,1
rush,0.25151482850858004,0.616010454188156,3,1
script,0.25151482850858004,0.616010454188156,3,1
sections,0.25151482850858004,0.616010454188156,3,1
sees,0.25151482850858004,0.616010454188156,3,1
separations,0.25151482850858004,0.616010454188156,3,1
shame,0.25151482850858004,0.616010454188156,3,1
sheer,0.25151482850858004,0.616010454188156,3,1
shockingly,0.25151482850858004,0.616010454188156,3,1
slowed,0.25151482850858004,0.616010454188156,3,1
solving,0.25151482850858004,0.616010454188156,3,1
sponsor,0.25151482850858004,0.616010454188156,3,1
standard,0.25151482850858004,0.616010454188156,3,1
staple,0.25151482850858004,0.616010454188156,3,1
stipulates,0.25151482850858004,0.616010454188156,3,1
strada-ukraine,0.25151482850858004,0.616010454188156,3,1
stripped,0.25151482850858004,0.616010454188156,3,1
studied,0.25151482850858004,0.616010454188156,3,1
suddenly,0.25151482850858004,0.616010454188156,3,1
superiors,0.25151482850858004,0.616010454188156,3,1
supremacy,0.25151482850858004,0.616010454188156,3,1
tables,0.25151482850858004,0.616010454188156,3,1
thoroughly,0.25151482850858004,0.616010454188156,3,1
totalling,0.25151482850858004,0.616010454188156,3,1
touch,0.25151482850858004,0.616010454188156,3,1
tracing,0.25151482850858004,0.616010454188156,3,1
transformation,0.25151482850858004,0.616010454188156,3,1
twentieth,0.25151482850858004,0.616010454188156,3,1
unaccounted,0.25151482850858004,0.616010454188156,3,1
under-secretaries-general,0.25151482850858004,0.616010454188156,3,1
underlining,0.25151482850858004,0.616010454188156,3,1
unleash,0.25151482850858004,0.616010454188156,3,1
upside,0.25151482850858004,0.616010454188156,3,1
warn,0.25151482850858004,0.616010454188156,3,1
wreaking,0.25151482850858004,0.616010454188156,3,1
writer,0.25151482850858004,0.616010454188156,3,1
aims,0.24944152608908055,0.6174685908604107,13,6
dedicated,0.24944152608908055,0.6174685908604107,13,6
drik,0.24944152608908055,0.6174685908604107,13,6
identified,0.24944152608908055,0.6174685908604107,13,6
platform,0.24944152608908055,0.6174685908604107,13,6
hand,0.2389035369321247,0.624999162071932,26,13
question,0.2389035369321247,0.624999162071932,26,13
century,0.23576130913641538,0.6272844236320689,11,5
greatly,0.23576130913641538,0.6272844236320689,11,5
grid,0.23576130913641538,0.6272844236320689,11,5
hosting,0.23576130913641538,0.6272844236320689,11,5
imminent,0.23576130913641538,0.6272844236320689,11,5
losing,0.23576130913641538,0.6272844236320689,11,5
picture,0.23576130913641538,0.6272844236320689,11,5
radioactive,0.23576130913641538,0.6272844236320689,11,5
regions,0.22809937651897821,0.6329367072278727,108,59
large-scale,0.22052365783848926,0.6386412067496634,24,12
allow,0.21492820799107346,0.6429318441550518,106,58
voted,0.20780570533989548,0.6484927328238235,33,17
gratitude,0.20214422612890792,0.6529956269676833,22,11
warfare,0.20214422612890792,0.6529956269676833,22,11
representative,0.19272140599084947,0.6606612012756201,245,138
makes,0.1837652417870462,0.6681572215074775,20,10
mounting,0.1837652417870462,0.6681572215074775,20,10
scale,0.1765548766792407,0.6743507963905413,47,25
shown,0.1765548766792407,0.6743507963905413,47,25
power,0.1577987285740032,0.6911913130175442,237,134
related,0.15552775425117105,0.6933078356560936,36,19
asked,0.15475646720370245,0.694030726872122,27,14
alongside,0.14700861514114788,0.7014105818961889,16,8
delivering,0.14700861514114788,0.7014105818961889,16,8
giving,0.14700861514114788,0.7014105818961889,16,8
shelters,0.14700861514114788,0.7014105818961889,16,8
yesterday's,0.14700861514114788,0.7014105818961889,16,8
humanity,0.14128505100139327,0.7070068251657607,80,44
potential,0.13858891254005037,0.7096878733412828,50,27
mentioned,0.13729428624012088,0.7109858131053619,25,13
key,0.13429313101816492,0.7140216521361179,57,31
bilateral,0.13219583177683797,0.716166101815561,8,3
blackouts,0.13219583177683797,0.716166101815561,8,3
chair,0.13219583177683797,0.716166101815561,8,3
classes,0.13219583177683797,0.716166101815561,8,3
court's,0.13219583177683797,0.716166101815561,8,3
evident,0.13219583177683797,0.716166101815561,8,3
harvest,0.13219583177683797,0.716166101815561,8,3
jobs,0.13219583177683797,0.716166101815561,8,3
located,0.13219583177683797,0.716166101815561,8,3
missions,0.13219583177683797,0.716166101815561,8,3
monitor,0.13219583177683797,0.716166101815561,8,3
overnight,0.13219583177683797,0.716166101815561,8,3
paris,0.13219583177683797,0.716166101815561,8,3
praise,0.13219583177683797,0.716166101815561,8,3
professional,0.13219583177683797,0.716166101815561,8,3
profoundly,0.13219583177683797,0.716166101815561,8,3
resolutely,0.13219583177683797,0.716166101815561,8,3
returning,0.13219583177683797,0.716166101815561,8,3
torn,0.13219583177683797,0.716166101815561,8,3
trip,0.13219583177683797,0.716166101815561,8,3
updated,0.13219583177683797,0.716166101815561,8,3
weaponry,0.13219583177683797,0.716166101815561,8,3
examples,0.12863097280444638,0.7198557374253447,14,7
organ,0.12863097280444638,0.7198557374253447,14,7
swift,0.12863097280444638,0.7198557374253447,14,7
13-year-old,0.12575639403018452,0.7228731820453708,2,0
15-year-old,0.12575639403018452,0.7228731820453708,2,0
4-year-old,0.12575639403018452,0.7228731820453708,2,0
64th,0.12575639403018452,0.7228731820453708,2,0
7-year-old,0.12575639403018452,0.7228731820453708,2,0
8-year-old,0.12575639403018452,0.7228731820453708,2,0
a.m,0.12575639403018452,0.7228731820453708,2,0
abdulla,0.12575639403018452,0.7228731820453708,2,0
abomination,0.12575639403018452,0.7228731820453708,2,0
absent,0.12575639403018452,0.7228731820453708,2,0
absorb,0.12575639403018452,0.7228731820453708,2,0
absurdity,0.12575639403018452,0.7228731820453708,2,0
abundantly,0.12575639403018452,0.7228731820453708,2,0
accepting,0.12575639403018452,0.7228731820453708,2,0
accounting,0.12575639403018452,0.7228731820453708,2,0
accuracy,0.12575639403018452,0.7228731820453708,2,0
accusing,0.12575639403018452,0.7228731820453708,2,0
acknowledgement,0.12575639403018452,0.7228731820453708,2,0
adjacent,0.12575639403018452,0.7228731820453708,2,0
adjourned,0.12575639403018452,0.7228731820453708,2,0
administrations,0.12575639403018452,0.7228731820453708,2,0
admire,0.12575639403018452,0.7228731820453708,2,0
adolf,0.12575639403018452,0.7228731820453708,2,0
adversity,0.12575639403018452,0.7228731820453708,2,0
advisory,0.12575639403018452,0.7228731820453708,2,0
agat,0.12575639403018452,0.7228731820453708,2,0
age-sensitive,0.12575639403018452,0.7228731820453708,2,0
aggression's,0.12575639403018452,0.7228731820453708,2,0
aggressions,0.12575639403018452,0.7228731820453708,2,0
aid-delivery,0.12575639403018452,0.7228731820453708,2,0
albanians,0.12575639403018452,0.7228731820453708,2,0
alerts,0.12575639403018452,0.7228731820453708,2,0
aligned,0.12575639403018452,0.7228731820453708,2,0
allocates,0.12575639403018452,0.7228731820453708,2,0
ally,0.12575639403018452,0.7228731820453708,2,0
amin,0.12575639403018452,0.7228731820453708,2,0
anchors,0.12575639403018452,0.7228731820453708,2,0
andrzej,0.12575639403018452,0.7228731820453708,2,0
angel,0.12575639403018452,0.7228731820453708,2,0
anisimov,0.12575639403018452,0.7228731820453708,2,0
anna,0.12575639403018452,0.7228731820453708,2,0
annihilation,0.12575639403018452,0.7228731820453708,2,0
announces,0.12575639403018452,0.7228731820453708,2,0
anthem,0.12575639403018452,0.7228731820453708,2,0
anti-semitic,0.12575639403018452,0.7228731820453708,2,0
anymore,0.12575639403018452,0.7228731820453708,2,0
anytime,0.12575639403018452,0.7228731820453708,2,0
anyway,0.12575639403018452,0.7228731820453708,2,0
arbitrarily,0.12575639403018452,0.7228731820453708,2,0
archipelago,0.12575639403018452,0.7228731820453708,2,0
argued,0.12575639403018452,0.7228731820453708,2,0
ashamed,0.12575639403018452,0.7228731820453708,2,0
asian,0.12575639403018452,0.7228731820453708,2,0
assaulted,0.12575639403018452,0.7228731820453708,2,0
assemble,0.12575639403018452,0.7228731820453708,2,0
assessing,0.12575639403018452,0.7228731820453708,2,0
associations,0.12575639403018452,0.7228731820453708,2,0
assumes,0.12575639403018452,0.7228731820453708,2,0
attorney,0.12575639403018452,0.7228731820453708,2,0
audacity,0.12575639403018452,0.7228731820453708,2,0
authorize,0.12575639403018452,0.7228731820453708,2,0
autism,0.12575639403018452,0.7228731820453708,2,0
avail,0.12575639403018452,0.7228731820453708,2,0
averting,0.12575639403018452,0.7228731820453708,2,0
awad,0.12575639403018452,0.7228731820453708,2,0
awakening,0.12575639403018452,0.7228731820453708,2,0
awful,0.12575639403018452,0.7228731820453708,2,0
b,0.12575639403018452,0.7228731820453708,2,0
baby's,0.12575639403018452,0.7228731820453708,2,0
backbone,0.12575639403018452,0.7228731820453708,2,0
backgrounds,0.12575639403018452,0.7228731820453708,2,0
backpacks,0.12575639403018452,0.7228731820453708,2,0
balkans,0.12575639403018452,0.7228731820453708,2,0
barbarism,0.12575639403018452,0.7228731820453708,2,0
barley,0.12575639403018452,0.7228731820453708,2,0
basically,0.12575639403018452,0.7228731820453708,2,0
basin,0.12575639403018452,0.7228731820453708,2,0
bats,0.12575639403018452,0.7228731820453708,2,0
battalion,0.12575639403018452,0.7228731820453708,2,0
bbc,0.12575639403018452,0.7228731820453708,2,0
beatings,0.12575639403018452,0.7228731820453708,2,0
bed,0.12575639403018452,0.7228731820453708,2,0
bedrock,0.12575639403018452,0.7228731820453708,2,0
bellicose,0.12575639403018452,0.7228731820453708,2,0
bells,0.12575639403018452,0.7228731820453708,2,0
belonged,0.12575639403018452,0.7228731820453708,2,0
bench,0.12575639403018452,0.7228731820453708,2,0
bet,0.12575639403018452,0.7228731820453708,2,0
bezimenne,0.12575639403018452,0.7228731820453708,2,0
bicycles,0.12575639403018452,0.7228731820453708,2,0
birthday,0.12575639403018452,0.7228731820453708,2,0
bisexual,0.12575639403018452,0.7228731820453708,2,0
blackmailing,0.12575639403018452,0.7228731820453708,2,0
blanche,0.12575639403018452,0.7228731820453708,2,0
blankets,0.12575639403018452,0.7228731820453708,2,0
blasts,0.12575639403018452,0.7228731820453708,2,0
blessing,0.12575639403018452,0.7228731820453708,2,0
blockaded,0.12575639403018452,0.7228731820453708,2,0
blowing,0.12575639403018452,0.7228731820453708,2,0
bogus,0.12575639403018452,0.7228731820453708,2,0
bolshevik,0.12575639403018452,0.7228731820453708,2,0
bolsheviks,0.12575639403018452,0.7228731820453708,2,0
bolstered,0.12575639403018452,0.7228731820453708,2,0
bombarded,0.12575639403018452,0.7228731820453708,2,0
bombarding,0.12575639403018452,0.7228731820453708,2,0
bombers,0.12575639403018452,0.7228731820453708,2,0
bone-chilling,0.12575639403018452,0.7228731820453708,2,0
book,0.12575639403018452,0.7228731820453708,2,0
bounds,0.12575639403018452,0.7228731820453708,2,0
brigades,0.12575639403018452,0.7228731820453708,2,0
british,0.12575639403018452,0.7228731820453708,2,0
brutalized,0.12575639403018452,0.7228731820453708,2,0
brutally,0.12575639403018452,0.7228731820453708,2,0
bullies,0.12575639403018452,0.7228731820453708,2,0
burn,0.12575639403018452,0.7228731820453708,2,0
burned-out,0.12575639403018452,0.7228731820453708,2,0
burying,0.12575639403018452,0.7228731820453708,2,0
bustling,0.12575639403018452,0.7228731820453708,2,0
butcher,0.12575639403018452,0.7228731820453708,2,0
button,0.12575639403018452,0.7228731820453708,2,0
by-product,0.12575639403018452,0.7228731820453708,2,0
cabinet,0.12575639403018452,0.7228731820453708,2,0
camouflage,0.12575639403018452,0.7228731820453708,2,0
camouflaged,0.12575639403018452,0.7228731820453708,2,0
cancerous,0.12575639403018452,0.7228731820453708,2,0
candlelight,0.12575639403018452,0.7228731820453708,2,0
capability,0.12575639403018452,0.7228731820453708,2,0
capita,0.12575639403018452,0.7228731820453708,2,0
cares,0.12575639403018452,0.7228731820453708,2,0
cargoes,0.12575639403018452,0.7228731820453708,2,0
carriers,0.12575639403018452,0.7228731820453708,2,0
carte,0.12575639403018452,0.7228731820453708,2,0
categorically,0.12575639403018452,0.7228731820453708,2,0
celebrations,0.12575639403018452,0.7228731820453708,2,0
cellars,0.12575639403018452,0.7228731820453708,2,0
censorship,0.12575639403018452,0.7228731820453708,2,0
center,0.12575639403018452,0.7228731820453708,2,0
century's,0.12575639403018452,0.7228731820453708,2,0
charges,0.12575639403018452,0.7228731820453708,2,0
charred,0.12575639403018452,0.7228731820453708,2,0
chechen,0.12575639403018452,0.7228731820453708,2,0
check,0.12575639403018452,0.7228731820453708,2,0
child's,0.12575639403018452,0.7228731820453708,2,0
christian,0.12575639403018452,0.7228731820453708,2,0
classified,0.12575639403018452,0.7228731820453708,2,0
co-sponsors,0.12575639403018452,0.7228731820453708,2,0
coastal,0.12575639403018452,0.7228731820453708,2,0
coastline,0.12575639403018452,0.7228731820453708,2,0
coffin,0.12575639403018452,0.7228731820453708,2,0
coincidence,0.12575639403018452,0.7228731820453708,2,0
coldest,0.12575639403018452,0.7228731820453708,2,0
collaborators,0.12575639403018452,0.7228731820453708,2,0
colours,0.12575639403018452,0.7228731820453708,2,0
comforts,0.12575639403018452,0.7228731820453708,2,0
commemoration,0.12575639403018452,0.7228731820453708,2,0
competitor,0.12575639403018452,0.7228731820453708,2,0
complaining,0.12575639403018452,0.7228731820453708,2,0
complexes,0.12575639403018452,0.7228731820453708,2,0
composed,0.12575639403018452,0.7228731820453708,2,0
confiscated,0.12575639403018452,0.7228731820453708,2,0
confiscation,0.12575639403018452,0.7228731820453708,2,0
congratulations,0.12575639403018452,0.7228731820453708,2,0
conquer,0.12575639403018452,0.7228731820453708,2,0
conscious,0.12575639403018452,0.7228731820453708,2,0
consists,0.12575639403018452,0.7228731820453708,2,0
constituting,0.12575639403018452,0.7228731820453708,2,0
construct,0.12575639403018452,0.7228731820453708,2,0
constructing,0.12575639403018452,0.7228731820453708,2,0
consulate,0.12575639403018452,0.7228731820453708,2,0
containers,0.12575639403018452,0.7228731820453708,2,0
contaminating,0.12575639403018452,0.7228731820453708,2,0
contingent,0.12575639403018452,0.7228731820453708,2,0
contradicts,0.12575639403018452,0.7228731820453708,2,0
contributor,0.12575639403018452,0.7228731820453708,2,0
cooperating,0.12575639403018452,0.7228731820453708,2,0
corpses,0.12575639403018452,0.7228731820453708,2,0
corroborated,0.12575639403018452,0.7228731820453708,2,0
councillor,0.12575639403018452,0.7228731820453708,2,0
coup,0.12575639403018452,0.7228731820453708,2,0
crazy,0.12575639403018452,0.7228731820453708,2,0
credit,0.12575639403018452,0.7228731820453708,2,0
creed,0.12575639403018452,0.7228731820453708,2,0
cross-regional,0.12575639403018452,0.7228731820453708,2,0
cubic,0.12575639403018452,0.7228731820453708,2,0
cult,0.12575639403018452,0.7228731820453708,2,0
cumulative,0.12575639403018452,0.7228731820453708,2,0
currency,0.12575639403018452,0.7228731820453708,2,0
czar,0.12575639403018452,0.7228731820453708,2,0
czech,0.12575639403018452,0.7228731820453708,2,0
d'état,0.12575639403018452,0.7228731820453708,2,0
dag,0.12575639403018452,0.7228731820453708,2,0
dagestan,0.12575639403018452,0.7228731820453708,2,0
dances,0.12575639403018452,0.7228731820453708,2,0
dare,0.12575639403018452,0.7228731820453708,2,0
dash,0.12575639403018452,0.7228731820453708,2,0
de-nazified,0.12575639403018452,0.7228731820453708,2,0
de-occupied,0.12575639403018452,0.7228731820453708,2,0
de-putinization,0.12575639403018452,0.7228731820453708,2,0
deadlier,0.12575639403018452,0.7228731820453708,2,0
deaf,0.12575639403018452,0.7228731820453708,2,0
deals,0.12575639403018452,0.7228731820453708,2,0
decides,0.12575639403018452,0.7228731820453708,2,0
declaring,0.12575639403018452,0.7228731820453708,2,0
declined,0.12575639403018452,0.7228731820453708,2,0
deep-rooted,0.12575639403018452,0.7228731820453708,2,0
deepfake,0.12575639403018452,0.7228731820453708,2,0
defiant,0.12575639403018452,0.7228731820453708,2,0
deflect,0.12575639403018452,0.7228731820453708,2,0
defunct,0.12575639403018452,0.7228731820453708,2,0
degraded,0.12575639403018452,0.7228731820453708,2,0
dehumanize,0.12575639403018452,0.7228731820453708,2,0
delays,0.12575639403018452,0.7228731820453708,2,0
delegates,0.12575639403018452,0.7228731820453708,2,0
demilitarize,0.12575639403018452,0.7228731820453708,2,0
demolishing,0.12575639403018452,0.7228731820453708,2,0
denuclearization,0.12575639403018452,0.7228731820453708,2,0
depart,0.12575639403018452,0.7228731820453708,2,0
departed,0.12575639403018452,0.7228731820453708,2,0
department,0.12575639403018452,0.7228731820453708,2,0
departures,0.12575639403018452,0.7228731820453708,2,0
deploys,0.12575639403018452,0.7228731820453708,2,0
depot,0.12575639403018452,0.7228731820453708,2,0
depressed,0.12575639403018452,0.7228731820453708,2,0
deprives,0.12575639403018452,0.7228731820453708,2,0
der,0.12575639403018452,0.7228731820453708,2,0
descended,0.12575639403018452,0.7228731820453708,2,0
description,0.12575639403018452,0.7228731820453708,2,0
desecration,0.12575639403018452,0.7228731820453708,2,0
designated,0.12575639403018452,0.7228731820453708,2,0
detaining,0.12575639403018452,0.7228731820453708,2,0
deterred,0.12575639403018452,0.7228731820453708,2,0
detonated,0.12575639403018452,0.7228731820453708,2,0
detonation,0.12575639403018452,0.7228731820453708,2,0
devil,0.12575639403018452,0.7228731820453708,2,0
dictate,0.12575639403018452,0.7228731820453708,2,0
diesel,0.12575639403018452,0.7228731820453708,2,0
differentiation,0.12575639403018452,0.7228731820453708,2,0
dima,0.12575639403018452,0.7228731820453708,2,0
directive,0.12575639403018452,0.7228731820453708,2,0
disappearing,0.12575639403018452,0.7228731820453708,2,0
discover,0.12575639403018452,0.7228731820453708,2,0
discoveries,0.12575639403018452,0.7228731820453708,2,0
discovery,0.12575639403018452,0.7228731820453708,2,0
discredit,0.12575639403018452,0.7228731820453708,2,0
disguise,0.12575639403018452,0.7228731820453708,2,0
dismantling,0.12575639403018452,0.7228731820453708,2,0
disregarded,0.12575639403018452,0.7228731820453708,2,0
disrupts,0.12575639403018452,0.7228731820453708,2,0
distinctive,0.12575639403018452,0.7228731820453708,2,0
distraction,0.12575639403018452,0.7228731820453708,2,0
dmitry,0.12575639403018452,0.7228731820453708,2,0
dmytro,0.12575639403018452,0.7228731820453708,2,0
doubling,0.12575639403018452,0.7228731820453708,2,0
dr,0.12575639403018452,0.7228731820453708,2,0
dressed,0.12575639403018452,0.7228731820453708,2,0
drian,0.12575639403018452,0.7228731820453708,2,0
dried,0.12575639403018452,0.7228731820453708,2,0
drills,0.12575639403018452,0.7228731820453708,2,0
drivel,0.12575639403018452,0.7228731820453708,2,0
driver's,0.12575639403018452,0.7228731820453708,2,0
dry,0.12575639403018452,0.7228731820453708,2,0
dublin,0.12575639403018452,0.7228731820453708,2,0
dust,0.12575639403018452,0.7228731820453708,2,0
dutch,0.12575639403018452,0.7228731820453708,2,0
earliest,0.12575639403018452,0.7228731820453708,2,0
ears,0.12575639403018452,0.7228731820453708,2,0
eighteenth-century,0.12575639403018452,0.7228731820453708,2,0
elimination,0.12575639403018452,0.7228731820453708,2,0
emboldened,0.12575639403018452,0.7228731820453708,2,0
encompass,0.12575639403018452,0.7228731820453708,2,0
engulfing,0.12575639403018452,0.7228731820453708,2,0
enrolled,0.12575639403018452,0.7228731820453708,2,0
enrolling,0.12575639403018452,0.7228731820453708,2,0
enshrine,0.12575639403018452,0.7228731820453708,2,0
envisages,0.12575639403018452,0.7228731820453708,2,0
erased,0.12575639403018452,0.7228731820453708,2,0
escorted,0.12575639403018452,0.7228731820453708,2,0
estonia's,0.12575639403018452,0.7228731820453708,2,0
euro-atlantic,0.12575639403018452,0.7228731820453708,2,0
evan,0.12575639403018452,0.7228731820453708,2,0
eventual,0.12575639403018452,0.7228731820453708,2,0
evidently,0.12575639403018452,0.7228731820453708,2,0
examined,0.12575639403018452,0.7228731820453708,2,0
exceptionally,0.12575639403018452,0.7228731820453708,2,0
executioners,0.12575639403018452,0.7228731820453708,2,0
exert,0.12575639403018452,0.7228731820453708,2,0
expelled,0.12575639403018452,0.7228731820453708,2,0
explaining,0.12575639403018452,0.7228731820453708,2,0
explanations,0.12575639403018452,0.7228731820453708,2,0
exploded,0.12575639403018452,0.7228731820453708,2,0
exploiting,0.12575639403018452,0.7228731820453708,2,0
extermination,0.12575639403018452,0.7228731820453708,2,0
extraordinarily,0.12575639403018452,0.7228731820453708,2,0
extravagant,0.12575639403018452,0.7228731820453708,2,0
fabrications,0.12575639403018452,0.7228731820453708,2,0
falsehood,0.12575639403018452,0.7228731820453708,2,0
falter,0.12575639403018452,0.7228731820453708,2,0
fan,0.12575639403018452,0.7228731820453708,2,0
fantasy,0.12575639403018452,0.7228731820453708,2,0
farcical,0.12575639403018452,0.7228731820453708,2,0
feature,0.12575639403018452,0.7228731820453708,2,0
festivals,0.12575639403018452,0.7228731820453708,2,0
fiasco,0.12575639403018452,0.7228731820453708,2,0
fiction,0.12575639403018452,0.7228731820453708,2,0
fiercest,0.12575639403018452,0.7228731820453708,2,0
firearms,0.12575639403018452,0.7228731820453708,2,0
firefighter,0.12575639403018452,0.7228731820453708,2,0
firefighters,0.12575639403018452,0.7228731820453708,2,0
fireworks,0.12575639403018452,0.7228731820453708,2,0
fleet,0.12575639403018452,0.7228731820453708,2,0
flew,0.12575639403018452,0.7228731820453708,2,0
flouts,0.12575639403018452,0.7228731820453708,2,0
fooling,0.12575639403018452,0.7228731820453708,2,0
forceful,0.12575639403018452,0.7228731820453708,2,0
forensic,0.12575639403018452,0.7228731820453708,2,0
forgive,0.12575639403018452,0.7228731820453708,2,0
formally,0.12575639403018452,0.7228731820453708,2,0
formed,0.12575639403018452,0.7228731820453708,2,0
fortified,0.12575639403018452,0.7228731820453708,2,0
fortitude,0.12575639403018452,0.7228731820453708,2,0
forty,0.12575639403018452,0.7228731820453708,2,0
four-year-old,0.12575639403018452,0.7228731820453708,2,0
fraction,0.12575639403018452,0.7228731820453708,2,0
fragments,0.12575639403018452,0.7228731820453708,2,0
freer,0.12575639403018452,0.7228731820453708,2,0
froze,0.12575639403018452,0.7228731820453708,2,0
frustrated,0.12575639403018452,0.7228731820453708,2,0
furthering,0.12575639403018452,0.7228731820453708,2,0
g-7,0.12575639403018452,0.7228731820453708,2,0
gamba,0.12575639403018452,0.7228731820453708,2,0
gang,0.12575639403018452,0.7228731820453708,2,0
gay,0.12575639403018452,0.7228731820453708,2,0
gdp,0.12575639403018452,0.7228731820453708,2,0
geography,0.12575639403018452,0.7228731820453708,2,0
gestures,0.12575639403018452,0.7228731820453708,2,0
glad,0.12575639403018452,0.7228731820453708,2,0
glorify,0.12575639403018452,0.7228731820453708,2,0
glorifying,0.12575639403018452,0.7228731820453708,2,0
golden,0.12575639403018452,0.7228731820453708,2,0
goodbye,0.12575639403018452,0.7228731820453708,2,0
grabbing,0.12575639403018452,0.7228731820453708,2,0
grabs,0.12575639403018452,0.7228731820453708,2,0
grace,0.12575639403018452,0.7228731820453708,2,0
grain-storage,0.12575639403018452,0.7228731820453708,2,0
grisly,0.12575639403018452,0.7228731820453708,2,0
grocery,0.12575639403018452,0.7228731820453708,2,0
grotesque,0.12575639403018452,0.7228731820453708,2,0
gruesome,0.12575639403018452,0.7228731820453708,2,0
guardian,0.12575639403018452,0.7228731820453708,2,0
guilty,0.12575639403018452,0.7228731820453708,2,0
gunfire,0.12575639403018452,0.7228731820453708,2,0
hallmark,0.12575639403018452,0.7228731820453708,2,0
halting,0.12575639403018452,0.7228731820453708,2,0
hammarskjöld,0.12575639403018452,0.7228731820453708,2,0
hampering,0.12575639403018452,0.7228731820453708,2,0
handful,0.12575639403018452,0.7228731820453708,2,0
hanging,0.12575639403018452,0.7228731820453708,2,0
harassing,0.12575639403018452,0.7228731820453708,2,0
hard-to-reach,0.12575639403018452,0.7228731820453708,2,0
haste,0.12575639403018452,0.7228731820453708,2,0
hastily,0.12575639403018452,0.7228731820453708,2,0
heart-breaking,0.12575639403018452,0.7228731820453708,2,0
heaven,0.12575639403018452,0.7228731820453708,2,0
helicopters,0.12575639403018452,0.7228731820453708,2,0
henchmen,0.12575639403018452,0.7228731820453708,2,0
heroically,0.12575639403018452,0.7228731820453708,2,0
hey,0.12575639403018452,0.7228731820453708,2,0
hid,0.12575639403018452,0.7228731820453708,2,0
high-precision,0.12575639403018452,0.7228731820453708,2,0
high-ranking,0.12575639403018452,0.7228731820453708,2,0
hindrance,0.12575639403018452,0.7228731820453708,2,0
historically,0.12575639403018452,0.7228731820453708,2,0
hitler's,0.12575639403018452,0.7228731820453708,2,0
holidays,0.12575639403018452,0.7228731820453708,2,0
honest,0.12575639403018452,0.7228731820453708,2,0
honouring,0.12575639403018452,0.7228731820453708,2,0
hostile,0.12575639403018452,0.7228731820453708,2,0
hostomel,0.12575639403018452,0.7228731820453708,2,0
hoxha,0.12575639403018452,0.7228731820453708,2,0
hrc,0.12575639403018452,0.7228731820453708,2,0
hryhoriy,0.12575639403018452,0.7228731820453708,2,0
humanistic,0.12575639403018452,0.7228731820453708,2,0
humiliating,0.12575639403018452,0.7228731820453708,2,0
hungriest,0.12575639403018452,0.7228731820453708,2,0
hurts,0.12575639403018452,0.7228731820453708,2,0
hybrid,0.12575639403018452,0.7228731820453708,2,0
iceberg,0.12575639403018452,0.7228731820453708,2,0
illegality,0.12575639403018452,0.7228731820453708,2,0
illustrate,0.12575639403018452,0.7228731820453708,2,0
illustrated,0.12575639403018452,0.7228731820453708,2,0
image,0.12575639403018452,0.7228731820453708,2,0
imagery,0.12575639403018452,0.7228731820453708,2,0
immoral,0.12575639403018452,0.7228731820453708,2,0
immured,0.12575639403018452,0.7228731820453708,2,0
impeded,0.12575639403018452,0.7228731820453708,2,0
imperialistic,0.12575639403018452,0.7228731820453708,2,0
imperilling,0.12575639403018452,0.7228731820453708,2,0
importing,0.12575639403018452,0.7228731820453708,2,0
impressive,0.12575639403018452,0.7228731820453708,2,0
in-person,0.12575639403018452,0.7228731820453708,2,0
inaugural,0.12575639403018452,0.7228731820453708,2,0
inclined,0.12575639403018452,0.7228731820453708,2,0
incomparable,0.12575639403018452,0.7228731820453708,2,0
incompetence,0.12575639403018452,0.7228731820453708,2,0
incomplete,0.12575639403018452,0.7228731820453708,2,0
inconvenient,0.12575639403018452,0.7228731820453708,2,0
indisputable,0.12575639403018452,0.7228731820453708,2,0
industry,0.12575639403018452,0.7228731820453708,2,0
inexcusable,0.12575639403018452,0.7228731820453708,2,0
infirm,0.12575639403018452,0.7228731820453708,2,0
ingenuity,0.12575639403018452,0.7228731820453708,2,0
inhabited,0.12575639403018452,0.7228731820453708,2,0
inspect,0.12575639403018452,0.7228731820453708,2,0
installed,0.12575639403018452,0.7228731820453708,2,0
instigator,0.12575639403018452,0.7228731820453708,2,0
instructions,0.12575639403018452,0.7228731820453708,2,0
instrumentalization,0.12575639403018452,0.7228731820453708,2,0
intend,0.12575639403018452,0.7228731820453708,2,0
intercept,0.12575639403018452,0.7228731820453708,2,0
interconnected,0.12575639403018452,0.7228731820453708,2,0
introduction,0.12575639403018452,0.7228731820453708,2,0
iron,0.12575639403018452,0.7228731820453708,2,0
ironclad,0.12575639403018452,0.7228731820453708,2,0
irrespective,0.12575639403018452,0.7228731820453708,2,0
jam,0.12575639403018452,0.7228731820453708,2,0
johnson,0.12575639403018452,0.7228731820453708,2,0
joke,0.12575639403018452,0.7228731820453708,2,0
judges,0.12575639403018452,0.7228731820453708,2,0
jurisdictional,0.12575639403018452,0.7228731820453708,2,0
jus,0.12575639403018452,0.7228731820453708,2,0
kalibr,0.12575639403018452,0.7228731820453708,2,0
kidnapped,0.12575639403018452,0.7228731820453708,2,0
kits,0.12575639403018452,0.7228731820453708,2,0
knocking,0.12575639403018452,0.7228731820453708,2,0
knowingly,0.12575639403018452,0.7228731820453708,2,0
kostyantynivka,0.12575639403018452,0.7228731820453708,2,0
kursk,0.12575639403018452,0.7228731820453708,2,0
kuznetsova,0.12575639403018452,0.7228731820453708,2,0
kyiv's,0.12575639403018452,0.7228731820453708,2,0
lab,0.12575639403018452,0.7228731820453708,2,0
labelling,0.12575639403018452,0.7228731820453708,2,0
laboratory,0.12575639403018452,0.7228731820453708,2,0
lady,0.12575639403018452,0.7228731820453708,2,0
law's,0.12575639403018452,0.7228731820453708,2,0
le,0.12575639403018452,0.7228731820453708,2,0
leader's,0.12575639403018452,0.7228731820453708,2,0
legislative,0.12575639403018452,0.7228731820453708,2,0
legitimized,0.12575639403018452,0.7228731820453708,2,0
legitimizing,0.12575639403018452,0.7228731820453708,2,0
legs,0.12575639403018452,0.7228731820453708,2,0
lenarčič,0.12575639403018452,0.7228731820453708,2,0
lengthy,0.12575639403018452,0.7228731820453708,2,0
lesbian,0.12575639403018452,0.7228731820453708,2,0
letting,0.12575639403018452,0.7228731820453708,2,0
levelled,0.12575639403018452,0.7228731820453708,2,0
lgbtqi,0.12575639403018452,0.7228731820453708,2,0
liberating,0.12575639403018452,0.7228731820453708,2,0
lifeless,0.12575639403018452,0.7228731820453708,2,0
lifetime,0.12575639403018452,0.7228731820453708,2,0
linda,0.12575639403018452,0.7228731820453708,2,0
lips,0.12575639403018452,0.7228731820453708,2,0
listing,0.12575639403018452,0.7228731820453708,2,0
loading,0.12575639403018452,0.7228731820453708,2,0
loaf,0.12575639403018452,0.7228731820453708,2,0
loan,0.12575639403018452,0.7228731820453708,2,0
loans,0.12575639403018452,0.7228731820453708,2,0
lonely,0.12575639403018452,0.7228731820453708,2,0
looked,0.12575639403018452,0.7228731820453708,2,0
loophole,0.12575639403018452,0.7228731820453708,2,0
lublin,0.12575639403018452,0.7228731820453708,2,0
lubricant,0.12575639403018452,0.7228731820453708,2,0
luckily,0.12575639403018452,0.7228731820453708,2,0
lunacy,0.12575639403018452,0.7228731820453708,2,0
lunch,0.12575639403018452,0.7228731820453708,2,0
lyashko,0.12575639403018452,0.7228731820453708,2,0
machines,0.12575639403018452,0.7228731820453708,2,0
madeleine,0.12575639403018452,0.7228731820453708,2,0
maith,0.12575639403018452,0.7228731820453708,2,0
make-up,0.12575639403018452,0.7228731820453708,2,0
malina,0.12575639403018452,0.7228731820453708,2,0
mama,0.12575639403018452,0.7228731820453708,2,0
manufacturing,0.12575639403018452,0.7228731820453708,2,0
mariupol's,0.12575639403018452,0.7228731820453708,2,0
mask,0.12575639403018452,0.7228731820453708,2,0
master,0.12575639403018452,0.7228731820453708,2,0
mayors,0.12575639403018452,0.7228731820453708,2,0
meals,0.12575639403018452,0.7228731820453708,2,0
meaningless,0.12575639403018452,0.7228731820453708,2,0
medvedev,0.12575639403018452,0.7228731820453708,2,0
mercenary,0.12575639403018452,0.7228731820453708,2,0
merciless,0.12575639403018452,0.7228731820453708,2,0
methodically,0.12575639403018452,0.7228731820453708,2,0
mid-february,0.12575639403018452,0.7228731820453708,2,0
mid-november,0.12575639403018452,0.7228731820453708,2,0
milestones,0.12575639403018452,0.7228731820453708,2,0
minefields,0.12575639403018452,0.7228731820453708,2,0
mining,0.12575639403018452,0.7228731820453708,2,0
minor,0.12575639403018452,0.7228731820453708,2,0
minority,0.12575639403018452,0.7228731820453708,2,0
misinterpretation,0.12575639403018452,0.7228731820453708,2,0
misleading,0.12575639403018452,0.7228731820453708,2,0
mobility,0.12575639403018452,0.7228731820453708,2,0
mobsters,0.12575639403018452,0.7228731820453708,2,0
morbid,0.12575639403018452,0.7228731820453708,2,0
mortal,0.12575639403018452,0.7228731820453708,2,0
mosquitoes,0.12575639403018452,0.7228731820453708,2,0
mouth,0.12575639403018452,0.7228731820453708,2,0
mouths,0.12575639403018452,0.7228731820453708,2,0
multiple-launch,0.12575639403018452,0.7228731820453708,2,0
multitude,0.12575639403018452,0.7228731820453708,2,0
mum,0.12575639403018452,0.7228731820453708,2,0
murad,0.12575639403018452,0.7228731820453708,2,0
murderer,0.12575639403018452,0.7228731820453708,2,0
murders,0.12575639403018452,0.7228731820453708,2,0
mussolini,0.12575639403018452,0.7228731820453708,2,0
mutilation,0.12575639403018452,0.7228731820453708,2,0
mutiny,0.12575639403018452,0.7228731820453708,2,0
myron,0.12575639403018452,0.7228731820453708,2,0
myth,0.12575639403018452,0.7228731820453708,2,0
naming,0.12575639403018452,0.7228731820453708,2,0
nationally,0.12575639403018452,0.7228731820453708,2,0
nations-led,0.12575639403018452,0.7228731820453708,2,0
native,0.12575639403018452,0.7228731820453708,2,0
navy,0.12575639403018452,0.7228731820453708,2,0
nazi-style,0.12575639403018452,0.7228731820453708,2,0
neck,0.12575639403018452,0.7228731820453708,2,0
needy,0.12575639403018452,0.7228731820453708,2,0
neparatov,0.12575639403018452,0.7228731820453708,2,0
newspapers,0.12575639403018452,0.7228731820453708,2,0
nine-year-old,0.12575639403018452,0.7228731820453708,2,0
ninety,0.12575639403018452,0.7228731820453708,2,0
no-go,0.12575639403018452,0.7228731820453708,2,0
non-government,0.12575639403018452,0.7228731820453708,2,0
non-occupied,0.12575639403018452,0.7228731820453708,2,0
normandy,0.12575639403018452,0.7228731820453708,2,0
noteworthy,0.12575639403018452,0.7228731820453708,2,0
notified,0.12575639403018452,0.7228731820453708,2,0
nowadays,0.12575639403018452,0.7228731820453708,2,0
obstructs,0.12575639403018452,0.7228731820453708,2,0
obviously,0.12575639403018452,0.7228731820453708,2,0
occupants,0.12575639403018452,0.7228731820453708,2,0
ocean,0.12575639403018452,0.7228731820453708,2,0
ochakiv,0.12575639403018452,0.7228731820453708,2,0
officer,0.12575639403018452,0.7228731820453708,2,0
olena's,0.12575639403018452,0.7228731820453708,2,0
oleshky,0.12575639403018452,0.7228731820453708,2,0
onus,0.12575639403018452,0.7228731820453708,2,0
onyx,0.12575639403018452,0.7228731820453708,2,0
operator,0.12575639403018452,0.7228731820453708,2,0
opting,0.12575639403018452,0.7228731820453708,2,0
outflow,0.12575639403018452,0.7228731820453708,2,0
output,0.12575639403018452,0.7228731820453708,2,0
overarching,0.12575639403018452,0.7228731820453708,2,0
overpass,0.12575639403018452,0.7228731820453708,2,0
painstakingly,0.12575639403018452,0.7228731820453708,2,0
painting,0.12575639403018452,0.7228731820453708,2,0
papers,0.12575639403018452,0.7228731820453708,2,0
parade,0.12575639403018452,0.7228731820453708,2,0
parades,0.12575639403018452,0.7228731820453708,2,0
paradise,0.12575639403018452,0.7228731820453708,2,0
parallels,0.12575639403018452,0.7228731820453708,2,0
partnerships,0.12575639403018452,0.7228731820453708,2,0
passive,0.12575639403018452,0.7228731820453708,2,0
pathogens,0.12575639403018452,0.7228731820453708,2,0
patriotism,0.12575639403018452,0.7228731820453708,2,0
paul,0.12575639403018452,0.7228731820453708,2,0
paved,0.12575639403018452,0.7228731820453708,2,0
payments,0.12575639403018452,0.7228731820453708,2,0
pedagogical,0.12575639403018452,0.7228731820453708,2,0
perform,0.12575639403018452,0.7228731820453708,2,0
perished,0.12575639403018452,0.7228731820453708,2,0
permissible,0.12575639403018452,0.7228731820453708,2,0
permission,0.12575639403018452,0.7228731820453708,2,0
perpetrate,0.12575639403018452,0.7228731820453708,2,0
perpetrator,0.12575639403018452,0.7228731820453708,2,0
petrifying,0.12575639403018452,0.7228731820453708,2,0
phone,0.12575639403018452,0.7228731820453708,2,0
phones,0.12575639403018452,0.7228731820453708,2,0
photographs,0.12575639403018452,0.7228731820453708,2,0
piled,0.12575639403018452,0.7228731820453708,2,0
pink,0.12575639403018452,0.7228731820453708,2,0
pipeline,0.12575639403018452,0.7228731820453708,2,0
pivotal,0.12575639403018452,0.7228731820453708,2,0
plastic,0.12575639403018452,0.7228731820453708,2,0
plates,0.12575639403018452,0.7228731820453708,2,0
pledge,0.12575639403018452,0.7228731820453708,2,0
plummeting,0.12575639403018452,0.7228731820453708,2,0
plunges,0.12575639403018452,0.7228731820453708,2,0
polish-ukrainian,0.12575639403018452,0.7228731820453708,2,0
politician,0.12575639403018452,0.7228731820453708,2,0
pond,0.12575639403018452,0.7228731820453708,2,0
popular,0.12575639403018452,0.7228731820453708,2,0
portray,0.12575639403018452,0.7228731820453708,2,0
possession,0.12575639403018452,0.7228731820453708,2,0
posterity,0.12575639403018452,0.7228731820453708,2,0
potemkin,0.12575639403018452,0.7228731820453708,2,0
pounded,0.12575639403018452,0.7228731820453708,2,0
powerless,0.12575639403018452,0.7228731820453708,2,0
powerlessness,0.12575639403018452,0.7228731820453708,2,0
pre-pandemic,0.12575639403018452,0.7228731820453708,2,0
preach,0.12575639403018452,0.7228731820453708,2,0
precision,0.12575639403018452,0.7228731820453708,2,0
precondition,0.12575639403018452,0.7228731820453708,2,0
premature,0.12575639403018452,0.7228731820453708,2,0
preparedness,0.12575639403018452,0.7228731820453708,2,0
presentation,0.12575639403018452,0.7228731820453708,2,0
preside,0.12575639403018452,0.7228731820453708,2,0
pressed,0.12575639403018452,0.7228731820453708,2,0
prevalence,0.12575639403018452,0.7228731820453708,2,0
privileged,0.12575639403018452,0.7228731820453708,2,0
pro-russian,0.12575639403018452,0.7228731820453708,2,0
proactive,0.12575639403018452,0.7228731820453708,2,0
proceedings,0.12575639403018452,0.7228731820453708,2,0
professor,0.12575639403018452,0.7228731820453708,2,0
prominent,0.12575639403018452,0.7228731820453708,2,0
propagandists,0.12575639403018452,0.7228731820453708,2,0
proposes,0.12575639403018452,0.7228731820453708,2,0
prosecutor-general's,0.12575639403018452,0.7228731820453708,2,0
prosper,0.12575639403018452,0.7228731820453708,2,0
protective,0.12575639403018452,0.7228731820453708,2,0
protesters,0.12575639403018452,0.7228731820453708,2,0
provocative,0.12575639403018452,0.7228731820453708,2,0
psychiatric,0.12575639403018452,0.7228731820453708,2,0
pundits,0.12575639403018452,0.7228731820453708,2,0
punishes,0.12575639403018452,0.7228731820453708,2,0
putinism,0.12575639403018452,0.7228731820453708,2,0
putler,0.12575639403018452,0.7228731820453708,2,0
queues,0.12575639403018452,0.7228731820453708,2,0
quotation,0.12575639403018452,0.7228731820453708,2,0
quoted,0.12575639403018452,0.7228731820453708,2,0
radio,0.12575639403018452,0.7228731820453708,2,0
raibh,0.12575639403018452,0.7228731820453708,2,0
rallies,0.12575639403018452,0.7228731820453708,2,0
ranking,0.12575639403018452,0.7228731820453708,2,0
ransom,0.12575639403018452,0.7228731820453708,2,0
raping,0.12575639403018452,0.7228731820453708,2,0
rapists,0.12575639403018452,0.7228731820453708,2,0
rapporteur,0.12575639403018452,0.7228731820453708,2,0
ratification,0.12575639403018452,0.7228731820453708,2,0
rationale,0.12575639403018452,0.7228731820453708,2,0
rations,0.12575639403018452,0.7228731820453708,2,0
reacted,0.12575639403018452,0.7228731820453708,2,0
reading,0.12575639403018452,0.7228731820453708,2,0
recipient,0.12575639403018452,0.7228731820453708,2,0
reckon,0.12575639403018452,0.7228731820453708,2,0
recommending,0.12575639403018452,0.7228731820453708,2,0
recreation,0.12575639403018452,0.7228731820453708,2,0
recruited,0.12575639403018452,0.7228731820453708,2,0
redrawing,0.12575639403018452,0.7228731820453708,2,0
refers,0.12575639403018452,0.7228731820453708,2,0
refute,0.12575639403018452,0.7228731820453708,2,0
regained,0.12575639403018452,0.7228731820453708,2,0
regulator,0.12575639403018452,0.7228731820453708,2,0
regulators,0.12575639403018452,0.7228731820453708,2,0
reluctant,0.12575639403018452,0.7228731820453708,2,0
remarkably,0.12575639403018452,0.7228731820453708,2,0
reopened,0.12575639403018452,0.7228731820453708,2,0
replenish,0.12575639403018452,0.7228731820453708,2,0
reporter,0.12575639403018452,0.7228731820453708,2,0
repressive,0.12575639403018452,0.7228731820453708,2,0
rescuer,0.12575639403018452,0.7228731820453708,2,0
resembles,0.12575639403018452,0.7228731820453708,2,0
resoluteness,0.12575639403018452,0.7228731820453708,2,0
restaurant,0.12575639403018452,0.7228731820453708,2,0
resting,0.12575639403018452,0.7228731820453708,2,0
restrictive,0.12575639403018452,0.7228731820453708,2,0
retaken,0.12575639403018452,0.7228731820453708,2,0
returns,0.12575639403018452,0.7228731820453708,2,0
revenge,0.12575639403018452,0.7228731820453708,2,0
revolting,0.12575639403018452,0.7228731820453708,2,0
reykjavík,0.12575639403018452,0.7228731820453708,2,0
ribbentrop,0.12575639403018452,0.7228731820453708,2,0
rightful,0.12575639403018452,0.7228731820453708,2,0
rightfully,0.12575639403018452,0.7228731820453708,2,0
roofs,0.12575639403018452,0.7228731820453708,2,0
roots,0.12575639403018452,0.7228731820453708,2,0
ruler,0.12575639403018452,0.7228731820453708,2,0
rulings,0.12575639403018452,0.7228731820453708,2,0
rushing,0.12575639403018452,0.7228731820453708,2,0
russe,0.12575639403018452,0.7228731820453708,2,0
russian-flagged,0.12575639403018452,0.7228731820453708,2,0
russkij,0.12575639403018452,0.7228731820453708,2,0
sabotaged,0.12575639403018452,0.7228731820453708,2,0
sacrificing,0.12575639403018452,0.7228731820453708,2,0
sakharov,0.12575639403018452,0.7228731820453708,2,0
sanction,0.12575639403018452,0.7228731820453708,2,0
sanctioned,0.12575639403018452,0.7228731820453708,2,0
sanctity,0.12575639403018452,0.7228731820453708,2,0
satan,0.12575639403018452,0.7228731820453708,2,0
satisfied,0.12575639403018452,0.7228731820453708,2,0
satisfy,0.12575639403018452,0.7228731820453708,2,0
savagely,0.12575639403018452,0.7228731820453708,2,0
savagery,0.12575639403018452,0.7228731820453708,2,0
saves,0.12575639403018452,0.7228731820453708,2,0
scattered,0.12575639403018452,0.7228731820453708,2,0
schedule,0.12575639403018452,0.7228731820453708,2,0
screens,0.12575639403018452,0.7228731820453708,2,0
sdg,0.12575639403018452,0.7228731820453708,2,0
seaport,0.12575639403018452,0.7228731820453708,2,0
search-and-rescue,0.12575639403018452,0.7228731820453708,2,0
searched,0.12575639403018452,0.7228731820453708,2,0
seas,0.12575639403018452,0.7228731820453708,2,0
season's,0.12575639403018452,0.7228731820453708,2,0
seismic,0.12575639403018452,0.7228731820453708,2,0
seizing,0.12575639403018452,0.7228731820453708,2,0
senselessly,0.12575639403018452,0.7228731820453708,2,0
sensors,0.12575639403018452,0.7228731820453708,2,0
separating,0.12575639403018452,0.7228731820453708,2,0
separatist-controlled,0.12575639403018452,0.7228731820453708,2,0
serb,0.12575639403018452,0.7228731820453708,2,0
seventy-seventh,0.12575639403018452,0.7228731820453708,2,0
severity,0.12575639403018452,0.7228731820453708,2,0
sex,0.12575639403018452,0.7228731820453708,2,0
sexually,0.12575639403018452,0.7228731820453708,2,0
shake,0.12575639403018452,0.7228731820453708,2,0
shamefully,0.12575639403018452,0.7228731820453708,2,0
shamelessly,0.12575639403018452,0.7228731820453708,2,0
shattering,0.12575639403018452,0.7228731820453708,2,0
sheet,0.12575639403018452,0.7228731820453708,2,0
shellings,0.12575639403018452,0.7228731820453708,2,0
shielding,0.12575639403018452,0.7228731820453708,2,0
shoot,0.12575639403018452,0.7228731820453708,2,0
shred,0.12575639403018452,0.7228731820453708,2,0
siberia,0.12575639403018452,0.7228731820453708,2,0
simferopol,0.12575639403018452,0.7228731820453708,2,0
simonyan,0.12575639403018452,0.7228731820453708,2,0
skyrocketed,0.12575639403018452,0.7228731820453708,2,0
slaughter,0.12575639403018452,0.7228731820453708,2,0
slave,0.12575639403018452,0.7228731820453708,2,0
slaves,0.12575639403018452,0.7228731820453708,2,0
sloviansk,0.12575639403018452,0.7228731820453708,2,0
smell,0.12575639403018452,0.7228731820453708,2,0
snap,0.12575639403018452,0.7228731820453708,2,0
soaked,0.12575639403018452,0.7228731820453708,2,0
souls,0.12575639403018452,0.7228731820453708,2,0
south-east,0.12575639403018452,0.7228731820453708,2,0
soviets,0.12575639403018452,0.7228731820453708,2,0
spade,0.12575639403018452,0.7228731820453708,2,0
spectacularly,0.12575639403018452,0.7228731820453708,2,0
spectrum,0.12575639403018452,0.7228731820453708,2,0
speculations,0.12575639403018452,0.7228731820453708,2,0
sphere,0.12575639403018452,0.7228731820453708,2,0
spine-chilling,0.12575639403018452,0.7228731820453708,2,0
split,0.12575639403018452,0.7228731820453708,2,0
spokesperson,0.12575639403018452,0.7228731820453708,2,0
sponsors,0.12575639403018452,0.7228731820453708,2,0
spotlight,0.12575639403018452,0.7228731820453708,2,0
spreads,0.12575639403018452,0.7228731820453708,2,0
squares,0.12575639403018452,0.7228731820453708,2,0
stalinism,0.12575639403018452,0.7228731820453708,2,0
stalls,0.12575639403018452,0.7228731820453708,2,0
starlink,0.12575639403018452,0.7228731820453708,2,0
startling,0.12575639403018452,0.7228731820453708,2,0
state-run,0.12575639403018452,0.7228731820453708,2,0
statue,0.12575639403018452,0.7228731820453708,2,0
stays,0.12575639403018452,0.7228731820453708,2,0
storing,0.12575639403018452,0.7228731820453708,2,0
strangle,0.12575639403018452,0.7228731820453708,2,0
stronghold,0.12575639403018452,0.7228731820453708,2,0
structure,0.12575639403018452,0.7228731820453708,2,0
style,0.12575639403018452,0.7228731820453708,2,0
subjects,0.12575639403018452,0.7228731820453708,2,0
subjugating,0.12575639403018452,0.7228731820453708,2,0
succeeded,0.12575639403018452,0.7228731820453708,2,0
suicide,0.12575639403018452,0.7228731820453708,2,0
sun,0.12575639403018452,0.7228731820453708,2,0
sunday's,0.12575639403018452,0.7228731820453708,2,0
supporter,0.12575639403018452,0.7228731820453708,2,0
suppressing,0.12575639403018452,0.7228731820453708,2,0
supra,0.12575639403018452,0.7228731820453708,2,0
surged,0.12575639403018452,0.7228731820453708,2,0
surprisingly,0.12575639403018452,0.7228731820453708,2,0
surrendered,0.12575639403018452,0.7228731820453708,2,0
symbolism,0.12575639403018452,0.7228731820453708,2,0
syndrome,0.12575639403018452,0.7228731820453708,2,0
syrians,0.12575639403018452,0.7228731820453708,2,0
technique,0.12575639403018452,0.7228731820453708,2,0
telephone,0.12575639403018452,0.7228731820453708,2,0
temple,0.12575639403018452,0.7228731820453708,2,0
tenacity,0.12575639403018452,0.7228731820453708,2,0
testifies,0.12575639403018452,0.7228731820453708,2,0
theft,0.12575639403018452,0.7228731820453708,2,0
thereafter,0.12575639403018452,0.7228731820453708,2,0
thick,0.12575639403018452,0.7228731820453708,2,0
thirty,0.12575639403018452,0.7228731820453708,2,0
thirty-one,0.12575639403018452,0.7228731820453708,2,0
thomas-greenfield,0.12575639403018452,0.7228731820453708,2,0
three-day,0.12575639403018452,0.7228731820453708,2,0
three-month-old,0.12575639403018452,0.7228731820453708,2,0
throne,0.12575639403018452,0.7228731820453708,2,0
throwing,0.12575639403018452,0.7228731820453708,2,0
thugs,0.12575639403018452,0.7228731820453708,2,0
thumb,0.12575639403018452,0.7228731820453708,2,0
time-limited,0.12575639403018452,0.7228731820453708,2,0
tip,0.12575639403018452,0.7228731820453708,2,0
toilets,0.12575639403018452,0.7228731820453708,2,0
tomorrow's,0.12575639403018452,0.7228731820453708,2,0
tonnes,0.12575639403018452,0.7228731820453708,2,0
touching,0.12575639403018452,0.7228731820453708,2,0
touchstone,0.12575639403018452,0.7228731820453708,2,0
toxic,0.12575639403018452,0.7228731820453708,2,0
tracks,0.12575639403018452,0.7228731820453708,2,0
trampling,0.12575639403018452,0.7228731820453708,2,0
transactions,0.12575639403018452,0.7228731820453708,2,0
transforming,0.12575639403018452,0.7228731820453708,2,0
transgender,0.12575639403018452,0.7228731820453708,2,0
transgression,0.12575639403018452,0.7228731820453708,2,0
transnistria,0.12575639403018452,0.7228731820453708,2,0
trauma-informed,0.12575639403018452,0.7228731820453708,2,0
travelling,0.12575639403018452,0.7228731820453708,2,0
tree,0.12575639403018452,0.7228731820453708,2,0
truthful,0.12575639403018452,0.7228731820453708,2,0
tumour,0.12575639403018452,0.7228731820453708,2,0
tune,0.12575639403018452,0.7228731820453708,2,0
turbines,0.12575639403018452,0.7228731820453708,2,0
twenty-second,0.12575639403018452,0.7228731820453708,2,0
two-day-old,0.12575639403018452,0.7228731820453708,2,0
ukraine-controlled,0.12575639403018452,0.7228731820453708,2,0
ukrenergo,0.12575639403018452,0.7228731820453708,2,0
unauthorized,0.12575639403018452,0.7228731820453708,2,0
uncontrolled,0.12575639403018452,0.7228731820453708,2,0
unearthed,0.12575639403018452,0.7228731820453708,2,0
unharmed,0.12575639403018452,0.7228731820453708,2,0
university,0.12575639403018452,0.7228731820453708,2,0
unlikely,0.12575639403018452,0.7228731820453708,2,0
unshakeable,0.12575639403018452,0.7228731820453708,2,0
unveiled,0.12575639403018452,0.7228731820453708,2,0
unwilling,0.12575639403018452,0.7228731820453708,2,0
upper,0.12575639403018452,0.7228731820453708,2,0
uproot,0.12575639403018452,0.7228731820453708,2,0
vakulenko,0.12575639403018452,0.7228731820453708,2,0
vassal,0.12575639403018452,0.7228731820453708,2,0
vastly,0.12575639403018452,0.7228731820453708,2,0
vasylkiv,0.12575639403018452,0.7228731820453708,2,0
vectors,0.12575639403018452,0.7228731820453708,2,0
versions,0.12575639403018452,0.7228731820453708,2,0
viability,0.12575639403018452,0.7228731820453708,2,0
vice-prime,0.12575639403018452,0.7228731820453708,2,0
viktor,0.12575639403018452,0.7228731820453708,2,0
vile,0.12575639403018452,0.7228731820453708,2,0
violator,0.12575639403018452,0.7228731820453708,2,0
volnovakha,0.12575639403018452,0.7228731820453708,2,0
von,0.12575639403018452,0.7228731820453708,2,0
voters,0.12575639403018452,0.7228731820453708,2,0
wagnerized,0.12575639403018452,0.7228731820453708,2,0
waited,0.12575639403018452,0.7228731820453708,2,0
wanting,0.12575639403018452,0.7228731820453708,2,0
wanton,0.12575639403018452,0.7228731820453708,2,0
warmongering,0.12575639403018452,0.7228731820453708,2,0
washing,0.12575639403018452,0.7228731820453708,2,0
wasted,0.12575639403018452,0.7228731820453708,2,0
wastes,0.12575639403018452,0.7228731820453708,2,0
weariness,0.12575639403018452,0.7228731820453708,2,0
web,0.12575639403018452,0.7228731820453708,2,0
weigh,0.12575639403018452,0.7228731820453708,2,0
well-ordered,0.12575639403018452,0.7228731820453708,2,0
widescale,0.12575639403018452,0.7228731820453708,2,0
wielding,0.12575639403018452,0.7228731820453708,2,0
wife,0.12575639403018452,0.7228731820453708,2,0
wild,0.12575639403018452,0.7228731820453708,2,0
wilfully,0.12575639403018452,0.7228731820453708,2,0
willingly,0.12575639403018452,0.7228731820453708,2,0
wiping,0.12575639403018452,0.7228731820453708,2,0
withdrew,0.12575639403018452,0.7228731820453708,2,0
withholding,0.12575639403018452,0.7228731820453708,2,0
wondered,0.12575639403018452,0.7228731820453708,2,0
wreckage,0.12575639403018452,0.7228731820453708,2,0
write,0.12575639403018452,0.7228731820453708,2,0
writing,0.12575639403018452,0.7228731820453708,2,0
wrongful,0.12575639403018452,0.7228731820453708,2,0
wrongfully,0.12575639403018452,0.7228731820453708,2,0
yaroslav,0.12575639403018452,0.7228731820453708,2,0
yuri,0.12575639403018452,0.7228731820453708,2,0
z,0.12575639403018452,0.7228731820453708,2,0
zaporizhia,0.12575639403018452,0.7228731820453708,2,0
abused,0.11787682918381538,0.7313487459143777,6,2
acquired,0.11787682918381538,0.7313487459143777,6,2
answers,0.11787682918381538,0.7313487459143777,6,2
assess,0.11787682918381538,0.7313487459143777,6,2
brokered,0.11787682918381538,0.7313487459143777,6,2
bullet,0.11787682918381538,0.7313487459143777,6,2
constitution,0.11787682918381538,0.7313487459143777,6,2
dear,0.11787682918381538,0.7313487459143777,6,2
demilitarization,0.11787682918381538,0.7313487459143777,6,2
destiny,0.11787682918381538,0.7313487459143777,6,2
donated,0.11787682918381538,0.7313487459143777,6,2
dreadful,0.11787682918381538,0.7313487459143777,6,2
emphasized,0.11787682918381538,0.7313487459143777,6,2
enhancing,0.11787682918381538,0.7313487459143777,6,2
farm,0.11787682918381538,0.7313487459143777,6,2
farms,0.11787682918381538,0.7313487459143777,6,2
futile,0.11787682918381538,0.7313487459143777,6,2
hosted,0.11787682918381538,0.7313487459143777,6,2
idps,0.11787682918381538,0.7313487459143777,6,2
incite,0.11787682918381538,0.7313487459143777,6,2
instrument,0.11787682918381538,0.7313487459143777,6,2
laying,0.11787682918381538,0.7313487459143777,6,2
logistics,0.11787682918381538,0.7313487459143777,6,2
mainly,0.11787682918381538,0.7313487459143777,6,2
michel,0.11787682918381538,0.7313487459143777,6,2
middle-income,0.11787682918381538,0.7313487459143777,6,2
miss,0.11787682918381538,0.7313487459143777,6,2
physically,0.11787682918381538,0.7313487459143777,6,2
plea,0.11787682918381538,0.7313487459143777,6,2
post-war,0.11787682918381538,0.7313487459143777,6,2
precedent,0.11787682918381538,0.7313487459143777,6,2
promises,0.11787682918381538,0.7313487459143777,6,2
recalled,0.11787682918381538,0.7313487459143777,6,2
refer,0.11787682918381538,0.7313487459143777,6,2
saving,0.11787682918381538,0.7313487459143777,6,2
starving,0.11787682918381538,0.7313487459143777,6,2
tackle,0.11787682918381538,0.7313487459143777,6,2
tactical,0.11787682918381538,0.7313487459143777,6,2
thrown,0.11787682918381538,0.7313487459143777,6,2
tire,0.11787682918381538,0.7313487459143777,6,2
travel,0.11787682918381538,0.7313487459143777,6,2
troubled,0.11787682918381538,0.7313487459143777,6,2
watched,0.11787682918381538,0.7313487459143777,6,2
zero,0.11787682918381538,0.7313487459143777,6,2
cherepakha,0.11025377777013466,0.7398553982425071,12,6
colleague,0.11025377777013466,0.7398553982425071,12,6
disrupting,0.11025377777013466,0.7398553982425071,12,6
fate,0.11025377777013466,0.7398553982425071,12,6
luzan,0.11025377777013466,0.7398553982425071,12,6
pause,0.11025377777013466,0.7398553982425071,12,6
remarkable,0.11025377777013466,0.7398553982425071,12,6
1990s,0.10842710427919945,0.7419420101697185,4,1
admit,0.10842710427919945,0.7419420101697185,4,1
affirmed,0.10842710427919945,0.7419420101697185,4,1
affront,0.10842710427919945,0.7419420101697185,4,1
albanian,0.10842710427919945,0.7419420101697185,4,1
altered,0.10842710427919945,0.7419420101697185,4,1
apparent,0.10842710427919945,0.7419420101697185,4,1
ashes,0.10842710427919945,0.7419420101697185,4,1
awareness,0.10842710427919945,0.7419420101697185,4,1
benefiting,0.10842710427919945,0.7419420101697185,4,1
busy,0.10842710427919945,0.7419420101697185,4,1
callous,0.10842710427919945,0.7419420101697185,4,1
campaigns,0.10842710427919945,0.7419420101697185,4,1
celebration,0.10842710427919945,0.7419420101697185,4,1
childhood,0.10842710427919945,0.7419420101697185,4,1
commander,0.10842710427919945,0.7419420101697185,4,1
compare,0.10842710427919945,0.7419420101697185,4,1
connected,0.10842710427919945,0.7419420101697185,4,1
covering,0.10842710427919945,0.7419420101697185,4,1
culpability,0.10842710427919945,0.7419420101697185,4,1
darkest,0.10842710427919945,0.7419420101697185,4,1
deadline,0.10842710427919945,0.7419420101697185,4,1
dedication,0.10842710427919945,0.7419420101697185,4,1
defensive,0.10842710427919945,0.7419420101697185,4,1
defining,0.10842710427919945,0.7419420101697185,4,1
demanding,0.10842710427919945,0.7419420101697185,4,1
district,0.10842710427919945,0.7419420101697185,4,1
doctor,0.10842710427919945,0.7419420101697185,4,1
downstream,0.10842710427919945,0.7419420101697185,4,1
effectiveness,0.10842710427919945,0.7419420101697185,4,1
enemies,0.10842710427919945,0.7419420101697185,4,1
explanation,0.10842710427919945,0.7419420101697185,4,1
feared,0.10842710427919945,0.7419420101697185,4,1
flows,0.10842710427919945,0.7419420101697185,4,1
format,0.10842710427919945,0.7419420101697185,4,1
fortunately,0.10842710427919945,0.7419420101697185,4,1
governed,0.10842710427919945,0.7419420101697185,4,1
grynspan,0.10842710427919945,0.7419420101697185,4,1
havoc,0.10842710427919945,0.7419420101697185,4,1
horrified,0.10842710427919945,0.7419420101697185,4,1
ideology,0.10842710427919945,0.7419420101697185,4,1
ignores,0.10842710427919945,0.7419420101697185,4,1
illustration,0.10842710427919945,0.7419420101697185,4,1
inspired,0.10842710427919945,0.7419420101697185,4,1
instances,0.10842710427919945,0.7419420101697185,4,1
intensive,0.10842710427919945,0.7419420101697185,4,1
interpretation,0.10842710427919945,0.7419420101697185,4,1
knowing,0.10842710427919945,0.7419420101697185,4,1
lebanon,0.10842710427919945,0.7419420101697185,4,1
listed,0.10842710427919945,0.7419420101697185,4,1
makeshift,0.10842710427919945,0.7419420101697185,4,1
malls,0.10842710427919945,0.7419420101697185,4,1
minsk,0.10842710427919945,0.7419420101697185,4,1
mistreatment,0.10842710427919945,0.7419420101697185,4,1
model,0.10842710427919945,0.7419420101697185,4,1
ninetieth,0.10842710427919945,0.7419420101697185,4,1
null,0.10842710427919945,0.7419420101697185,4,1
obscure,0.10842710427919945,0.7419420101697185,4,1
obstructing,0.10842710427919945,0.7419420101697185,4,1
officially,0.10842710427919945,0.7419420101697185,4,1
organize,0.10842710427919945,0.7419420101697185,4,1
page,0.10842710427919945,0.7419420101697185,4,1
pieces,0.10842710427919945,0.7419420101697185,4,1
planting,0.10842710427919945,0.7419420101697185,4,1
plays,0.10842710427919945,0.7419420101697185,4,1
pressures,0.10842710427919945,0.7419420101697185,4,1
provocation,0.10842710427919945,0.7419420101697185,4,1
recording,0.10842710427919945,0.7419420101697185,4,1
resorting,0.10842710427919945,0.7419420101697185,4,1
rooted,0.10842710427919945,0.7419420101697185,4,1
scores,0.10842710427919945,0.7419420101697185,4,1
sentence,0.10842710427919945,0.7419420101697185,4,1
sentiments,0.10842710427919945,0.7419420101697185,4,1
sounded,0.10842710427919945,0.7419420101697185,4,1
suppress,0.10842710427919945,0.7419420101697185,4,1
terrifying,0.10842710427919945,0.7419420101697185,4,1
thirty-second,0.10842710427919945,0.7419420101697185,4,1
torrent,0.10842710427919945,0.7419420101697185,4,1
trains,0.10842710427919945,0.7419420101697185,4,1
twenty,0.10842710427919945,0.7419420101697185,4,1
undeniable,0.10842710427919945,0.7419420101697185,4,1
undergo,0.10842710427919945,0.7419420101697185,4,1
undertaking,0.10842710427919945,0.7419420101697185,4,1
vain,0.10842710427919945,0.7419420101697185,4,1
weaker,0.10842710427919945,0.7419420101697185,4,1
website,0.10842710427919945,0.7419420101697185,4,1
worker,0.10842710427919945,0.7419420101697185,4,1
threats,0.10742834788969886,0.7430911375307054,53,29
disabilities,0.10288689990454251,0.7483923660479386,21,11
implemented,0.10288689990454251,0.7483923660479386,21,11
speakers,0.10288689990454251,0.7483923660479386,21,11
caused,0.09901868740528796,0.7530104405591553,100,56
six,0.09654204484529487,0.7560194540438576,44,24
civil-society,0.0918770300218823,0.7618043265384177,10,5
detailed,0.0918770300218823,0.7618043265384177,10,5
khan,0.0918770300218823,0.7618043265384177,10,5
primarily,0.0918770300218823,0.7618043265384177,10,5
questions,0.0918770300218823,0.7618043265384177,10,5
sixth,0.0918770300218823,0.7618043265384177,10,5
steel,0.0918770300218823,0.7618043265384177,10,5
struggling,0.0918770300218823,0.7618043265384177,10,5
sumy,0.0918770300218823,0.7618043265384177,10,5
comes,0.09167406977025959,0.7620596136114213,28,15
turn,0.09167406977025959,0.7620596136114213,28,15
fled,0.08611242346836039,0.7691788359860554,35,19
goals,0.08604837729693024,0.7692622538349874,19,10
investigated,0.08604837729693024,0.7692622538349874,19,10
laws,0.08604837729693024,0.7692622538349874,19,10
remind,0.083333018903455,0.7728304094860086,42,23
export,0.08191308450558421,0.7747214054448367,103,58
december,0.0766175960055128,0.7819345744541466,26,14
thanks,0.0766175960055128,0.7819345744541466,26,14
afternoon,0.07350072954335962,0.7863062924076343,8,4
board,0.07350072954335962,0.7863062924076343,8,4
bridges,0.07350072954335962,0.7863062924076343,8,4
combating,0.07350072954335962,0.7863062924076343,8,4
maimed,0.07350072954335962,0.7863062924076343,8,4
mall,0.07350072954335962,0.7863062924076343,8,4
parallel,0.07350072954335962,0.7863062924076343,8,4
rejected,0.07350072954335962,0.7863062924076343,8,4
sad,0.07350072954335962,0.7863062924076343,8,4
safeguards,0.07350072954335962,0.7863062924076343,8,4
stepping,0.07350072954335962,0.7863062924076343,8,4
causing,0.07018466522477419,0.7910680974214112,47,26
seems,0.06956545541738006,0.7919705299366798,17,9
technical,0.06956545541738006,0.7919705299366798,17,9
much,0.06454580203149717,0.7994502412857526,73,41
activities,0.06210017056159612,0.8032068079713116,24,13
done,0.06108558511249884,0.8047882838133253,59,33
grave,0.06108558511249884,0.8047882838133253,59,33
establishment,0.058493572822438895,0.8088929495027137,38,21
assure,0.05512487631823774,0.8143741558465418,6,3
clarity,0.05512487631823774,0.8143741558465418,6,3
contrast,0.05512487631823774,0.8143741558465418,6,3
counting,0.05512487631823774,0.8143741558465418,6,3
driving,0.05512487631823774,0.8143741558465418,6,3
entrusted,0.05512487631823774,0.8143741558465418,6,3
exact,0.05512487631823774,0.8143741558465418,6,3
existential,0.05512487631823774,0.8143741558465418,6,3
founding,0.05512487631823774,0.8143741558465418,6,3
fulfilling,0.05512487631823774,0.8143741558465418,6,3
hearts,0.05512487631823774,0.8143741558465418,6,3
nowhere,0.05512487631823774,0.8143741558465418,6,3
obtain,0.05512487631823774,0.8143741558465418,6,3
older,0.05512487631823774,0.8143741558465418,6,3
produced,0.05512487631823774,0.8143741558465418,6,3
raising,0.05512487631823774,0.8143741558465418,6,3
reduction,0.05512487631823774,0.8143741558465418,6,3
remote,0.05512487631823774,0.8143741558465418,6,3
rises,0.05512487631823774,0.8143741558465418,6,3
transit,0.05512487631823774,0.8143741558465418,6,3
types,0.05512487631823774,0.8143741558465418,6,3
underscores,0.05512487631823774,0.8143741558465418,6,3
voluntarily,0.05512487631823774,0.8143741558465418,6,3
aware,0.053577107324649174,0.8169517926252566,15,8
claimed,0.053577107324649174,0.8169517926252566,15,8
deplorable,0.053577107324649174,0.8169517926252566,15,8
getting,0.053577107324649174,0.8169517926252566,15,8
highlighted,0.053577107324649174,0.8169517926252566,15,8
nova,0.053577107324649174,0.8169517926252566,15,8
ordinary,0.053577107324649174,0.8169517926252566,15,8
quickly,0.053577107324649174,0.8169517926252566,15,8
threaten,0.053577107324649174,0.8169517926252566,15,8
vision,0.053577107324649174,0.8169517926252566,15,8
terms,0.053211704645067505,0.8175660354964951,64,36
millions,0.050525121986897584,0.8221520288434254,176,101
area,0.0468480295563378,0.828641628004185,29,16
status,0.0468480295563378,0.828641628004185,29,16
brands,0.0383056899225488,0.8448305861685238,13,7
deepest,0.0383056899225488,0.8448305861685238,13,7
high-level,0.0383056899225488,0.8448305861685238,13,7
offering,0.0383056899225488,0.8448305861685238,13,7
worked,0.0383056899225488,0.8448305861685238,13,7
two,0.03751196322245517,0.8464264108983891,141,81
adviser,0.03674947033018856,0.8479760202693639,4,2
annexed,0.03674947033018856,0.8479760202693639,4,2
arria,0.03674947033018856,0.8479760202693639,4,2
assessments,0.03674947033018856,0.8479760202693639,4,2
background,0.03674947033018856,0.8479760202693639,4,2
conscience,0.03674947033018856,0.8479760202693639,4,2
debates,0.03674947033018856,0.8479760202693639,4,2
decrease,0.03674947033018856,0.8479760202693639,4,2
destabilization,0.03674947033018856,0.8479760202693639,4,2
destabilize,0.03674947033018856,0.8479760202693639,4,2
discussing,0.03674947033018856,0.8479760202693639,4,2
dismissed,0.03674947033018856,0.8479760202693639,4,2
dragging,0.03674947033018856,0.8479760202693639,4,2
dropping,0.03674947033018856,0.8479760202693639,4,2
drought,0.03674947033018856,0.8479760202693639,4,2
easier,0.03674947033018856,0.8479760202693639,4,2
entity,0.03674947033018856,0.8479760202693639,4,2
fertile,0.03674947033018856,0.8479760202693639,4,2
flights,0.03674947033018856,0.8479760202693639,4,2
grows,0.03674947033018856,0.8479760202693639,4,2
ii,0.03674947033018856,0.8479760202693639,4,2
illusions,0.03674947033018856,0.8479760202693639,4,2
impediments,0.03674947033018856,0.8479760202693639,4,2
imports,0.03674947033018856,0.8479760202693639,4,2
improved,0.03674947033018856,0.8479760202693639,4,2
income,0.03674947033018856,0.8479760202693639,4,2
indefinitely,0.03674947033018856,0.8479760202693639,4,2
indicating,0.03674947033018856,0.8479760202693639,4,2
inflicts,0.03674947033018856,0.8479760202693639,4,2
injury,0.03674947033018856,0.8479760202693639,4,2
largely,0.03674947033018856,0.8479760202693639,4,2
lesson,0.03674947033018856,0.8479760202693639,4,2
minute,0.03674947033018856,0.8479760202693639,4,2
nusseibeh,0.03674947033018856,0.8479760202693639,4,2
oleksandra,0.03674947033018856,0.8479760202693639,4,2
planet,0.03674947033018856,0.8479760202693639,4,2
practically,0.03674947033018856,0.8479760202693639,4,2
pregnant,0.03674947033018856,0.8479760202693639,4,2
prevails,0.03674947033018856,0.8479760202693639,4,2
principal,0.03674947033018856,0.8479760202693639,4,2
proven,0.03674947033018856,0.8479760202693639,4,2
qualified,0.03674947033018856,0.8479760202693639,4,2
quo,0.03674947033018856,0.8479760202693639,4,2
realized,0.03674947033018856,0.8479760202693639,4,2
realizing,0.03674947033018856,0.8479760202693639,4,2
represented,0.03674947033018856,0.8479760202693639,4,2
risking,0.03674947033018856,0.8479760202693639,4,2
routine,0.03674947033018856,0.8479760202693639,4,2
scene,0.03674947033018856,0.8479760202693639,4,2
spend,0.03674947033018856,0.8479760202693639,4,2
thankful,0.03674947033018856,0.8479760202693639,4,2
treaties,0.03674947033018856,0.8479760202693639,4,2
underground,0.03674947033018856,0.8479760202693639,4,2
vicious,0.03674947033018856,0.8479760202693639,4,2
vinnytsia,0.03674947033018856,0.8479760202693639,4,2
waste,0.03674947033018856,0.8479760202693639,4,2
worry,0.03674947033018856,0.8479760202693639,4,2
wounds,0.03674947033018856,0.8479760202693639,4,2
team,0.036354128172076165,0.8487860357506213,34,19
appear,0.034780893459425415,0.8520555306337061,9,4
blow,0.034780893459425415,0.8520555306337061,9,4
commercial,0.034780893459425415,0.8520555306337061,9,4
distinguish,0.034780893459425415,0.8520555306337061,9,4
implementing,0.034780893459425415,0.8520555306337061,9,4
kateryna,0.034780893459425415,0.8520555306337061,9,4
learn,0.034780893459425415,0.8520555306337061,9,4
moved,0.034780893459425415,0.8520555306337061,9,4
prosperity,0.034780893459425415,0.8520555306337061,9,4
punish,0.034780893459425415,0.8520555306337061,9,4
realities,0.034780893459425415,0.8520555306337061,9,4
responders,0.034780893459425415,0.8520555306337061,9,4
statute,0.034780893459425415,0.8520555306337061,9,4
structures,0.034780893459425415,0.8520555306337061,9,4
topic,0.034780893459425415,0.8520555306337061,9,4
transfiguration,0.034780893459425415,0.8520555306337061,9,4
weaponizing,0.034780893459425415,0.8520555306337061,9,4
weekend,0.034780893459425415,0.8520555306337061,9,4
welcoming,0.034780893459425415,0.8520555306337061,9,4
commit,0.026600455181917934,0.8704424871890932,32,18
moreover,0.02474292178800714,0.8750093426348123,25,14
aspects,0.024130517940873453,0.8765532769482909,11,6
learning,0.024130517940873453,0.8765532769482909,11,6
ends,0.023513401423976236,0.8781295261346809,18,10
paying,0.023513401423976236,0.8781295261346809,18,10
presented,0.023513401423976236,0.8781295261346809,18,10
draft,0.02241971547294927,0.8809759454276265,87,50
system,0.019852620436673463,0.8879494735744791,80,46
abhorrent,0.01915206803578078,0.8899314119495022,7,3
assured,0.01915206803578078,0.8899314119495022,7,3
beings,0.01915206803578078,0.8899314119495022,7,3
choices,0.01915206803578078,0.8899314119495022,7,3
cohen,0.01915206803578078,0.8899314119495022,7,3
countering,0.01915206803578078,0.8899314119495022,7,3
difference,0.01915206803578078,0.8899314119495022,7,3
disappearances,0.01915206803578078,0.8899314119495022,7,3
donor,0.01915206803578078,0.8899314119495022,7,3
humanitarians,0.01915206803578078,0.8899314119495022,7,3
lifeline,0.01915206803578078,0.8899314119495022,7,3
mandated,0.01915206803578078,0.8899314119495022,7,3
mere,0.01915206803578078,0.8899314119495022,7,3
online,0.01915206803578078,0.8899314119495022,7,3
reaches,0.01915206803578078,0.8899314119495022,7,3
remained,0.01915206803578078,0.8899314119495022,7,3
remaining,0.01915206803578078,0.8899314119495022,7,3
shock,0.01915206803578078,0.8899314119495022,7,3
sincerely,0.01915206803578078,0.8899314119495022,7,3
sympathy,0.01915206803578078,0.8899314119495022,7,3
tsybulska,0.01915206803578078,0.8899314119495022,7,3
worth,0.01915206803578078,0.8899314119495022,7,3
restore,0.018591088107777484,0.8915452781044613,49,28
abusive,0.018374511562884815,0.8921749669561201,2,1
accompli,0.018374511562884815,0.8921749669561201,2,1
actor,0.018374511562884815,0.8921749669561201,2,1
adjustments,0.018374511562884815,0.8921749669561201,2,1
advise,0.018374511562884815,0.8921749669561201,2,1
affirming,0.018374511562884815,0.8921749669561201,2,1
alignment,0.018374511562884815,0.8921749669561201,2,1
alleviates,0.018374511562884815,0.8921749669561201,2,1
ambulances,0.018374511562884815,0.8921749669561201,2,1
anachronistic,0.018374511562884815,0.8921749669561201,2,1
analyses,0.018374511562884815,0.8921749669561201,2,1
anarchy,0.018374511562884815,0.8921749669561201,2,1
announcements,0.018374511562884815,0.8921749669561201,2,1
arabia,0.018374511562884815,0.8921749669561201,2,1
argue,0.018374511562884815,0.8921749669561201,2,1
armies,0.018374511562884815,0.8921749669561201,2,1
await,0.018374511562884815,0.8921749669561201,2,1
awareness-raising,0.018374511562884815,0.8921749669561201,2,1
ban,0.018374511562884815,0.8921749669561201,2,1
banned,0.018374511562884815,0.8921749669561201,2,1
bargaining,0.018374511562884815,0.8921749669561201,2,1
barrel,0.018374511562884815,0.8921749669561201,2,1
barrier,0.018374511562884815,0.8921749669561201,2,1
beat,0.018374511562884815,0.8921749669561201,2,1
berlin,0.018374511562884815,0.8921749669561201,2,1
blocks,0.018374511562884815,0.8921749669561201,2,1
boat,0.018374511562884815,0.8921749669561201,2,1
breached,0.018374511562884815,0.8921749669561201,2,1
capture,0.018374511562884815,0.8921749669561201,2,1
casting,0.018374511562884815,0.8921749669561201,2,1
casualty,0.018374511562884815,0.8921749669561201,2,1
catherine,0.018374511562884815,0.8921749669561201,2,1
church,0.018374511562884815,0.8921749669561201,2,1
circulate,0.018374511562884815,0.8921749669561201,2,1
classrooms,0.018374511562884815,0.8921749669561201,2,1
cleanse,0.018374511562884815,0.8921749669561201,2,1
climate-change,0.018374511562884815,0.8921749669561201,2,1
collaborate,0.018374511562884815,0.8921749669561201,2,1
combination,0.018374511562884815,0.8921749669561201,2,1
command,0.018374511562884815,0.8921749669561201,2,1
commensurate,0.018374511562884815,0.8921749669561201,2,1
company,0.018374511562884815,0.8921749669561201,2,1
compel,0.018374511562884815,0.8921749669561201,2,1
comprising,0.018374511562884815,0.8921749669561201,2,1
conclusive,0.018374511562884815,0.8921749669561201,2,1
conformity,0.018374511562884815,0.8921749669561201,2,1
conjunction,0.018374511562884815,0.8921749669561201,2,1
consecutive,0.018374511562884815,0.8921749669561201,2,1
consolidating,0.018374511562884815,0.8921749669561201,2,1
contradiction,0.018374511562884815,0.8921749669561201,2,1
coverage,0.018374511562884815,0.8921749669561201,2,1
covers,0.018374511562884815,0.8921749669561201,2,1
crack,0.018374511562884815,0.8921749669561201,2,1
criteria,0.018374511562884815,0.8921749669561201,2,1
cross-border,0.018374511562884815,0.8921749669561201,2,1
crossings,0.018374511562884815,0.8921749669561201,2,1
decency,0.018374511562884815,0.8921749669561201,2,1
decimated,0.018374511562884815,0.8921749669561201,2,1
dedicate,0.018374511562884815,0.8921749669561201,2,1
define,0.018374511562884815,0.8921749669561201,2,1
denounce,0.018374511562884815,0.8921749669561201,2,1
deport,0.018374511562884815,0.8921749669561201,2,1
derogation,0.018374511562884815,0.8921749669561201,2,1
descriptions,0.018374511562884815,0.8921749669561201,2,1
deviate,0.018374511562884815,0.8921749669561201,2,1
devices,0.018374511562884815,0.8921749669561201,2,1
difficulty,0.018374511562884815,0.8921749669561201,2,1
discontinuation,0.018374511562884815,0.8921749669561201,2,1
displayed,0.018374511562884815,0.8921749669561201,2,1
disregarding,0.018374511562884815,0.8921749669561201,2,1
distinguished,0.018374511562884815,0.8921749669561201,2,1
distinguishing,0.018374511562884815,0.8921749669561201,2,1
distortions,0.018374511562884815,0.8921749669561201,2,1
divert,0.018374511562884815,0.8921749669561201,2,1
doctrine,0.018374511562884815,0.8921749669561201,2,1
dot,0.018374511562884815,0.8921749669561201,2,1
elaborate,0.018374511562884815,0.8921749669561201,2,1
eleven,0.018374511562884815,0.8921749669561201,2,1
embodied,0.018374511562884815,0.8921749669561201,2,1
enables,0.018374511562884815,0.8921749669561201,2,1
encountered,0.018374511562884815,0.8921749669561201,2,1
energy-related,0.018374511562884815,0.8921749669561201,2,1
enlarged,0.018374511562884815,0.8921749669561201,2,1
excluded,0.018374511562884815,0.8921749669561201,2,1
exercised,0.018374511562884815,0.8921749669561201,2,1
exhausted,0.018374511562884815,0.8921749669561201,2,1
expects,0.018374511562884815,0.8921749669561201,2,1
expire,0.018374511562884815,0.8921749669561201,2,1
expressly,0.018374511562884815,0.8921749669561201,2,1
extinguished,0.018374511562884815,0.8921749669561201,2,1
facto,0.018374511562884815,0.8921749669561201,2,1
fait,0.018374511562884815,0.8921749669561201,2,1
farmland,0.018374511562884815,0.8921749669561201,2,1
fatal,0.018374511562884815,0.8921749669561201,2,1
filed,0.018374511562884815,0.8921749669561201,2,1
fires,0.018374511562884815,0.8921749669561201,2,1
fluctuations,0.018374511562884815,0.8921749669561201,2,1
foregoing,0.018374511562884815,0.8921749669561201,2,1
formulated,0.018374511562884815,0.8921749669561201,2,1
foundational,0.018374511562884815,0.8921749669561201,2,1
francisco,0.018374511562884815,0.8921749669561201,2,1
friendly,0.018374511562884815,0.8921749669561201,2,1
frozen,0.018374511562884815,0.8921749669561201,2,1
funded,0.018374511562884815,0.8921749669561201,2,1
futility,0.018374511562884815,0.8921749669561201,2,1
gambling,0.018374511562884815,0.8921749669561201,2,1
guilt,0.018374511562884815,0.8921749669561201,2,1
heading,0.018374511562884815,0.8921749669561201,2,1
hesitated,0.018374511562884815,0.8921749669561201,2,1
highs,0.018374511562884815,0.8921749669561201,2,1
household,0.018374511562884815,0.8921749669561201,2,1
humans,0.018374511562884815,0.8921749669561201,2,1
humiliate,0.018374511562884815,0.8921749669561201,2,1
ideological,0.018374511562884815,0.8921749669561201,2,1
impeding,0.018374511562884815,0.8921749669561201,2,1
inaction,0.018374511562884815,0.8921749669561201,2,1
incomes,0.018374511562884815,0.8921749669561201,2,1
inconsistent,0.018374511562884815,0.8921749669561201,2,1
indictment,0.018374511562884815,0.8921749669561201,2,1
indifferent,0.018374511562884815,0.8921749669561201,2,1
ineffective,0.018374511562884815,0.8921749669561201,2,1
inhumanity,0.018374511562884815,0.8921749669561201,2,1
innovative,0.018374511562884815,0.8921749669561201,2,1
input,0.018374511562884815,0.8921749669561201,2,1
insane,0.018374511562884815,0.8921749669561201,2,1
inspiration,0.018374511562884815,0.8921749669561201,2,1
instil,0.018374511562884815,0.8921749669561201,2,1
institutional,0.018374511562884815,0.8921749669561201,2,1
integrate,0.018374511562884815,0.8921749669561201,2,1
irresponsibly,0.018374511562884815,0.8921749669561201,2,1
isolating,0.018374511562884815,0.8921749669561201,2,1
jungle,0.018374511562884815,0.8921749669561201,2,1
knocked,0.018374511562884815,0.8921749669561201,2,1
kuleba's,0.018374511562884815,0.8921749669561201,2,1
landed,0.018374511562884815,0.8921749669561201,2,1
liberties,0.018374511562884815,0.8921749669561201,2,1
limiting,0.018374511562884815,0.8921749669561201,2,1
locals,0.018374511562884815,0.8921749669561201,2,1
loses,0.018374511562884815,0.8921749669561201,2,1
loudly,0.018374511562884815,0.8921749669561201,2,1
lysychansk,0.018374511562884815,0.8921749669561201,2,1
maintains,0.018374511562884815,0.8921749669561201,2,1
male,0.018374511562884815,0.8921749669561201,2,1
manifestations,0.018374511562884815,0.8921749669561201,2,1
manifested,0.018374511562884815,0.8921749669561201,2,1
mercy,0.018374511562884815,0.8921749669561201,2,1
method,0.018374511562884815,0.8921749669561201,2,1
ministerial,0.018374511562884815,0.8921749669561201,2,1
nation's,0.018374511562884815,0.8921749669561201,2,1
naval,0.018374511562884815,0.8921749669561201,2,1
neighbourhood,0.018374511562884815,0.8921749669561201,2,1
non-repetition,0.018374511562884815,0.8921749669561201,2,1
nordic,0.018374511562884815,0.8921749669561201,2,1
normalize,0.018374511562884815,0.8921749669561201,2,1
notoriously,0.018374511562884815,0.8921749669561201,2,1
obtained,0.018374511562884815,0.8921749669561201,2,1
odessa,0.018374511562884815,0.8921749669561201,2,1
offences,0.018374511562884815,0.8921749669561201,2,1
opposing,0.018374511562884815,0.8921749669561201,2,1
overcoming,0.018374511562884815,0.8921749669561201,2,1
overseeing,0.018374511562884815,0.8921749669561201,2,1
paint,0.018374511562884815,0.8921749669561201,2,1
paralysing,0.018374511562884815,0.8921749669561201,2,1
perilous,0.018374511562884815,0.8921749669561201,2,1
permit,0.018374511562884815,0.8921749669561201,2,1
persist,0.018374511562884815,0.8921749669561201,2,1
perverse,0.018374511562884815,0.8921749669561201,2,1
poison,0.018374511562884815,0.8921749669561201,2,1
positioning,0.018374511562884815,0.8921749669561201,2,1
post-traumatic,0.018374511562884815,0.8921749669561201,2,1
postal,0.018374511562884815,0.8921749669561201,2,1
predators,0.018374511562884815,0.8921749669561201,2,1
prelude,0.018374511562884815,0.8921749669561201,2,1
preposterous,0.018374511562884815,0.8921749669561201,2,1
presided,0.018374511562884815,0.8921749669561201,2,1
psychologically,0.018374511562884815,0.8921749669561201,2,1
pummelled,0.018374511562884815,0.8921749669561201,2,1
radiological,0.018374511562884815,0.8921749669561201,2,1
ranging,0.018374511562884815,0.8921749669561201,2,1
raw,0.018374511562884815,0.8921749669561201,2,1
reactor,0.018374511562884815,0.8921749669561201,2,1
rebeca,0.018374511562884815,0.8921749669561201,2,1
recover,0.018374511562884815,0.8921749669561201,2,1
references,0.018374511562884815,0.8921749669561201,2,1
referral,0.018374511562884815,0.8921749669561201,2,1
reflecting,0.018374511562884815,0.8921749669561201,2,1
reintegration,0.018374511562884815,0.8921749669561201,2,1
repairs,0.018374511562884815,0.8921749669561201,2,1
repetition,0.018374511562884815,0.8921749669561201,2,1
reputation,0.018374511562884815,0.8921749669561201,2,1
resists,0.018374511562884815,0.8921749669561201,2,1
respectful,0.018374511562884815,0.8921749669561201,2,1
ring,0.018374511562884815,0.8921749669561201,2,1
roles,0.018374511562884815,0.8921749669561201,2,1
sacred,0.018374511562884815,0.8921749669561201,2,1
sailing,0.018374511562884815,0.8921749669561201,2,1
satisfactory,0.018374511562884815,0.8921749669561201,2,1
saudi,0.018374511562884815,0.8921749669561201,2,1
scaling,0.018374511562884815,0.8921749669561201,2,1
scientific,0.018374511562884815,0.8921749669561201,2,1
secret,0.018374511562884815,0.8921749669561201,2,1
seemed,0.018374511562884815,0.8921749669561201,2,1
sends,0.018374511562884815,0.8921749669561201,2,1
shops,0.018374511562884815,0.8921749669561201,2,1
shut,0.018374511562884815,0.8921749669561201,2,1
silvio,0.018374511562884815,0.8921749669561201,2,1
sorry,0.018374511562884815,0.8921749669561201,2,1
spring,0.018374511562884815,0.8921749669561201,2,1
staying,0.018374511562884815,0.8921749669561201,2,1
stretched,0.018374511562884815,0.8921749669561201,2,1
striving,0.018374511562884815,0.8921749669561201,2,1
struggles,0.018374511562884815,0.8921749669561201,2,1
successive,0.018374511562884815,0.8921749669561201,2,1
successor,0.018374511562884815,0.8921749669561201,2,1
suppliers,0.018374511562884815,0.8921749669561201,2,1
supposedly,0.018374511562884815,0.8921749669561201,2,1
suspending,0.018374511562884815,0.8921749669561201,2,1
ternopil,0.018374511562884815,0.8921749669561201,2,1
three-dimensional,0.018374511562884815,0.8921749669561201,2,1
thrive,0.018374511562884815,0.8921749669561201,2,1
transcends,0.018374511562884815,0.8921749669561201,2,1
transformed,0.018374511562884815,0.8921749669561201,2,1
transgressions,0.018374511562884815,0.8921749669561201,2,1
translates,0.018374511562884815,0.8921749669561201,2,1
transmission,0.018374511562884815,0.8921749669561201,2,1
trusted,0.018374511562884815,0.8921749669561201,2,1
truths,0.018374511562884815,0.8921749669561201,2,1
tunnels,0.018374511562884815,0.8921749669561201,2,1
turns,0.018374511562884815,0.8921749669561201,2,1
typical,0.018374511562884815,0.8921749669561201,2,1
un,0.018374511562884815,0.8921749669561201,2,1
unacceptably,0.018374511562884815,0.8921749669561201,2,1
unchecked,0.018374511562884815,0.8921749669561201,2,1
underlines,0.018374511562884815,0.8921749669561201,2,1
understood,0.018374511562884815,0.8921749669561201,2,1
unfold,0.018374511562884815,0.8921749669561201,2,1
universities,0.018374511562884815,0.8921749669561201,2,1
unlock,0.018374511562884815,0.8921749669561201,2,1
updating,0.018374511562884815,0.8921749669561201,2,1
vacuum,0.018374511562884815,0.8921749669561201,2,1
verbal,0.018374511562884815,0.8921749669561201,2,1
voiced,0.018374511562884815,0.8921749669561201,2,1
volatile,0.018374511562884815,0.8921749669561201,2,1
volatility,0.018374511562884815,0.8921749669561201,2,1
wards,0.018374511562884815,0.8921749669561201,2,1
wealth,0.018374511562884815,0.8921749669561201,2,1
wholeheartedly,0.018374511562884815,0.8921749669561201,2,1
wondering,0.018374511562884815,0.8921749669561201,2,1
worst-case,0.018374511562884815,0.8921749669561201,2,1
worthy,0.018374511562884815,0.8921749669561201,2,1
wound,0.018374511562884815,0.8921749669561201,2,1
yugoslavia,0.018374511562884815,0.8921749669561201,2,1
zhytomyr,0.018374511562884815,0.8921749669561201,2,1
numerous,0.017948042572720636,0.8934260560433137,30,17
duty,0.015522052025819626,0.9008501030146459,23,13
head,0.015522052025819626,0.9008501030146459,23,13
fact,0.015457569116265989,0.9010552042639199,114,66
engaged,0.01329887871632803,0.9081908804993192,16,9
losses,0.01329887871632803,0.9081908804993192,16,9
eastern,0.013278163357876027,0.9082620966772279,35,20
established,0.012496478965715058,0.9109917790457117,47,27
continues,0.01236245854334394,0.9114683826593223,194,113
supports,0.01228086617323896,0.9117598231890626,59,34
convoys,0.011756033034667818,0.9136583791930916,9,5
foremost,0.011756033034667818,0.9136583791930916,9,5
households,0.011756033034667818,0.9136583791930916,9,5
priorities,0.011756033034667818,0.9136583791930916,9,5
stage,0.011756033034667818,0.9136583791930916,9,5
thought,0.011756033034667818,0.9136583791930916,9,5
traumatized,0.011756033034667818,0.9136583791930916,9,5
unbearable,0.011756033034667818,0.9136583791930916,9,5
gender,0.010622056633561533,0.9179126828387089,28,16
violence,0.010599570412266978,0.9179993088180682,279,163
grow,0.007966186967348663,0.9288804494539731,21,12
cease,0.006574459474549634,0.9353759129070937,74,43
accumulated,0.005877849612222759,0.938888349912871,5,2
accurate,0.005877849612222759,0.938888349912871,5,2
aftermath,0.005877849612222759,0.938888349912871,5,2
american,0.005877849612222759,0.938888349912871,5,2
attending,0.005877849612222759,0.938888349912871,5,2
bilohorivka,0.005877849612222759,0.938888349912871,5,2
breadbasket,0.005877849612222759,0.938888349912871,5,2
budapest,0.005877849612222759,0.938888349912871,5,2
charged,0.005877849612222759,0.938888349912871,5,2
combined,0.005877849612222759,0.938888349912871,5,2
compounding,0.005877849612222759,0.938888349912871,5,2
continuity,0.005877849612222759,0.938888349912871,5,2
decreased,0.005877849612222759,0.938888349912871,5,2
defends,0.005877849612222759,0.938888349912871,5,2
destined,0.005877849612222759,0.938888349912871,5,2
devoted,0.005877849612222759,0.938888349912871,5,2
emerged,0.005877849612222759,0.938888349912871,5,2
employment,0.005877849612222759,0.938888349912871,5,2
eye,0.005877849612222759,0.938888349912871,5,2
fallout,0.005877849612222759,0.938888349912871,5,2
fatalities,0.005877849612222759,0.938888349912871,5,2
freedoms,0.005877849612222759,0.938888349912871,5,2
fundamentally,0.005877849612222759,0.938888349912871,5,2
guardians,0.005877849612222759,0.938888349912871,5,2
insurance,0.005877849612222759,0.938888349912871,5,2
intimidation,0.005877849612222759,0.938888349912871,5,2
lend,0.005877849612222759,0.938888349912871,5,2
lift,0.005877849612222759,0.938888349912871,5,2
loaded,0.005877849612222759,0.938888349912871,5,2
murdered,0.005877849612222759,0.938888349912871,5,2
nationalities,0.005877849612222759,0.938888349912871,5,2
natural,0.005877849612222759,0.938888349912871,5,2
observer,0.005877849612222759,0.938888349912871,5,2
partially,0.005877849612222759,0.938888349912871,5,2
processing,0.005877849612222759,0.938888349912871,5,2
pushed,0.005877849612222759,0.938888349912871,5,2
rate,0.005877849612222759,0.938888349912871,5,2
referring,0.005877849612222759,0.938888349912871,5,2
registration,0.005877849612222759,0.938888349912871,5,2
resolved,0.005877849612222759,0.938888349912871,5,2
rolling,0.005877849612222759,0.938888349912871,5,2
scars,0.005877849612222759,0.938888349912871,5,2
scenes,0.005877849612222759,0.938888349912871,5,2
separation,0.005877849612222759,0.938888349912871,5,2
sharing,0.005877849612222759,0.938888349912871,5,2
spreading,0.005877849612222759,0.938888349912871,5,2
sunday,0.005877849612222759,0.938888349912871,5,2
supplying,0.005877849612222759,0.938888349912871,5,2
supporters,0.005877849612222759,0.938888349912871,5,2
technological,0.005877849612222759,0.938888349912871,5,2
transporting,0.005877849612222759,0.938888349912871,5,2
unheeded,0.005877849612222759,0.938888349912871,5,2
verification,0.005877849612222759,0.938888349912871,5,2
void,0.005877849612222759,0.938888349912871,5,2
volunteers,0.005877849612222759,0.938888349912871,5,2
weaken,0.005877849612222759,0.938888349912871,5,2
works,0.005877849612222759,0.938888349912871,5,2
raised,0.005310554327502609,0.941906741801873,14,8
threatened,0.005310554327502609,0.941906741801873,14,8
catastrophe,0.005150014415977597,0.9427900403660375,38,22
party,0.004913565986809628,0.9441165874594845,26,15
response,0.0043141324826927755,0.9476309587831562,130,76
applied,0.0026551586822942167,0.9589046059279119,7,4
detainees,0.0026551586822942167,0.9589046059279119,7,4
far-reaching,0.0026551586822942167,0.9589046059279119,7,4
forcefully,0.0026551586822942167,0.9589046059279119,7,4
founded,0.0026551586822942167,0.9589046059279119,7,4
futures,0.0026551586822942167,0.9589046059279119,7,4
instrumental,0.0026551586822942167,0.9589046059279119,7,4
operational,0.0026551586822942167,0.9589046059279119,7,4
propose,0.0026551586822942167,0.9589046059279119,7,4
secured,0.0026551586822942167,0.9589046059279119,7,4
testimonies,0.0026551586822942167,0.9589046059279119,7,4
thoughts,0.0026551586822942167,0.9589046059279119,7,4
twenty-first,0.0026551586822942167,0.9589046059279119,7,4
wonder,0.0026551586822942167,0.9589046059279119,7,4
prevail,0.00257469382095897,0.9595315541292957,19,11
significantly,0.00257469382095897,0.9595315541292957,19,11
timely,0.00257469382095897,0.9595315541292957,19,11
actively,0.001205555667056313,0.9723021255769394,24,14
period,0.001205555667056313,0.9723021255769394,24,14
provide,6.894875243080233e-4,0.9790514791580538,170,100
benefits,6.027313742124355e-4,0.9804134324192293,12,7
ended,6.027313742124355e-4,0.9804134324192293,12,7
establishing,6.027313742124355e-4,0.9804134324192293,12,7
expense,6.027313742124355e-4,0.9804134324192293,12,7
focused,6.027313742124355e-4,0.9804134324192293,12,7
reparations,6.027313742124355e-4,0.9804134324192293,12,7
indiscriminate,2.7561370038286706e-4,0.986754434236123,68,40
allowing,6.888078376968249e-5,0.9933780771619769,17,10
extended,6.888078376968249e-5,0.9933780771619769,17,10
functioning,6.888078376968249e-5,0.9933780771619769,17,10
directly,8.065366842461467e-6,0.9977340436457721,39,23
available,-1.6667287806615598e-4,0.9896994488081131,27,16
conducted,-1.6667287806615598e-4,0.9896994488081131,27,16
120-day,-2.550976629461629e-4,0.9872569074541138,2,2
abating,-2.550976629461629e-4,0.9872569074541138,2,2
acknowledges,-2.550976629461629e-4,0.9872569074541138,2,2
acutely,-2.550976629461629e-4,0.9872569074541138,2,2
admiration,-2.550976629461629e-4,0.9872569074541138,2,2
agrees,-2.550976629461629e-4,0.9872569074541138,2,2
amplifying,-2.550976629461629e-4,0.9872569074541138,2,2
applauds,-2.550976629461629e-4,0.9872569074541138,2,2
approval,-2.550976629461629e-4,0.9872569074541138,2,2
banking,-2.550976629461629e-4,0.9872569074541138,2,2
boost,-2.550976629461629e-4,0.9872569074541138,2,2
broadest,-2.550976629461629e-4,0.9872569074541138,2,2
civilization,-2.550976629461629e-4,0.9872569074541138,2,2
clothing,-2.550976629461629e-4,0.9872569074541138,2,2
comparison,-2.550976629461629e-4,0.9872569074541138,2,2
competition,-2.550976629461629e-4,0.9872569074541138,2,2
compromising,-2.550976629461629e-4,0.9872569074541138,2,2
concludes,-2.550976629461629e-4,0.9872569074541138,2,2
condemnations,-2.550976629461629e-4,0.9872569074541138,2,2
conferred,-2.550976629461629e-4,0.9872569074541138,2,2
confined,-2.550976629461629e-4,0.9872569074541138,2,2
confront,-2.550976629461629e-4,0.9872569074541138,2,2
contravention,-2.550976629461629e-4,0.9872569074541138,2,2
cooking,-2.550976629461629e-4,0.9872569074541138,2,2
covid-19,-2.550976629461629e-4,0.9872569074541138,2,2
crushed,-2.550976629461629e-4,0.9872569074541138,2,2
cutting,-2.550976629461629e-4,0.9872569074541138,2,2
debilitating,-2.550976629461629e-4,0.9872569074541138,2,2
deploying,-2.550976629461629e-4,0.9872569074541138,2,2
diminish,-2.550976629461629e-4,0.9872569074541138,2,2
discharging,-2.550976629461629e-4,0.9872569074541138,2,2
distributed,-2.550976629461629e-4,0.9872569074541138,2,2
doubts,-2.550976629461629e-4,0.9872569074541138,2,2
drag,-2.550976629461629e-4,0.9872569074541138,2,2
duly,-2.550976629461629e-4,0.9872569074541138,2,2
edge,-2.550976629461629e-4,0.9872569074541138,2,2
eighteen,-2.550976629461629e-4,0.9872569074541138,2,2
emine,-2.550976629461629e-4,0.9872569074541138,2,2
equitable,-2.550976629461629e-4,0.9872569074541138,2,2
erode,-2.550976629461629e-4,0.9872569074541138,2,2
ethnicity,-2.550976629461629e-4,0.9872569074541138,2,2
everyone's,-2.550976629461629e-4,0.9872569074541138,2,2
excess,-2.550976629461629e-4,0.9872569074541138,2,2
exemplary,-2.550976629461629e-4,0.9872569074541138,2,2
expires,-2.550976629461629e-4,0.9872569074541138,2,2
forthcoming,-2.550976629461629e-4,0.9872569074541138,2,2
frightening,-2.550976629461629e-4,0.9872569074541138,2,2
galvanize,-2.550976629461629e-4,0.9872569074541138,2,2
gaps,-2.550976629461629e-4,0.9872569074541138,2,2
gender-sensitive,-2.550976629461629e-4,0.9872569074541138,2,2
govern,-2.550976629461629e-4,0.9872569074541138,2,2
governors,-2.550976629461629e-4,0.9872569074541138,2,2
grief,-2.550976629461629e-4,0.9872569074541138,2,2
groundwork,-2.550976629461629e-4,0.9872569074541138,2,2
haven,-2.550976629461629e-4,0.9872569074541138,2,2
heal,-2.550976629461629e-4,0.9872569074541138,2,2
helpful,-2.550976629461629e-4,0.9872569074541138,2,2
hopefully,-2.550976629461629e-4,0.9872569074541138,2,2
hubs,-2.550976629461629e-4,0.9872569074541138,2,2
ilze,-2.550976629461629e-4,0.9872569074541138,2,2
impediment,-2.550976629461629e-4,0.9872569074541138,2,2
inalienable,-2.550976629461629e-4,0.9872569074541138,2,2
initiate,-2.550976629461629e-4,0.9872569074541138,2,2
inspectors,-2.550976629461629e-4,0.9872569074541138,2,2
involves,-2.550976629461629e-4,0.9872569074541138,2,2
irreversible,-2.550976629461629e-4,0.9872569074541138,2,2
jared,-2.550976629461629e-4,0.9872569074541138,2,2
jeopardizing,-2.550976629461629e-4,0.9872569074541138,2,2
khazin's,-2.550976629461629e-4,0.9872569074541138,2,2
lacking,-2.550976629461629e-4,0.9872569074541138,2,2
legacy,-2.550976629461629e-4,0.9872569074541138,2,2
lethal,-2.550976629461629e-4,0.9872569074541138,2,2
likewise,-2.550976629461629e-4,0.9872569074541138,2,2
liubov,-2.550976629461629e-4,0.9872569074541138,2,2
malicious,-2.550976629461629e-4,0.9872569074541138,2,2
mariano,-2.550976629461629e-4,0.9872569074541138,2,2
mediterranean,-2.550976629461629e-4,0.9872569074541138,2,2
missed,-2.550976629461629e-4,0.9872569074541138,2,2
motivated,-2.550976629461629e-4,0.9872569074541138,2,2
moves,-2.550976629461629e-4,0.9872569074541138,2,2
myanmar,-2.550976629461629e-4,0.9872569074541138,2,2
narrowly,-2.550976629461629e-4,0.9872569074541138,2,2
newborns,-2.550976629461629e-4,0.9872569074541138,2,2
non-negotiable,-2.550976629461629e-4,0.9872569074541138,2,2
notion,-2.550976629461629e-4,0.9872569074541138,2,2
occurs,-2.550976629461629e-4,0.9872569074541138,2,2
oppose,-2.550976629461629e-4,0.9872569074541138,2,2
parameters,-2.550976629461629e-4,0.9872569074541138,2,2
peninsula,-2.550976629461629e-4,0.9872569074541138,2,2
peril,-2.550976629461629e-4,0.9872569074541138,2,2
phase,-2.550976629461629e-4,0.9872569074541138,2,2
pleasure,-2.550976629461629e-4,0.9872569074541138,2,2
pool,-2.550976629461629e-4,0.9872569074541138,2,2
portion,-2.550976629461629e-4,0.9872569074541138,2,2
post-conflict,-2.550976629461629e-4,0.9872569074541138,2,2
proceeding,-2.550976629461629e-4,0.9872569074541138,2,2
procurement,-2.550976629461629e-4,0.9872569074541138,2,2
provoked,-2.550976629461629e-4,0.9872569074541138,2,2
provoking,-2.550976629461629e-4,0.9872569074541138,2,2
rarely,-2.550976629461629e-4,0.9872569074541138,2,2
rejection,-2.550976629461629e-4,0.9872569074541138,2,2
retaliation,-2.550976629461629e-4,0.9872569074541138,2,2
reunification,-2.550976629461629e-4,0.9872569074541138,2,2
review,-2.550976629461629e-4,0.9872569074541138,2,2
rigorously,-2.550976629461629e-4,0.9872569074541138,2,2
roll,-2.550976629461629e-4,0.9872569074541138,2,2
runs,-2.550976629461629e-4,0.9872569074541138,2,2
sabotage,-2.550976629461629e-4,0.9872569074541138,2,2
schoolchildren,-2.550976629461629e-4,0.9872569074541138,2,2
scrutiny,-2.550976629461629e-4,0.9872569074541138,2,2
shaken,-2.550976629461629e-4,0.9872569074541138,2,2
shed,-2.550976629461629e-4,0.9872569074541138,2,2
significance,-2.550976629461629e-4,0.9872569074541138,2,2
sincerity,-2.550976629461629e-4,0.9872569074541138,2,2
slowly,-2.550976629461629e-4,0.9872569074541138,2,2
stewardship,-2.550976629461629e-4,0.9872569074541138,2,2
stockpiling,-2.550976629461629e-4,0.9872569074541138,2,2
storm,-2.550976629461629e-4,0.9872569074541138,2,2
strip,-2.550976629461629e-4,0.9872569074541138,2,2
substitute,-2.550976629461629e-4,0.9872569074541138,2,2
taught,-2.550976629461629e-4,0.9872569074541138,2,2
tendency,-2.550976629461629e-4,0.9872569074541138,2,2
testament,-2.550976629461629e-4,0.9872569074541138,2,2
thereof,-2.550976629461629e-4,0.9872569074541138,2,2
tolerance,-2.550976629461629e-4,0.9872569074541138,2,2
transform,-2.550976629461629e-4,0.9872569074541138,2,2
translated,-2.550976629461629e-4,0.9872569074541138,2,2
trigger,-2.550976629461629e-4,0.9872569074541138,2,2
triggering,-2.550976629461629e-4,0.9872569074541138,2,2
underestimate,-2.550976629461629e-4,0.9872569074541138,2,2
underpin,-2.550976629461629e-4,0.9872569074541138,2,2
v,-2.550976629461629e-4,0.9872569074541138,2,2
visible,-2.550976629461629e-4,0.9872569074541138,2,2
vividly,-2.550976629461629e-4,0.9872569074541138,2,2
worship,-2.550976629461629e-4,0.9872569074541138,2,2
explosive,-4.3270178693128664e-4,0.9834040129702121,32,19
assets,-5.102036041515696e-4,0.9819791656714175,5,3
attitude,-5.102036041515696e-4,0.9819791656714175,5,3
blue,-5.102036041515696e-4,0.9819791656714175,5,3
christmas,-5.102036041515696e-4,0.9819791656714175,5,3
devastated,-5.102036041515696e-4,0.9819791656714175,5,3
disabled,-5.102036041515696e-4,0.9819791656714175,5,3
faces,-5.102036041515696e-4,0.9819791656714175,5,3
forever,-5.102036041515696e-4,0.9819791656714175,5,3
forgotten,-5.102036041515696e-4,0.9819791656714175,5,3
games,-5.102036041515696e-4,0.9819791656714175,5,3
helps,-5.102036041515696e-4,0.9819791656714175,5,3
ill,-5.102036041515696e-4,0.9819791656714175,5,3
multidimensional,-5.102036041515696e-4,0.9819791656714175,5,3
occurring,-5.102036041515696e-4,0.9819791656714175,5,3
organization's,-5.102036041515696e-4,0.9819791656714175,5,3
pass,-5.102036041515696e-4,0.9819791656714175,5,3
project,-5.102036041515696e-4,0.9819791656714175,5,3
relative,-5.102036041515696e-4,0.9819791656714175,5,3
rome,-5.102036041515696e-4,0.9819791656714175,5,3
saved,-5.102036041515696e-4,0.9819791656714175,5,3
self-determination,-5.102036041515696e-4,0.9819791656714175,5,3
serves,-5.102036041515696e-4,0.9819791656714175,5,3
settle,-5.102036041515696e-4,0.9819791656714175,5,3
snow,-5.102036041515696e-4,0.9819791656714175,5,3
t,-5.102036041515696e-4,0.9819791656714175,5,3
termination,-5.102036041515696e-4,0.9819791656714175,5,3
theatres,-5.102036041515696e-4,0.9819791656714175,5,3
tragedies,-5.102036041515696e-4,0.9819791656714175,5,3
treat,-5.102036041515696e-4,0.9819791656714175,5,3
unanimous,-5.102036041515696e-4,0.9819791656714175,5,3
wait,-5.102036041515696e-4,0.9819791656714175,5,3
concept,-7.653178240191876e-4,0.9779298348602747,7,5
extending,-7.653178240191876e-4,0.9779298348602747,7,5
pursued,-7.653178240191876e-4,0.9779298348602747,7,5
relation,-7.653178240191876e-4,0.9779298348602747,7,5
test,-7.653178240191876e-4,0.9779298348602747,7,5
validity,-7.653178240191876e-4,0.9779298348602747,7,5
abdi,-0.0010204403229520102,0.9745164451396285,10,6
clements,-0.0010204403229520102,0.9745164451396285,10,6
condemning,-0.0010204403229520102,0.9745164451396285,10,6
counter,-0.0010204403229520102,0.9745164451396285,10,6
easily,-0.0010204403229520102,0.9745164451396285,10,6
elements,-0.0010204403229520102,0.9745164451396285,10,6
methods,-0.0010204403229520102,0.9745164451396285,10,6
much-needed,-0.0010204403229520102,0.9745164451396285,10,6
perhaps,-0.0010204403229520102,0.9745164451396285,10,6
prohibits,-0.0010204403229520102,0.9745164451396285,10,6
shipping,-0.0010204403229520102,0.9745164451396285,10,6
vitorino,-0.0010204403229520102,0.9745164451396285,10,6
votes,-0.0010204403229520102,0.9745164451396285,10,6
adopted,-0.0011850058075164012,0.9725391147067146,69,41
neither,-0.0015307101596253746,0.968791294239254,15,9
participants,-0.0015307101596253746,0.968791294239254,15,9
presidential,-0.0015307101596253746,0.968791294239254,15,9
subjected,-0.0015307101596253746,0.968791294239254,15,9
danger,-0.002041013117396134,0.9639657700137297,20,12
prevention,-0.002041013117396134,0.9639657700137297,20,12
slovakia,-0.002041013117396134,0.9639657700137297,20,12
worse,-0.002551349199489178,0.9597152779005064,25,15
main,-0.0030617184091298157,0.9558733340594192,30,18
signed,-0.0030617184091298157,0.9558733340594192,30,18
unacceptable,-0.003318354438913863,0.954063139551267,67,40
presence,-0.0040825562239572,0.9490539257926709,40,24
additional,-0.006635230718960772,0.9350785794316925,65,39
unfolding,-0.00829140560765132,0.9274471759414575,18,11
via,-0.00829140560765132,0.9274471759414575,18,11
plants,-0.008491555352710541,0.926579152626152,28,17
voting,-0.008491555352710541,0.926579152626152,28,17
besieged,-0.00866040843532794,0.9258548498121262,13,8
broad,-0.00866040843532794,0.9258548498121262,13,8
expression,-0.00866040843532794,0.9258548498121262,13,8
sending,-0.00866040843532794,0.9258548498121262,13,8
framework,-0.009122420733618943,0.9239086640246443,38,23
abandoned,-0.010111816701283917,0.9199017124462869,8,5
alarm,-0.010111816701283917,0.9199017124462869,8,5
approaching,-0.010111816701283917,0.9199017124462869,8,5
capabilities,-0.010111816701283917,0.9199017124462869,8,5
coercion,-0.010111816701283917,0.9199017124462869,8,5
disasters,-0.010111816701283917,0.9199017124462869,8,5
ethnic,-0.010111816701283917,0.9199017124462869,8,5
foundations,-0.010111816701283917,0.9199017124462869,8,5
included,-0.010111816701283917,0.9199017124462869,8,5
intended,-0.010111816701283917,0.9199017124462869,8,5
observe,-0.010111816701283917,0.9199017124462869,8,5
summary,-0.010111816701283917,0.9199017124462869,8,5
triggered,-0.010111816701283917,0.9199017124462869,8,5
aggravated,-0.012145399797346426,0.9122458695215304,5,4
ambitious,-0.012145399797346426,0.9122458695215304,5,4
analysis,-0.012145399797346426,0.9122458695215304,5,4
assessed,-0.012145399797346426,0.9122458695215304,5,4
battle,-0.012145399797346426,0.9122458695215304,5,4
benefited,-0.012145399797346426,0.9122458695215304,5,4
briefed,-0.012145399797346426,0.9122458695215304,5,4
cuts,-0.012145399797346426,0.9122458695215304,5,4
experiencing,-0.012145399797346426,0.9122458695215304,5,4
falls,-0.012145399797346426,0.9122458695215304,5,4
food-insecure,-0.012145399797346426,0.9122458695215304,5,4
identify,-0.012145399797346426,0.9122458695215304,5,4
passes,-0.012145399797346426,0.9122458695215304,5,4
precarious,-0.012145399797346426,0.9122458695215304,5,4
programme's,-0.012145399797346426,0.9122458695215304,5,4
pursuant,-0.012145399797346426,0.9122458695215304,5,4
raise,-0.012145399797346426,0.9122458695215304,5,4
recognizing,-0.012145399797346426,0.9122458695215304,5,4
respectively,-0.012145399797346426,0.9122458695215304,5,4
sima,-0.012145399797346426,0.9122458695215304,5,4
unimaginable,-0.012145399797346426,0.9122458695215304,5,4
vulnerable,-0.015320526097939925,0.9014925455801465,150,90
visit,-0.01653583879566042,0.8976806927221616,41,25
step,-0.017254167083986024,0.8954943914226229,61,37
immense,-0.017322292543624183,0.8952894685809858,26,16
places,-0.017322292543624183,0.8952894685809858,26,16
abyss,-0.017841017488782886,0.8937423932227481,3,2
achievements,-0.017841017488782886,0.8937423932227481,3,2
advancing,-0.017841017488782886,0.8937423932227481,3,2
affirms,-0.017841017488782886,0.8937423932227481,3,2
alice,-0.017841017488782886,0.8937423932227481,3,2
aptly,-0.017841017488782886,0.8937423932227481,3,2
arguments,-0.017841017488782886,0.8937423932227481,3,2
artificially,-0.017841017488782886,0.8937423932227481,3,2
automatic,-0.017841017488782886,0.8937423932227481,3,2
barbara,-0.017841017488782886,0.8937423932227481,3,2
bright,-0.017841017488782886,0.8937423932227481,3,2
cared,-0.017841017488782886,0.8937423932227481,3,2
charles,-0.017841017488782886,0.8937423932227481,3,2
chart,-0.017841017488782886,0.8937423932227481,3,2
chief,-0.017841017488782886,0.8937423932227481,3,2
chornobyl,-0.017841017488782886,0.8937423932227481,3,2
co-sponsored,-0.017841017488782886,0.8937423932227481,3,2
commending,-0.017841017488782886,0.8937423932227481,3,2
compact,-0.017841017488782886,0.8937423932227481,3,2
consent,-0.017841017488782886,0.8937423932227481,3,2
continents,-0.017841017488782886,0.8937423932227481,3,2
cornerstone,-0.017841017488782886,0.8937423932227481,3,2
cries,-0.017841017488782886,0.8937423932227481,3,2
critically,-0.017841017488782886,0.8937423932227481,3,2
deadliest,-0.017841017488782886,0.8937423932227481,3,2
deepens,-0.017841017488782886,0.8937423932227481,3,2
detriment,-0.017841017488782886,0.8937423932227481,3,2
dicarlo's,-0.017841017488782886,0.8937423932227481,3,2
disorder,-0.017841017488782886,0.8937423932227481,3,2
dispatched,-0.017841017488782886,0.8937423932227481,3,2
dissemination,-0.017841017488782886,0.8937423932227481,3,2
distinct,-0.017841017488782886,0.8937423932227481,3,2
doubled,-0.017841017488782886,0.8937423932227481,3,2
environments,-0.017841017488782886,0.8937423932227481,3,2
exacerbates,-0.017841017488782886,0.8937423932227481,3,2
fastest-growing,-0.017841017488782886,0.8937423932227481,3,2
figure,-0.017841017488782886,0.8937423932227481,3,2
floods,-0.017841017488782886,0.8937423932227481,3,2
fuelling,-0.017841017488782886,0.8937423932227481,3,2
harms,-0.017841017488782886,0.8937423932227481,3,2
hotspots,-0.017841017488782886,0.8937423932227481,3,2
idly,-0.017841017488782886,0.8937423932227481,3,2
illustrates,-0.017841017488782886,0.8937423932227481,3,2
improving,-0.017841017488782886,0.8937423932227481,3,2
interim,-0.017841017488782886,0.8937423932227481,3,2
interpreted,-0.017841017488782886,0.8937423932227481,3,2
introduced,-0.017841017488782886,0.8937423932227481,3,2
investment,-0.017841017488782886,0.8937423932227481,3,2
invoked,-0.017841017488782886,0.8937423932227481,3,2
ireland's,-0.017841017488782886,0.8937423932227481,3,2
joins,-0.017841017488782886,0.8937423932227481,3,2
justifications,-0.017841017488782886,0.8937423932227481,3,2
link,-0.017841017488782886,0.8937423932227481,3,2
links,-0.017841017488782886,0.8937423932227481,3,2
mistrust,-0.017841017488782886,0.8937423932227481,3,2
misuse,-0.017841017488782886,0.8937423932227481,3,2
mourning,-0.017841017488782886,0.8937423932227481,3,2
noble,-0.017841017488782886,0.8937423932227481,3,2
non-use,-0.017841017488782886,0.8937423932227481,3,2
nuclear-weapon,-0.017841017488782886,0.8937423932227481,3,2
observers,-0.017841017488782886,0.8937423932227481,3,2
opposed,-0.017841017488782886,0.8937423932227481,3,2
paralysed,-0.017841017488782886,0.8937423932227481,3,2
pledges,-0.017841017488782886,0.8937423932227481,3,2
possibly,-0.017841017488782886,0.8937423932227481,3,2
presiding,-0.017841017488782886,0.8937423932227481,3,2
prevents,-0.017841017488782886,0.8937423932227481,3,2
profit,-0.017841017488782886,0.8937423932227481,3,2
rage,-0.017841017488782886,0.8937423932227481,3,2
re-establish,-0.017841017488782886,0.8937423932227481,3,2
reinforced,-0.017841017488782886,0.8937423932227481,3,2
rejects,-0.017841017488782886,0.8937423932227481,3,2
reliant,-0.017841017488782886,0.8937423932227481,3,2
removal,-0.017841017488782886,0.8937423932227481,3,2
render,-0.017841017488782886,0.8937423932227481,3,2
renewing,-0.017841017488782886,0.8937423932227481,3,2
replaced,-0.017841017488782886,0.8937423932227481,3,2
salute,-0.017841017488782886,0.8937423932227481,3,2
spike,-0.017841017488782886,0.8937423932227481,3,2
spite,-0.017841017488782886,0.8937423932227481,3,2
stakes,-0.017841017488782886,0.8937423932227481,3,2
telling,-0.017841017488782886,0.8937423932227481,3,2
terminated,-0.017841017488782886,0.8937423932227481,3,2
timing,-0.017841017488782886,0.8937423932227481,3,2
type,-0.017841017488782886,0.8937423932227481,3,2
unanimously,-0.017841017488782886,0.8937423932227481,3,2
unwillingness,-0.017841017488782886,0.8937423932227481,3,2
walk,-0.017841017488782886,0.8937423932227481,3,2
war-related,-0.017841017488782886,0.8937423932227481,3,2
washington,-0.017841017488782886,0.8937423932227481,3,2
weakening,-0.017841017488782886,0.8937423932227481,3,2
woke,-0.017841017488782886,0.8937423932227481,3,2
woodward,-0.017841017488782886,0.8937423932227481,3,2
followed,-0.01831187971579988,0.8923577705679991,21,13
closer,-0.020224699941722147,0.8869113121752698,16,10
namely,-0.020224699941722147,0.8869113121752698,16,10
applaud,-0.024291686433100368,0.8761450269743939,11,7
boys,-0.024291686433100368,0.8761450269743939,11,7
confirm,-0.024291686433100368,0.8761450269743939,11,7
poorest,-0.024291686433100368,0.8761450269743939,11,7
statements,-0.025070453106485396,0.8741916334388352,49,30
found,-0.030338649890062668,0.8617240537409758,24,15
mines,-0.030338649890062668,0.8617240537409758,24,15
represent,-0.03381479893975394,0.8541013137814706,19,12
temperatures,-0.03381479893975394,0.8541013137814706,19,12
value,-0.03381479893975394,0.8541013137814706,19,12
parts,-0.03465048928804474,0.8523299409407238,52,32
additionally,-0.035682758689439764,0.8501721298572771,6,4
appetite,-0.035682758689439764,0.8501721298572771,6,4
aside,-0.035682758689439764,0.8501721298572771,6,4
atrocious,-0.035682758689439764,0.8501721298572771,6,4
babies,-0.035682758689439764,0.8501721298572771,6,4
chapter,-0.035682758689439764,0.8501721298572771,6,4
chilling,-0.035682758689439764,0.8501721298572771,6,4
considering,-0.035682758689439764,0.8501721298572771,6,4
defended,-0.035682758689439764,0.8501721298572771,6,4
experiences,-0.035682758689439764,0.8501721298572771,6,4
gives,-0.035682758689439764,0.8501721298572771,6,4
holds,-0.035682758689439764,0.8501721298572771,6,4
housing,-0.035682758689439764,0.8501721298572771,6,4
invitation,-0.035682758689439764,0.8501721298572771,6,4
kinds,-0.035682758689439764,0.8501721298572771,6,4
managed,-0.035682758689439764,0.8501721298572771,6,4
mental-health,-0.035682758689439764,0.8501721298572771,6,4
nderitu,-0.035682758689439764,0.8501721298572771,6,4
orthodox,-0.035682758689439764,0.8501721298572771,6,4
politically,-0.035682758689439764,0.8501721298572771,6,4
preservation,-0.035682758689439764,0.8501721298572771,6,4
promise,-0.035682758689439764,0.8501721298572771,6,4
prosperous,-0.035682758689439764,0.8501721298572771,6,4
recalling,-0.035682758689439764,0.8501721298572771,6,4
shocks,-0.035682758689439764,0.8501721298572771,6,4
swiftly,-0.035682758689439764,0.8501721298572771,6,4
traffickers,-0.035682758689439764,0.8501721298572771,6,4
understands,-0.035682758689439764,0.8501721298572771,6,4
uninterrupted,-0.035682758689439764,0.8501721298572771,6,4
uprooted,-0.035682758689439764,0.8501721298572771,6,4
yes,-0.035682758689439764,0.8501721298572771,6,4
real,-0.03662881174298392,0.8482227563911879,42,26
activity,-0.04006446530469914,0.8413545904629967,14,9
highly,-0.04006446530469914,0.8413545904629967,14,9
women's,-0.04006446530469914,0.8413545904629967,14,9
conclude,-0.04045366671508906,0.8405961669624263,32,20
helping,-0.04045366671508906,0.8405961669624263,32,20
line,-0.04137190383767621,0.8388217392253343,105,64
programme,-0.04412013418817944,0.8336302622387186,60,37
leaders,-0.04825912758840016,0.8261206917699974,45,28
addresses,-0.053279892764548836,0.8174512428810281,3,3
adopting,-0.053279892764548836,0.8174512428810281,3,3
anxiety,-0.053279892764548836,0.8174512428810281,3,3
availability,-0.053279892764548836,0.8174512428810281,3,3
awaits,-0.053279892764548836,0.8174512428810281,3,3
barely,-0.053279892764548836,0.8174512428810281,3,3
believed,-0.053279892764548836,0.8174512428810281,3,3
bullets,-0.053279892764548836,0.8174512428810281,3,3
chasiv,-0.053279892764548836,0.8174512428810281,3,3
chemical,-0.053279892764548836,0.8174512428810281,3,3
contexts,-0.053279892764548836,0.8174512428810281,3,3
demonstrating,-0.053279892764548836,0.8174512428810281,3,3
despair,-0.053279892764548836,0.8174512428810281,3,3
desperation,-0.053279892764548836,0.8174512428810281,3,3
diverse,-0.053279892764548836,0.8174512428810281,3,3
ecuadorian,-0.053279892764548836,0.8174512428810281,3,3
embracing,-0.053279892764548836,0.8174512428810281,3,3
fastest,-0.053279892764548836,0.8174512428810281,3,3
fuelled,-0.053279892764548836,0.8174512428810281,3,3
generously,-0.053279892764548836,0.8174512428810281,3,3
genuinely,-0.053279892764548836,0.8174512428810281,3,3
harmed,-0.053279892764548836,0.8174512428810281,3,3
harmful,-0.053279892764548836,0.8174512428810281,3,3
hidden,-0.053279892764548836,0.8174512428810281,3,3
khazin,-0.053279892764548836,0.8174512428810281,3,3
landmark,-0.053279892764548836,0.8174512428810281,3,3
logistical,-0.053279892764548836,0.8174512428810281,3,3
lowering,-0.053279892764548836,0.8174512428810281,3,3
luck,-0.053279892764548836,0.8174512428810281,3,3
marking,-0.053279892764548836,0.8174512428810281,3,3
meaningfully,-0.053279892764548836,0.8174512428810281,3,3
milestone,-0.053279892764548836,0.8174512428810281,3,3
notice,-0.053279892764548836,0.8174512428810281,3,3
noting,-0.053279892764548836,0.8174512428810281,3,3
obliged,-0.053279892764548836,0.8174512428810281,3,3
patten's,-0.053279892764548836,0.8174512428810281,3,3
peacekeeping,-0.053279892764548836,0.8174512428810281,3,3
percentage,-0.053279892764548836,0.8174512428810281,3,3
pleas,-0.053279892764548836,0.8174512428810281,3,3
preceded,-0.053279892764548836,0.8174512428810281,3,3
privilege,-0.053279892764548836,0.8174512428810281,3,3
proportion,-0.053279892764548836,0.8174512428810281,3,3
proxy,-0.053279892764548836,0.8174512428810281,3,3
purely,-0.053279892764548836,0.8174512428810281,3,3
shadow,-0.053279892764548836,0.8174512428810281,3,3
sharp,-0.053279892764548836,0.8174512428810281,3,3
sherrie,-0.053279892764548836,0.8174512428810281,3,3
solved,-0.053279892764548836,0.8174512428810281,3,3
speedy,-0.053279892764548836,0.8174512428810281,3,3
stabilization,-0.053279892764548836,0.8174512428810281,3,3
stalled,-0.053279892764548836,0.8174512428810281,3,3
steadily,-0.053279892764548836,0.8174512428810281,3,3
submit,-0.053279892764548836,0.8174512428810281,3,3
suggests,-0.053279892764548836,0.8174512428810281,3,3
surging,-0.053279892764548836,0.8174512428810281,3,3
sustaining,-0.053279892764548836,0.8174512428810281,3,3
systemic,-0.053279892764548836,0.8174512428810281,3,3
threshold,-0.053279892764548836,0.8174512428810281,3,3
uncertain,-0.053279892764548836,0.8174512428810281,3,3
yar,-0.053279892764548836,0.8174512428810281,3,3
capacities,-0.053525223646007036,0.8170388745236846,9,6
commodities,-0.053525223646007036,0.8170388745236846,9,6
continuous,-0.053525223646007036,0.8170388745236846,9,6
driven,-0.053525223646007036,0.8170388745236846,9,6
earthquake,-0.053525223646007036,0.8170388745236846,9,6
fifth,-0.053525223646007036,0.8170388745236846,9,6
karbowska,-0.053525223646007036,0.8170388745236846,9,6
precisely,-0.053525223646007036,0.8170388745236846,9,6
proceed,-0.053525223646007036,0.8170388745236846,9,6
readiness,-0.053525223646007036,0.8170388745236846,9,6
rollins,-0.053525223646007036,0.8170388745236846,9,6
root,-0.053525223646007036,0.8170388745236846,9,6
setting,-0.053525223646007036,0.8170388745236846,9,6
tremendous,-0.053525223646007036,0.8170388745236846,9,6
westin,-0.053525223646007036,0.8170388745236846,9,6
breach,-0.056577196920425905,0.8119899784014255,17,11
exposed,-0.056577196920425905,0.8119899784014255,17,11
responsibilities,-0.056577196920425905,0.8119899784014255,17,11
train,-0.056577196920425905,0.8119899784014255,17,11
warned,-0.056577196920425905,0.8119899784014255,17,11
repeated,-0.05795527589367957,0.8097573943686185,30,19
investigations,-0.05832396889887698,0.809164858602898,53,33
secure,-0.06370684245783964,0.8007302428639717,43,27
bringing,-0.06410888249981947,0.800115737930077,25,16
upon,-0.06763810409138143,0.7948072585810196,38,24
abandon,-0.06787639332693372,0.7944542189306194,6,5
adequate,-0.06787639332693372,0.7944542189306194,6,5
attrition,-0.06787639332693372,0.7944542189306194,6,5
cash,-0.06787639332693372,0.7944542189306194,6,5
heads,-0.06787639332693372,0.7944542189306194,6,5
inevitable,-0.06787639332693372,0.7944542189306194,6,5
karim,-0.06787639332693372,0.7944542189306194,6,5
pramila,-0.06787639332693372,0.7944542189306194,6,5
raises,-0.06787639332693372,0.7944542189306194,6,5
spoken,-0.06787639332693372,0.7944542189306194,6,5
strengthened,-0.06787639332693372,0.7944542189306194,6,5
substantial,-0.06787639332693372,0.7944542189306194,6,5
succeeding,-0.06787639332693372,0.7944542189306194,6,5
visits,-0.06787639332693372,0.7944542189306194,6,5
won,-0.06787639332693372,0.7944542189306194,6,5
100th,-0.07114298554840795,0.7896798069098718,0,1
11-6,-0.07114298554840795,0.7896798069098718,0,1
12-point,-0.07114298554840795,0.7896798069098718,0,1
2000s,-0.07114298554840795,0.7896798069098718,0,1
26-hour,-0.07114298554840795,0.7896798069098718,0,1
36-hour,-0.07114298554840795,0.7896798069098718,0,1
abated,-0.07114298554840795,0.7896798069098718,0,1
abatement,-0.07114298554840795,0.7896798069098718,0,1
abbreviate,-0.07114298554840795,0.7896798069098718,0,1
abhor,-0.07114298554840795,0.7896798069098718,0,1
abided,-0.07114298554840795,0.7896798069098718,0,1
ably,-0.07114298554840795,0.7896798069098718,0,1
aboard,-0.07114298554840795,0.7896798069098718,0,1
abrogate,-0.07114298554840795,0.7896798069098718,0,1
accentuate,-0.07114298554840795,0.7896798069098718,0,1
accentuating,-0.07114298554840795,0.7896798069098718,0,1
accommodates,-0.07114298554840795,0.7896798069098718,0,1
accommodating,-0.07114298554840795,0.7896798069098718,0,1
acerbic,-0.07114298554840795,0.7896798069098718,0,1
adapted,-0.07114298554840795,0.7896798069098718,0,1
ading,-0.07114298554840795,0.7896798069098718,0,1
adjourning,-0.07114298554840795,0.7896798069098718,0,1
adjustment,-0.07114298554840795,0.7896798069098718,0,1
administratively,-0.07114298554840795,0.7896798069098718,0,1
admittedly,-0.07114298554840795,0.7896798069098718,0,1
advancements,-0.07114298554840795,0.7896798069098718,0,1
adversarial,-0.07114298554840795,0.7896798069098718,0,1
affair,-0.07114298554840795,0.7896798069098718,0,1
affirmation,-0.07114298554840795,0.7896798069098718,0,1
afflictions,-0.07114298554840795,0.7896798069098718,0,1
afflicts,-0.07114298554840795,0.7896798069098718,0,1
affordability,-0.07114298554840795,0.7896798069098718,0,1
afghan,-0.07114298554840795,0.7896798069098718,0,1
afield,-0.07114298554840795,0.7896798069098718,0,1
aftershocks,-0.07114298554840795,0.7896798069098718,0,1
afterthought,-0.07114298554840795,0.7896798069098718,0,1
agence,-0.07114298554840795,0.7896798069098718,0,1
agreement's,-0.07114298554840795,0.7896798069098718,0,1
agriculture-dependent,-0.07114298554840795,0.7896798069098718,0,1
agroproducts,-0.07114298554840795,0.7896798069098718,0,1
airstrikes,-0.07114298554840795,0.7896798069098718,0,1
al,-0.07114298554840795,0.7896798069098718,0,1
al-qaida,-0.07114298554840795,0.7896798069098718,0,1
alarmingly,-0.07114298554840795,0.7896798069098718,0,1
alerted,-0.07114298554840795,0.7896798069098718,0,1
alertness,-0.07114298554840795,0.7896798069098718,0,1
algeria,-0.07114298554840795,0.7896798069098718,0,1
all-out,-0.07114298554840795,0.7896798069098718,0,1
all-round,-0.07114298554840795,0.7896798069098718,0,1
allayed,-0.07114298554840795,0.7896798069098718,0,1
allocated,-0.07114298554840795,0.7896798069098718,0,1
alms,-0.07114298554840795,0.7896798069098718,0,1
already-battered,-0.07114298554840795,0.7896798069098718,0,1
already-difficult,-0.07114298554840795,0.7896798069098718,0,1
already-toxic,-0.07114298554840795,0.7896798069098718,0,1
already-vulnerable,-0.07114298554840795,0.7896798069098718,0,1
ambiguity,-0.07114298554840795,0.7896798069098718,0,1
ambit,-0.07114298554840795,0.7896798069098718,0,1
amend,-0.07114298554840795,0.7896798069098718,0,1
amending,-0.07114298554840795,0.7896798069098718,0,1
ammonium,-0.07114298554840795,0.7896798069098718,0,1
analyse,-0.07114298554840795,0.7896798069098718,0,1
anarchic,-0.07114298554840795,0.7896798069098718,0,1
ance,-0.07114298554840795,0.7896798069098718,0,1
ancillary,-0.07114298554840795,0.7896798069098718,0,1
andrés,-0.07114298554840795,0.7896798069098718,0,1
andwecallon,-0.07114298554840795,0.7896798069098718,0,1
anew,-0.07114298554840795,0.7896798069098718,0,1
anniversaries,-0.07114298554840795,0.7896798069098718,0,1
antagonistic,-0.07114298554840795,0.7896798069098718,0,1
ante,-0.07114298554840795,0.7896798069098718,0,1
anxieties,-0.07114298554840795,0.7896798069098718,0,1
apartheid,-0.07114298554840795,0.7896798069098718,0,1
appealed,-0.07114298554840795,0.7896798069098718,0,1
appearing,-0.07114298554840795,0.7896798069098718,0,1
apportionment,-0.07114298554840795,0.7896798069098718,0,1
appreciating,-0.07114298554840795,0.7896798069098718,0,1
apprehension,-0.07114298554840795,0.7896798069098718,0,1
apprehensions,-0.07114298554840795,0.7896798069098718,0,1
approached,-0.07114298554840795,0.7896798069098718,0,1
appropriately,-0.07114298554840795,0.7896798069098718,0,1
arisen,-0.07114298554840795,0.7896798069098718,0,1
arranged,-0.07114298554840795,0.7896798069098718,0,1
arraying,-0.07114298554840795,0.7896798069098718,0,1
ascertain,-0.07114298554840795,0.7896798069098718,0,1
ascertained,-0.07114298554840795,0.7896798069098718,0,1
aspire,-0.07114298554840795,0.7896798069098718,0,1
assail,-0.07114298554840795,0.7896798069098718,0,1
assailed,-0.07114298554840795,0.7896798069098718,0,1
assessmentsof,-0.07114298554840795,0.7896798069098718,0,1
assignment,-0.07114298554840795,0.7896798069098718,0,1
assistant-secretary-general,-0.07114298554840795,0.7896798069098718,0,1
assuaging,-0.07114298554840795,0.7896798069098718,0,1
attaching,-0.07114298554840795,0.7896798069098718,0,1
attainable,-0.07114298554840795,0.7896798069098718,0,1
attenuating,-0.07114298554840795,0.7896798069098718,0,1
attesting,-0.07114298554840795,0.7896798069098718,0,1
attuned,-0.07114298554840795,0.7896798069098718,0,1
austerity,-0.07114298554840795,0.7896798069098718,0,1
authoritative,-0.07114298554840795,0.7896798069098718,0,1
averment,-0.07114298554840795,0.7896798069098718,0,1
azot,-0.07114298554840795,0.7896798069098718,0,1
ba,-0.07114298554840795,0.7896798069098718,0,1
backfire,-0.07114298554840795,0.7896798069098718,0,1
baleful,-0.07114298554840795,0.7896798069098718,0,1
bane,-0.07114298554840795,0.7896798069098718,0,1
banished,-0.07114298554840795,0.7896798069098718,0,1
battalions,-0.07114298554840795,0.7896798069098718,0,1
battlefront,-0.07114298554840795,0.7896798069098718,0,1
bearings,-0.07114298554840795,0.7896798069098718,0,1
beats,-0.07114298554840795,0.7896798069098718,0,1
beefing,-0.07114298554840795,0.7896798069098718,0,1
beggar-thy-neighbour,-0.07114298554840795,0.7896798069098718,0,1
behavior,-0.07114298554840795,0.7896798069098718,0,1
belligerency,-0.07114298554840795,0.7896798069098718,0,1
bend,-0.07114298554840795,0.7896798069098718,0,1
berislav,-0.07114298554840795,0.7896798069098718,0,1
betterment,-0.07114298554840795,0.7896798069098718,0,1
blackwomenforblacklives,-0.07114298554840795,0.7896798069098718,0,1
blame-shifting,-0.07114298554840795,0.7896798069098718,0,1
bleaker,-0.07114298554840795,0.7896798069098718,0,1
blindness,-0.07114298554840795,0.7896798069098718,0,1
bodes,-0.07114298554840795,0.7896798069098718,0,1
boldly,-0.07114298554840795,0.7896798069098718,0,1
bomb-struck,-0.07114298554840795,0.7896798069098718,0,1
bomber,-0.07114298554840795,0.7896798069098718,0,1
bondage,-0.07114298554840795,0.7896798069098718,0,1
border-security,-0.07114298554840795,0.7896798069098718,0,1
breakdown,-0.07114298554840795,0.7896798069098718,0,1
breakthrough,-0.07114298554840795,0.7896798069098718,0,1
bretton,-0.07114298554840795,0.7896798069098718,0,1
bridging,-0.07114298554840795,0.7896798069098718,0,1
brinkmanship,-0.07114298554840795,0.7896798069098718,0,1
broad-based,-0.07114298554840795,0.7896798069098718,0,1
buses,-0.07114298554840795,0.7896798069098718,0,1
bóthar,-0.07114298554840795,0.7896798069098718,0,1
cacophony,-0.07114298554840795,0.7896798069098718,0,1
calamities,-0.07114298554840795,0.7896798069098718,0,1
calculates,-0.07114298554840795,0.7896798069098718,0,1
calculus,-0.07114298554840795,0.7896798069098718,0,1
calendar,-0.07114298554840795,0.7896798069098718,0,1
calibrated,-0.07114298554840795,0.7896798069098718,0,1
calming,-0.07114298554840795,0.7896798069098718,0,1
capacity-building,-0.07114298554840795,0.7896798069098718,0,1
capitalize,-0.07114298554840795,0.7896798069098718,0,1
caseload,-0.07114298554840795,0.7896798069098718,0,1
casts,-0.07114298554840795,0.7896798069098718,0,1
catalyst,-0.07114298554840795,0.7896798069098718,0,1
cementing,-0.07114298554840795,0.7896798069098718,0,1
centre-stage,-0.07114298554840795,0.7896798069098718,0,1
centred,-0.07114298554840795,0.7896798069098718,0,1
centuries,-0.07114298554840795,0.7896798069098718,0,1
channelled,-0.07114298554840795,0.7896798069098718,0,1
chaotic,-0.07114298554840795,0.7896798069098718,0,1
charging,-0.07114298554840795,0.7896798069098718,0,1
chess,-0.07114298554840795,0.7896798069098718,0,1
chronicle,-0.07114298554840795,0.7896798069098718,0,1
chuhuiv,-0.07114298554840795,0.7896798069098718,0,1
citing,-0.07114298554840795,0.7896798069098718,0,1
civilizations,-0.07114298554840795,0.7896798069098718,0,1
clarification,-0.07114298554840795,0.7896798069098718,0,1
clarify,-0.07114298554840795,0.7896798069098718,0,1
clear-eyed,-0.07114298554840795,0.7896798069098718,0,1
cleverly,-0.07114298554840795,0.7896798069098718,0,1
climate-change-resilient,-0.07114298554840795,0.7896798069098718,0,1
climatic,-0.07114298554840795,0.7896798069098718,0,1
climbing,-0.07114298554840795,0.7896798069098718,0,1
cling,-0.07114298554840795,0.7896798069098718,0,1
clinging,-0.07114298554840795,0.7896798069098718,0,1
clubs,-0.07114298554840795,0.7896798069098718,0,1
co-founded,-0.07114298554840795,0.7896798069098718,0,1
cocktail,-0.07114298554840795,0.7896798069098718,0,1
codified,-0.07114298554840795,0.7896798069098718,0,1
coexist,-0.07114298554840795,0.7896798069098718,0,1
collapsing,-0.07114298554840795,0.7896798069098718,0,1
college,-0.07114298554840795,0.7896798069098718,0,1
colombia,-0.07114298554840795,0.7896798069098718,0,1
commanded,-0.07114298554840795,0.7896798069098718,0,1
commemorative,-0.07114298554840795,0.7896798069098718,0,1
commences,-0.07114298554840795,0.7896798069098718,0,1
commented,-0.07114298554840795,0.7896798069098718,0,1
commissioned,-0.07114298554840795,0.7896798069098718,0,1
commodity-market,-0.07114298554840795,0.7896798069098718,0,1
communicated,-0.07114298554840795,0.7896798069098718,0,1
communiqué,-0.07114298554840795,0.7896798069098718,0,1
compares,-0.07114298554840795,0.7896798069098718,0,1
competently,-0.07114298554840795,0.7896798069098718,0,1
competitions,-0.07114298554840795,0.7896798069098718,0,1
competitiveness,-0.07114298554840795,0.7896798069098718,0,1
complication,-0.07114298554840795,0.7896798069098718,0,1
concealed,-0.07114298554840795,0.7896798069098718,0,1
concede,-0.07114298554840795,0.7896798069098718,0,1
conception,-0.07114298554840795,0.7896798069098718,0,1
condemnable,-0.07114298554840795,0.7896798069098718,0,1
conduit,-0.07114298554840795,0.7896798069098718,0,1
conferences,-0.07114298554840795,0.7896798069098718,0,1
conflagration,-0.07114298554840795,0.7896798069098718,0,1
conflict-driven,-0.07114298554840795,0.7896798069098718,0,1
confrontational,-0.07114298554840795,0.7896798069098718,0,1
confronts,-0.07114298554840795,0.7896798069098718,0,1
confusing,-0.07114298554840795,0.7896798069098718,0,1
consisting,-0.07114298554840795,0.7896798069098718,0,1
constraining,-0.07114298554840795,0.7896798069098718,0,1
construed,-0.07114298554840795,0.7896798069098718,0,1
consultative,-0.07114298554840795,0.7896798069098718,0,1
consumed,-0.07114298554840795,0.7896798069098718,0,1
consumer,-0.07114298554840795,0.7896798069098718,0,1
contagion,-0.07114298554840795,0.7896798069098718,0,1
containment,-0.07114298554840795,0.7896798069098718,0,1
contaminates,-0.07114298554840795,0.7896798069098718,0,1
contemplations,-0.07114298554840795,0.7896798069098718,0,1
contents,-0.07114298554840795,0.7896798069098718,0,1
contest,-0.07114298554840795,0.7896798069098718,0,1
contested,-0.07114298554840795,0.7896798069098718,0,1
contesting,-0.07114298554840795,0.7896798069098718,0,1
continent's,-0.07114298554840795,0.7896798069098718,0,1
contingents,-0.07114298554840795,0.7896798069098718,0,1
continuum,-0.07114298554840795,0.7896798069098718,0,1
contracting,-0.07114298554840795,0.7896798069098718,0,1
contracts,-0.07114298554840795,0.7896798069098718,0,1
conundrum,-0.07114298554840795,0.7896798069098718,0,1
converge,-0.07114298554840795,0.7896798069098718,0,1
conversation,-0.07114298554840795,0.7896798069098718,0,1
convictions,-0.07114298554840795,0.7896798069098718,0,1
cool-off,-0.07114298554840795,0.7896798069098718,0,1
coolly,-0.07114298554840795,0.7896798069098718,0,1
corneille,-0.07114298554840795,0.7896798069098718,0,1
cornerstones,-0.07114298554840795,0.7896798069098718,0,1
corrosive,-0.07114298554840795,0.7896798069098718,0,1
cosmopolitan,-0.07114298554840795,0.7896798069098718,0,1
cost-of,-0.07114298554840795,0.7896798069098718,0,1
counselled,-0.07114298554840795,0.7896798069098718,0,1
counter-current,-0.07114298554840795,0.7896798069098718,0,1
counter-narratives,-0.07114298554840795,0.7896798069098718,0,1
counterpart,-0.07114298554840795,0.7896798069098718,0,1
counterproductive,-0.07114298554840795,0.7896798069098718,0,1
countryside,-0.07114298554840795,0.7896798069098718,0,1
countrywide,-0.07114298554840795,0.7896798069098718,0,1
county,-0.07114298554840795,0.7896798069098718,0,1
covenants,-0.07114298554840795,0.7896798069098718,0,1
cowardice,-0.07114298554840795,0.7896798069098718,0,1
cracks,-0.07114298554840795,0.7896798069098718,0,1
creativity,-0.07114298554840795,0.7896798069098718,0,1
credibly,-0.07114298554840795,0.7896798069098718,0,1
crossfires,-0.07114298554840795,0.7896798069098718,0,1
crystallize,-0.07114298554840795,0.7896798069098718,0,1
cuban,-0.07114298554840795,0.7896798069098718,0,1
culminating,-0.07114298554840795,0.7896798069098718,0,1
cultivation,-0.07114298554840795,0.7896798069098718,0,1
curbing,-0.07114298554840795,0.7896798069098718,0,1
curtains,-0.07114298554840795,0.7896798069098718,0,1
cushioned,-0.07114298554840795,0.7896798069098718,0,1
cutting-edge,-0.07114298554840795,0.7896798069098718,0,1
cycles,-0.07114298554840795,0.7896798069098718,0,1
cyclical,-0.07114298554840795,0.7896798069098718,0,1
cyclones,-0.07114298554840795,0.7896798069098718,0,1
cyril,-0.07114298554840795,0.7896798069098718,0,1
darfur,-0.07114298554840795,0.7896798069098718,0,1
darkens,-0.07114298554840795,0.7896798069098718,0,1
deadlock,-0.07114298554840795,0.7896798069098718,0,1
dec,-0.07114298554840795,0.7896798069098718,0,1
declining,-0.07114298554840795,0.7896798069098718,0,1
deem,-0.07114298554840795,0.7896798069098718,0,1
deep-seated,-0.07114298554840795,0.7896798069098718,0,1
deferred,-0.07114298554840795,0.7896798069098718,0,1
deficit,-0.07114298554840795,0.7896798069098718,0,1
defines,-0.07114298554840795,0.7896798069098718,0,1
definitive,-0.07114298554840795,0.7896798069098718,0,1
definitively,-0.07114298554840795,0.7896798069098718,0,1
defusing,-0.07114298554840795,0.7896798069098718,0,1
degrees,-0.07114298554840795,0.7896798069098718,0,1
deliberated,-0.07114298554840795,0.7896798069098718,0,1
deliberates,-0.07114298554840795,0.7896798069098718,0,1
delineate,-0.07114298554840795,0.7896798069098718,0,1
demilitarizing,-0.07114298554840795,0.7896798069098718,0,1
democratization,-0.07114298554840795,0.7896798069098718,0,1
departing,-0.07114298554840795,0.7896798069098718,0,1
departs,-0.07114298554840795,0.7896798069098718,0,1
depositary,-0.07114298554840795,0.7896798069098718,0,1
deprivations,-0.07114298554840795,0.7896798069098718,0,1
deputy-secretary-general,-0.07114298554840795,0.7896798069098718,0,1
deserved,-0.07114298554840795,0.7896798069098718,0,1
designate,-0.07114298554840795,0.7896798069098718,0,1
desired,-0.07114298554840795,0.7896798069098718,0,1
despondent,-0.07114298554840795,0.7896798069098718,0,1
destabilizes,-0.07114298554840795,0.7896798069098718,0,1
destitution,-0.07114298554840795,0.7896798069098718,0,1
determinations,-0.07114298554840795,0.7896798069098718,0,1
determinedly,-0.07114298554840795,0.7896798069098718,0,1
detracts,-0.07114298554840795,0.7896798069098718,0,1
developmental,-0.07114298554840795,0.7896798069098718,0,1
dialogues,-0.07114298554840795,0.7896798069098718,0,1
dictates,-0.07114298554840795,0.7896798069098718,0,1
differential,-0.07114298554840795,0.7896798069098718,0,1
differentiated,-0.07114298554840795,0.7896798069098718,0,1
dilemmas,-0.07114298554840795,0.7896798069098718,0,1
diligence,-0.07114298554840795,0.7896798069098718,0,1
dimensional,-0.07114298554840795,0.7896798069098718,0,1
dimming,-0.07114298554840795,0.7896798069098718,0,1
diode,-0.07114298554840795,0.7896798069098718,0,1
director's,-0.07114298554840795,0.7896798069098718,0,1
dis,-0.07114298554840795,0.7896798069098718,0,1
disagreements,-0.07114298554840795,0.7896798069098718,0,1
disappointing,-0.07114298554840795,0.7896798069098718,0,1
disbanded,-0.07114298554840795,0.7896798069098718,0,1
disbanding,-0.07114298554840795,0.7896798069098718,0,1
discharge,-0.07114298554840795,0.7896798069098718,0,1
disciplinary,-0.07114298554840795,0.7896798069098718,0,1
discontinued,-0.07114298554840795,0.7896798069098718,0,1
discreet,-0.07114298554840795,0.7896798069098718,0,1
discriminating,-0.07114298554840795,0.7896798069098718,0,1
discriminatory,-0.07114298554840795,0.7896798069098718,0,1
disintegrate,-0.07114298554840795,0.7896798069098718,0,1
disjointed,-0.07114298554840795,0.7896798069098718,0,1
dismal,-0.07114298554840795,0.7896798069098718,0,1
dismember,-0.07114298554840795,0.7896798069098718,0,1
dismissing,-0.07114298554840795,0.7896798069098718,0,1
dismissive,-0.07114298554840795,0.7896798069098718,0,1
disorders,-0.07114298554840795,0.7896798069098718,0,1
dispel,-0.07114298554840795,0.7896798069098718,0,1
dispersed,-0.07114298554840795,0.7896798069098718,0,1
dissatisfaction,-0.07114298554840795,0.7896798069098718,0,1
dissuade,-0.07114298554840795,0.7896798069098718,0,1
distances,-0.07114298554840795,0.7896798069098718,0,1
distorts,-0.07114298554840795,0.7896798069098718,0,1
distressingly,-0.07114298554840795,0.7896798069098718,0,1
divergences,-0.07114298554840795,0.7896798069098718,0,1
divergent,-0.07114298554840795,0.7896798069098718,0,1
diverted,-0.07114298554840795,0.7896798069098718,0,1
divided,-0.07114298554840795,0.7896798069098718,0,1
dividing,-0.07114298554840795,0.7896798069098718,0,1
doable,-0.07114298554840795,0.7896798069098718,0,1
doctrines,-0.07114298554840795,0.7896798069098718,0,1
domestically,-0.07114298554840795,0.7896798069098718,0,1
domicile,-0.07114298554840795,0.7896798069098718,0,1
dominating,-0.07114298554840795,0.7896798069098718,0,1
donor-funded,-0.07114298554840795,0.7896798069098718,0,1
doom,-0.07114298554840795,0.7896798069098718,0,1
dots,-0.07114298554840795,0.7896798069098718,0,1
double-down,-0.07114298554840795,0.7896798069098718,0,1
downcast,-0.07114298554840795,0.7896798069098718,0,1
downplay,-0.07114298554840795,0.7896798069098718,0,1
downplayed,-0.07114298554840795,0.7896798069098718,0,1
drivers,-0.07114298554840795,0.7896798069098718,0,1
drowned,-0.07114298554840795,0.7896798069098718,0,1
duty-bound,-0.07114298554840795,0.7896798069098718,0,1
dykes,-0.07114298554840795,0.7896798069098718,0,1
détente,-0.07114298554840795,0.7896798069098718,0,1
eager,-0.07114298554840795,0.7896798069098718,0,1
earlier-than-normal,-0.07114298554840795,0.7896798069098718,0,1
ebb,-0.07114298554840795,0.7896798069098718,0,1
economy's,-0.07114298554840795,0.7896798069098718,0,1
ecosystems,-0.07114298554840795,0.7896798069098718,0,1
edited,-0.07114298554840795,0.7896798069098718,0,1
edits,-0.07114298554840795,0.7896798069098718,0,1
educa,-0.07114298554840795,0.7896798069098718,0,1
education-related,-0.07114298554840795,0.7896798069098718,0,1
efficacy,-0.07114298554840795,0.7896798069098718,0,1
eight-month,-0.07114298554840795,0.7896798069098718,0,1
elapsed,-0.07114298554840795,0.7896798069098718,0,1
elicit,-0.07114298554840795,0.7896798069098718,0,1
elicited,-0.07114298554840795,0.7896798069098718,0,1
eliciting,-0.07114298554840795,0.7896798069098718,0,1
eliminates,-0.07114298554840795,0.7896798069098718,0,1
embarrassed,-0.07114298554840795,0.7896798069098718,0,1
embattled,-0.07114298554840795,0.7896798069098718,0,1
embers,-0.07114298554840795,0.7896798069098718,0,1
embraced,-0.07114298554840795,0.7896798069098718,0,1
embroiled,-0.07114298554840795,0.7896798069098718,0,1
emitting,-0.07114298554840795,0.7896798069098718,0,1
emotions,-0.07114298554840795,0.7896798069098718,0,1
employ,-0.07114298554840795,0.7896798069098718,0,1
encapsulated,-0.07114298554840795,0.7896798069098718,0,1
endorsing,-0.07114298554840795,0.7896798069098718,0,1
endurance,-0.07114298554840795,0.7896798069098718,0,1
endures,-0.07114298554840795,0.7896798069098718,0,1
energy-efficient,-0.07114298554840795,0.7896798069098718,0,1
energy-security,-0.07114298554840795,0.7896798069098718,0,1
engender,-0.07114298554840795,0.7896798069098718,0,1
engine,-0.07114298554840795,0.7896798069098718,0,1
engines,-0.07114298554840795,0.7896798069098718,0,1
enjoyment,-0.07114298554840795,0.7896798069098718,0,1
ennoble,-0.07114298554840795,0.7896798069098718,0,1
enquiry,-0.07114298554840795,0.7896798069098718,0,1
ensued,-0.07114298554840795,0.7896798069098718,0,1
entailed,-0.07114298554840795,0.7896798069098718,0,1
entails,-0.07114298554840795,0.7896798069098718,0,1
entrenched,-0.07114298554840795,0.7896798069098718,0,1
erect,-0.07114298554840795,0.7896798069098718,0,1
erstwhile,-0.07114298554840795,0.7896798069098718,0,1
erupted,-0.07114298554840795,0.7896798069098718,0,1
escaping,-0.07114298554840795,0.7896798069098718,0,1
espousing,-0.07114298554840795,0.7896798069098718,0,1
establishes,-0.07114298554840795,0.7896798069098718,0,1
ethical,-0.07114298554840795,0.7896798069098718,0,1
evaluate,-0.07114298554840795,0.7896798069098718,0,1
evaluated,-0.07114298554840795,0.7896798069098718,0,1
ever-clearer,-0.07114298554840795,0.7896798069098718,0,1
ever-evolving,-0.07114298554840795,0.7896798069098718,0,1
ever-expanding,-0.07114298554840795,0.7896798069098718,0,1
ever-greater,-0.07114298554840795,0.7896798069098718,0,1
ever-mounting,-0.07114298554840795,0.7896798069098718,0,1
exaggerated,-0.07114298554840795,0.7896798069098718,0,1
excessively,-0.07114298554840795,0.7896798069098718,0,1
exchanging,-0.07114298554840795,0.7896798069098718,0,1
exciting,-0.07114298554840795,0.7896798069098718,0,1
exemplify,-0.07114298554840795,0.7896798069098718,0,1
exempts,-0.07114298554840795,0.7896798069098718,0,1
exhortations,-0.07114298554840795,0.7896798069098718,0,1
expansions,-0.07114298554840795,0.7896798069098718,0,1
expansive,-0.07114298554840795,0.7896798069098718,0,1
expeditiously,-0.07114298554840795,0.7896798069098718,0,1
expiry,-0.07114298554840795,0.7896798069098718,0,1
exponential,-0.07114298554840795,0.7896798069098718,0,1
extinguishing,-0.07114298554840795,0.7896798069098718,0,1
extracting,-0.07114298554840795,0.7896798069098718,0,1
ezeani's,-0.07114298554840795,0.7896798069098718,0,1
facilitative,-0.07114298554840795,0.7896798069098718,0,1
faithful,-0.07114298554840795,0.7896798069098718,0,1
faithfully,-0.07114298554840795,0.7896798069098718,0,1
fallow,-0.07114298554840795,0.7896798069098718,0,1
fanning,-0.07114298554840795,0.7896798069098718,0,1
farewell,-0.07114298554840795,0.7896798069098718,0,1
fast-growing,-0.07114298554840795,0.7896798069098718,0,1
favoured,-0.07114298554840795,0.7896798069098718,0,1
favours,-0.07114298554840795,0.7896798069098718,0,1
feedback,-0.07114298554840795,0.7896798069098718,0,1
ferocity,-0.07114298554840795,0.7896798069098718,0,1
fewer,-0.07114298554840795,0.7896798069098718,0,1
fewest,-0.07114298554840795,0.7896798069098718,0,1
files,-0.07114298554840795,0.7896798069098718,0,1
finger-pointing,-0.07114298554840795,0.7896798069098718,0,1
first-even,-0.07114298554840795,0.7896798069098718,0,1
fiscal,-0.07114298554840795,0.7896798069098718,0,1
fisherfolk,-0.07114298554840795,0.7896798069098718,0,1
fissures,-0.07114298554840795,0.7896798069098718,0,1
fit,-0.07114298554840795,0.7896798069098718,0,1
fix,-0.07114298554840795,0.7896798069098718,0,1
fixation,-0.07114298554840795,0.7896798069098718,0,1
flaw,-0.07114298554840795,0.7896798069098718,0,1
floodgates,-0.07114298554840795,0.7896798069098718,0,1
fluctuate,-0.07114298554840795,0.7896798069098718,0,1
fluid,-0.07114298554840795,0.7896798069098718,0,1
follow-through,-0.07114298554840795,0.7896798069098718,0,1
food-supply,-0.07114298554840795,0.7896798069098718,0,1
foodstuff,-0.07114298554840795,0.7896798069098718,0,1
foregone,-0.07114298554840795,0.7896798069098718,0,1
foreign-exchange,-0.07114298554840795,0.7896798069098718,0,1
forestry,-0.07114298554840795,0.7896798069098718,0,1
forged,-0.07114298554840795,0.7896798069098718,0,1
formats,-0.07114298554840795,0.7896798069098718,0,1
forming,-0.07114298554840795,0.7896798069098718,0,1
forthwith,-0.07114298554840795,0.7896798069098718,0,1
fortnight,-0.07114298554840795,0.7896798069098718,0,1
fortune,-0.07114298554840795,0.7896798069098718,0,1
fracturing,-0.07114298554840795,0.7896798069098718,0,1
fragmentation,-0.07114298554840795,0.7896798069098718,0,1
framing,-0.07114298554840795,0.7896798069098718,0,1
fraught,-0.07114298554840795,0.7896798069098718,0,1
freezes,-0.07114298554840795,0.7896798069098718,0,1
fright,-0.07114298554840795,0.7896798069098718,0,1
frigid,-0.07114298554840795,0.7896798069098718,0,1
frontiers,-0.07114298554840795,0.7896798069098718,0,1
frontline,-0.07114298554840795,0.7896798069098718,0,1
fruition,-0.07114298554840795,0.7896798069098718,0,1
fulfilment,-0.07114298554840795,0.7896798069098718,0,1
gallant,-0.07114298554840795,0.7896798069098718,0,1
gangway,-0.07114298554840795,0.7896798069098718,0,1
gap,-0.07114298554840795,0.7896798069098718,0,1
gard,-0.07114298554840795,0.7896798069098718,0,1
garnered,-0.07114298554840795,0.7896798069098718,0,1
gavel,-0.07114298554840795,0.7896798069098718,0,1
gaze,-0.07114298554840795,0.7896798069098718,0,1
gazetting,-0.07114298554840795,0.7896798069098718,0,1
gc,-0.07114298554840795,0.7896798069098718,0,1
gender-centred,-0.07114298554840795,0.7896798069098718,0,1
gender-related,-0.07114298554840795,0.7896798069098718,0,1
generates,-0.07114298554840795,0.7896798069098718,0,1
generation's,-0.07114298554840795,0.7896798069098718,0,1
generational,-0.07114298554840795,0.7896798069098718,0,1
geopolitics,-0.07114298554840795,0.7896798069098718,0,1
gerald,-0.07114298554840795,0.7896798069098718,0,1
ghanaians,-0.07114298554840795,0.7896798069098718,0,1
gillian,-0.07114298554840795,0.7896798069098718,0,1
glimmers,-0.07114298554840795,0.7896798069098718,0,1
globalized,-0.07114298554840795,0.7896798069098718,0,1
gloom,-0.07114298554840795,0.7896798069098718,0,1
gloomy,-0.07114298554840795,0.7896798069098718,0,1
glue,-0.07114298554840795,0.7896798069098718,0,1
goalposts,-0.07114298554840795,0.7896798069098718,0,1
good-offices,-0.07114298554840795,0.7896798069098718,0,1
gotten,-0.07114298554840795,0.7896798069098718,0,1
gradual,-0.07114298554840795,0.7896798069098718,0,1
grain-loading,-0.07114298554840795,0.7896798069098718,0,1
grand,-0.07114298554840795,0.7896798069098718,0,1
grapple,-0.07114298554840795,0.7896798069098718,0,1
great-power,-0.07114298554840795,0.7896798069098718,0,1
greiff,-0.07114298554840795,0.7896798069098718,0,1
grievance,-0.07114298554840795,0.7896798069098718,0,1
grind,-0.07114298554840795,0.7896798069098718,0,1
grinds,-0.07114298554840795,0.7896798069098718,0,1
grossi's,-0.07114298554840795,0.7896798069098718,0,1
group's,-0.07114298554840795,0.7896798069098718,0,1
guarantors,-0.07114298554840795,0.7896798069098718,0,1
guernica,-0.07114298554840795,0.7896798069098718,0,1
gulf,-0.07114298554840795,0.7896798069098718,0,1
gunpowder,-0.07114298554840795,0.7896798069098718,0,1
guyana,-0.07114298554840795,0.7896798069098718,0,1
h,-0.07114298554840795,0.7896798069098718,0,1
haitian,-0.07114298554840795,0.7896798069098718,0,1
hall,-0.07114298554840795,0.7896798069098718,0,1
halted,-0.07114298554840795,0.7896798069098718,0,1
hammer,-0.07114298554840795,0.7896798069098718,0,1
handedness,-0.07114298554840795,0.7896798069098718,0,1
handicap,-0.07114298554840795,0.7896798069098718,0,1
handle,-0.07114298554840795,0.7896798069098718,0,1
handling,-0.07114298554840795,0.7896798069098718,0,1
hank,-0.07114298554840795,0.7896798069098718,0,1
happenings,-0.07114298554840795,0.7896798069098718,0,1
harassment,-0.07114298554840795,0.7896798069098718,0,1
hard-hit,-0.07114298554840795,0.7896798069098718,0,1
harmony,-0.07114298554840795,0.7896798069098718,0,1
harness,-0.07114298554840795,0.7896798069098718,0,1
harnessed,-0.07114298554840795,0.7896798069098718,0,1
harshest,-0.07114298554840795,0.7896798069098718,0,1
harshness,-0.07114298554840795,0.7896798069098718,0,1
hasty,-0.07114298554840795,0.7896798069098718,0,1
haul,-0.07114298554840795,0.7896798069098718,0,1
hauls,-0.07114298554840795,0.7896798069098718,0,1
heartened,-0.07114298554840795,0.7896798069098718,0,1
heartening,-0.07114298554840795,0.7896798069098718,0,1
heartstrings,-0.07114298554840795,0.7896798069098718,0,1
hefty,-0.07114298554840795,0.7896798069098718,0,1
hegemonies,-0.07114298554840795,0.7896798069098718,0,1
hegemonism,-0.07114298554840795,0.7896798069098718,0,1
heights,-0.07114298554840795,0.7896798069098718,0,1
helplessly,-0.07114298554840795,0.7896798069098718,0,1
herculean,-0.07114298554840795,0.7896798069098718,0,1
high-density,-0.07114298554840795,0.7896798069098718,0,1
high-income,-0.07114298554840795,0.7896798069098718,0,1
hinders,-0.07114298554840795,0.7896798069098718,0,1
historians,-0.07114298554840795,0.7896798069098718,0,1
history-changing,-0.07114298554840795,0.7896798069098718,0,1
holbrooke,-0.07114298554840795,0.7896798069098718,0,1
holguín,-0.07114298554840795,0.7896798069098718,0,1
holiness,-0.07114298554840795,0.7896798069098718,0,1
hotbeds,-0.07114298554840795,0.7896798069098718,0,1
https,-0.07114298554840795,0.7896798069098718,0,1
hu,-0.07114298554840795,0.7896798069098718,0,1
hui,-0.07114298554840795,0.7896798069098718,0,1
human-made,-0.07114298554840795,0.7896798069098718,0,1
humani,-0.07114298554840795,0.7896798069098718,0,1
humanitarian-inspired,-0.07114298554840795,0.7896798069098718,0,1
humanitarianandlivelihoodassistance,-0.07114298554840795,0.7896798069098718,0,1
humble,-0.07114298554840795,0.7896798069098718,0,1
humbly,-0.07114298554840795,0.7896798069098718,0,1
hurdle,-0.07114298554840795,0.7896798069098718,0,1
hydro,-0.07114298554840795,0.7896798069098718,0,1
hygiene-related,-0.07114298554840795,0.7896798069098718,0,1
ideally,-0.07114298554840795,0.7896798069098718,0,1
ideologies,-0.07114298554840795,0.7896798069098718,0,1
ignite,-0.07114298554840795,0.7896798069098718,0,1
illnesses,-0.07114298554840795,0.7896798069098718,0,1
illusory,-0.07114298554840795,0.7896798069098718,0,1
illustrating,-0.07114298554840795,0.7896798069098718,0,1
imaginative,-0.07114298554840795,0.7896798069098718,0,1
imbalances,-0.07114298554840795,0.7896798069098718,0,1
imminently,-0.07114298554840795,0.7896798069098718,0,1
immiseration,-0.07114298554840795,0.7896798069098718,0,1
immunization,-0.07114298554840795,0.7896798069098718,0,1
immunizations,-0.07114298554840795,0.7896798069098718,0,1
immutable,-0.07114298554840795,0.7896798069098718,0,1
impactful,-0.07114298554840795,0.7896798069098718,0,1
impair,-0.07114298554840795,0.7896798069098718,0,1
impairs,-0.07114298554840795,0.7896798069098718,0,1
impel,-0.07114298554840795,0.7896798069098718,0,1
imperils,-0.07114298554840795,0.7896798069098718,0,1
impermissible,-0.07114298554840795,0.7896798069098718,0,1
impetus,-0.07114298554840795,0.7896798069098718,0,1
implantation,-0.07114298554840795,0.7896798069098718,0,1
implicate,-0.07114298554840795,0.7896798069098718,0,1
implied,-0.07114298554840795,0.7896798069098718,0,1
imposes,-0.07114298554840795,0.7896798069098718,0,1
impossibility,-0.07114298554840795,0.7896798069098718,0,1
impoverishment,-0.07114298554840795,0.7896798069098718,0,1
improvements,-0.07114298554840795,0.7896798069098718,0,1
impulse,-0.07114298554840795,0.7896798069098718,0,1
inarguable,-0.07114298554840795,0.7896798069098718,0,1
inauguration,-0.07114298554840795,0.7896798069098718,0,1
incapacity,-0.07114298554840795,0.7896798069098718,0,1
incentives,-0.07114298554840795,0.7896798069098718,0,1
incessantly,-0.07114298554840795,0.7896798069098718,0,1
inch,-0.07114298554840795,0.7896798069098718,0,1
inclement,-0.07114298554840795,0.7896798069098718,0,1
inclusively,-0.07114298554840795,0.7896798069098718,0,1
incoherent,-0.07114298554840795,0.7896798069098718,0,1
incomprehensibly,-0.07114298554840795,0.7896798069098718,0,1
inconceivable,-0.07114298554840795,0.7896798069098718,0,1
incremental,-0.07114298554840795,0.7896798069098718,0,1
incurred,-0.07114298554840795,0.7896798069098718,0,1
incursion,-0.07114298554840795,0.7896798069098718,0,1
indecent,-0.07114298554840795,0.7896798069098718,0,1
indelible,-0.07114298554840795,0.7896798069098718,0,1
indexes,-0.07114298554840795,0.7896798069098718,0,1
indifferently,-0.07114298554840795,0.7896798069098718,0,1
indignities,-0.07114298554840795,0.7896798069098718,0,1
indivisibility,-0.07114298554840795,0.7896798069098718,0,1
inequalities,-0.07114298554840795,0.7896798069098718,0,1
infamously,-0.07114298554840795,0.7896798069098718,0,1
infant,-0.07114298554840795,0.7896798069098718,0,1
infiltration,-0.07114298554840795,0.7896798069098718,0,1
inflammatory,-0.07114298554840795,0.7896798069098718,0,1
information-sharing,-0.07114298554840795,0.7896798069098718,0,1
informs,-0.07114298554840795,0.7896798069098718,0,1
inherently,-0.07114298554840795,0.7896798069098718,0,1
inhumanely,-0.07114298554840795,0.7896798069098718,0,1
initiating,-0.07114298554840795,0.7896798069098718,0,1
injecting,-0.07114298554840795,0.7896798069098718,0,1
innumerable,-0.07114298554840795,0.7896798069098718,0,1
inroads,-0.07114298554840795,0.7896798069098718,0,1
insistently,-0.07114298554840795,0.7896798069098718,0,1
instrumentalized,-0.07114298554840795,0.7896798069098718,0,1
insulated,-0.07114298554840795,0.7896798069098718,0,1
insults,-0.07114298554840795,0.7896798069098718,0,1
insur,-0.07114298554840795,0.7896798069098718,0,1
insurmountable,-0.07114298554840795,0.7896798069098718,0,1
intact,-0.07114298554840795,0.7896798069098718,0,1
inten,-0.07114298554840795,0.7896798069098718,0,1
inter-american,-0.07114298554840795,0.7896798069098718,0,1
interacted,-0.07114298554840795,0.7896798069098718,0,1
interactions,-0.07114298554840795,0.7896798069098718,0,1
interconnectedness,-0.07114298554840795,0.7896798069098718,0,1
interestingly,-0.07114298554840795,0.7896798069098718,0,1
intermediation,-0.07114298554840795,0.7896798069098718,0,1
internation,-0.07114298554840795,0.7896798069098718,0,1
international-humanitarian-law,-0.07114298554840795,0.7896798069098718,0,1
interpol,-0.07114298554840795,0.7896798069098718,0,1
interpreters,-0.07114298554840795,0.7896798069098718,0,1
interruptions,-0.07114298554840795,0.7896798069098718,0,1
intertwined,-0.07114298554840795,0.7896798069098718,0,1
intervened,-0.07114298554840795,0.7896798069098718,0,1
intimately,-0.07114298554840795,0.7896798069098718,0,1
intra,-0.07114298554840795,0.7896798069098718,0,1
introduce,-0.07114298554840795,0.7896798069098718,0,1
introductory,-0.07114298554840795,0.7896798069098718,0,1
intuitive,-0.07114298554840795,0.7896798069098718,0,1
inured,-0.07114298554840795,0.7896798069098718,0,1
invasions,-0.07114298554840795,0.7896798069098718,0,1
invectives,-0.07114298554840795,0.7896798069098718,0,1
inventiveness,-0.07114298554840795,0.7896798069098718,0,1
investigatory,-0.07114298554840795,0.7896798069098718,0,1
investors,-0.07114298554840795,0.7896798069098718,0,1
invigorating,-0.07114298554840795,0.7896798069098718,0,1
irrationality,-0.07114298554840795,0.7896798069098718,0,1
irregular,-0.07114298554840795,0.7896798069098718,0,1
irrelevance,-0.07114298554840795,0.7896798069098718,0,1
irreparability,-0.07114298554840795,0.7896798069098718,0,1
irreplaceable,-0.07114298554840795,0.7896798069098718,0,1
islamic,-0.07114298554840795,0.7896798069098718,0,1
isolate,-0.07114298554840795,0.7896798069098718,0,1
israeli-palestinian,-0.07114298554840795,0.7896798069098718,0,1
itemizing,-0.07114298554840795,0.7896798069098718,0,1
ity,-0.07114298554840795,0.7896798069098718,0,1
izium,-0.07114298554840795,0.7896798069098718,0,1
january's,-0.07114298554840795,0.7896798069098718,0,1
joe,-0.07114298554840795,0.7896798069098718,0,1
jurisprudence,-0.07114298554840795,0.7896798069098718,0,1
just-concluded,-0.07114298554840795,0.7896798069098718,0,1
justice-upholding,-0.07114298554840795,0.7896798069098718,0,1
juxtaposed,-0.07114298554840795,0.7896798069098718,0,1
kehris's,-0.07114298554840795,0.7896798069098718,0,1
kinder,-0.07114298554840795,0.7896798069098718,0,1
kubrosli,-0.07114298554840795,0.7896798069098718,0,1
kurakhove,-0.07114298554840795,0.7896798069098718,0,1
kyslytsya,-0.07114298554840795,0.7896798069098718,0,1
landing,-0.07114298554840795,0.7896798069098718,0,1
lapses,-0.07114298554840795,0.7896798069098718,0,1
laptops,-0.07114298554840795,0.7896798069098718,0,1
lauded,-0.07114298554840795,0.7896798069098718,0,1
lays,-0.07114298554840795,0.7896798069098718,0,1
leaderships,-0.07114298554840795,0.7896798069098718,0,1
leat,-0.07114298554840795,0.7896798069098718,0,1
legacies,-0.07114298554840795,0.7896798069098718,0,1
leone,-0.07114298554840795,0.7896798069098718,0,1
lessening,-0.07114298554840795,0.7896798069098718,0,1
li,-0.07114298554840795,0.7896798069098718,0,1
libyan,-0.07114298554840795,0.7896798069098718,0,1
life-threatening,-0.07114298554840795,0.7896798069098718,0,1
limitation,-0.07114298554840795,0.7896798069098718,0,1
linger,-0.07114298554840795,0.7896798069098718,0,1
liquid,-0.07114298554840795,0.7896798069098718,0,1
literacy,-0.07114298554840795,0.7896798069098718,0,1
littered,-0.07114298554840795,0.7896798069098718,0,1
localized,-0.07114298554840795,0.7896798069098718,0,1
long-outdated,-0.07114298554840795,0.7896798069098718,0,1
long-range-weapon,-0.07114298554840795,0.7896798069098718,0,1
longer-lasting,-0.07114298554840795,0.7896798069098718,0,1
longevity,-0.07114298554840795,0.7896798069098718,0,1
loosed,-0.07114298554840795,0.7896798069098718,0,1
lull,-0.07114298554840795,0.7896798069098718,0,1
lópez,-0.07114298554840795,0.7896798069098718,0,1
macky,-0.07114298554840795,0.7896798069098718,0,1
maelstrom,-0.07114298554840795,0.7896798069098718,0,1
mafia,-0.07114298554840795,0.7896798069098718,0,1
mafia-style,-0.07114298554840795,0.7896798069098718,0,1
magnify,-0.07114298554840795,0.7896798069098718,0,1
magnifying,-0.07114298554840795,0.7896798069098718,0,1
mainstream,-0.07114298554840795,0.7896798069098718,0,1
maldonado,-0.07114298554840795,0.7896798069098718,0,1
malign,-0.07114298554840795,0.7896798069098718,0,1
managing,-0.07114298554840795,0.7896798069098718,0,1
manifests,-0.07114298554840795,0.7896798069098718,0,1
manitarian,-0.07114298554840795,0.7896798069098718,0,1
manoeuvres,-0.07114298554840795,0.7896798069098718,0,1
margins,-0.07114298554840795,0.7896798069098718,0,1
mariam,-0.07114298554840795,0.7896798069098718,0,1
marinka,-0.07114298554840795,0.7896798069098718,0,1
marketplaces,-0.07114298554840795,0.7896798069098718,0,1
marred,-0.07114298554840795,0.7896798069098718,0,1
masses,-0.07114298554840795,0.7896798069098718,0,1
matched,-0.07114298554840795,0.7896798069098718,0,1
matching,-0.07114298554840795,0.7896798069098718,0,1
maximal,-0.07114298554840795,0.7896798069098718,0,1
measles,-0.07114298554840795,0.7896798069098718,0,1
mediator,-0.07114298554840795,0.7896798069098718,0,1
mediators,-0.07114298554840795,0.7896798069098718,0,1
medication,-0.07114298554840795,0.7896798069098718,0,1
medium-sized,-0.07114298554840795,0.7896798069098718,0,1
meltdown,-0.07114298554840795,0.7896798069098718,0,1
memorial,-0.07114298554840795,0.7896798069098718,0,1
mend,-0.07114298554840795,0.7896798069098718,0,1
metallurgical,-0.07114298554840795,0.7896798069098718,0,1
miasma,-0.07114298554840795,0.7896798069098718,0,1
mid-afternoon,-0.07114298554840795,0.7896798069098718,0,1
militaristic,-0.07114298554840795,0.7896798069098718,0,1
military-political,-0.07114298554840795,0.7896798069098718,0,1
mine-related,-0.07114298554840795,0.7896798069098718,0,1
minimal,-0.07114298554840795,0.7896798069098718,0,1
minimized,-0.07114298554840795,0.7896798069098718,0,1
mired,-0.07114298554840795,0.7896798069098718,0,1
misconduct,-0.07114298554840795,0.7896798069098718,0,1
misconstrued,-0.07114298554840795,0.7896798069098718,0,1
misinterpretations,-0.07114298554840795,0.7896798069098718,0,1
misjudgements,-0.07114298554840795,0.7896798069098718,0,1
mistreated,-0.07114298554840795,0.7896798069098718,0,1
mitigated,-0.07114298554840795,0.7896798069098718,0,1
mitigates,-0.07114298554840795,0.7896798069098718,0,1
mix,-0.07114298554840795,0.7896798069098718,0,1
modality,-0.07114298554840795,0.7896798069098718,0,1
moderating,-0.07114298554840795,0.7896798069098718,0,1
modi,-0.07114298554840795,0.7896798069098718,0,1
monopolized,-0.07114298554840795,0.7896798069098718,0,1
month-long,-0.07114298554840795,0.7896798069098718,0,1
most-discussed,-0.07114298554840795,0.7896798069098718,0,1
multifarious,-0.07114298554840795,0.7896798069098718,0,1
multiplication,-0.07114298554840795,0.7896798069098718,0,1
multiplicative,-0.07114298554840795,0.7896798069098718,0,1
multisectoral,-0.07114298554840795,0.7896798069098718,0,1
municipal,-0.07114298554840795,0.7896798069098718,0,1
mural,-0.07114298554840795,0.7896798069098718,0,1
n-éirí,-0.07114298554840795,0.7896798069098718,0,1
narendra,-0.07114298554840795,0.7896798069098718,0,1
narrowing,-0.07114298554840795,0.7896798069098718,0,1
nations-centred,-0.07114298554840795,0.7896798069098718,0,1
nations-facilitated,-0.07114298554840795,0.7896798069098718,0,1
near-limitless,-0.07114298554840795,0.7896798069098718,0,1
near-paralysis,-0.07114298554840795,0.7896798069098718,0,1
needing,-0.07114298554840795,0.7896798069098718,0,1
neighbourliness,-0.07114298554840795,0.7896798069098718,0,1
non-elected,-0.07114298554840795,0.7896798069098718,0,1
non-food,-0.07114298554840795,0.7896798069098718,0,1
non-international,-0.07114298554840795,0.7896798069098718,0,1
non-nuclear-weapon,-0.07114298554840795,0.7896798069098718,0,1
non-permanent,-0.07114298554840795,0.7896798069098718,0,1
non-politicization,-0.07114298554840795,0.7896798069098718,0,1
non-refoulement,-0.07114298554840795,0.7896798069098718,0,1
non-renewal,-0.07114298554840795,0.7896798069098718,0,1
non-starters,-0.07114298554840795,0.7896798069098718,0,1
non-state,-0.07114298554840795,0.7896798069098718,0,1
non-tariff,-0.07114298554840795,0.7896798069098718,0,1
normalization,-0.07114298554840795,0.7896798069098718,0,1
noticeable,-0.07114298554840795,0.7896798069098718,0,1
noticed,-0.07114298554840795,0.7896798069098718,0,1
nuclear-armed,-0.07114298554840795,0.7896798069098718,0,1
nuclear-security,-0.07114298554840795,0.7896798069098718,0,1
nuclearization,-0.07114298554840795,0.7896798069098718,0,1
nuclearized,-0.07114298554840795,0.7896798069098718,0,1
nullify,-0.07114298554840795,0.7896798069098718,0,1
numbered,-0.07114298554840795,0.7896798069098718,0,1
nutritional,-0.07114298554840795,0.7896798069098718,0,1
obligated,-0.07114298554840795,0.7896798069098718,0,1
obrador,-0.07114298554840795,0.7896798069098718,0,1
observance,-0.07114298554840795,0.7896798069098718,0,1
obsessing,-0.07114298554840795,0.7896798069098718,0,1
occurrences,-0.07114298554840795,0.7896798069098718,0,1
offending,-0.07114298554840795,0.7896798069098718,0,1
olaf,-0.07114298554840795,0.7896798069098718,0,1
on-the-ground,-0.07114298554840795,0.7896798069098718,0,1
once-fertile,-0.07114298554840795,0.7896798069098718,0,1
ondo,-0.07114298554840795,0.7896798069098718,0,1
one-way,-0.07114298554840795,0.7896798069098718,0,1
operationalize,-0.07114298554840795,0.7896798069098718,0,1
opt,-0.07114298554840795,0.7896798069098718,0,1
optimally,-0.07114298554840795,0.7896798069098718,0,1
ordeals,-0.07114298554840795,0.7896798069098718,0,1
org,-0.07114298554840795,0.7896798069098718,0,1
organizes,-0.07114298554840795,0.7896798069098718,0,1
oriented,-0.07114298554840795,0.7896798069098718,0,1
outlaw,-0.07114298554840795,0.7896798069098718,0,1
outlaws,-0.07114298554840795,0.7896798069098718,0,1
outlining,-0.07114298554840795,0.7896798069098718,0,1
outlived,-0.07114298554840795,0.7896798069098718,0,1
outpost,-0.07114298554840795,0.7896798069098718,0,1
outskirts,-0.07114298554840795,0.7896798069098718,0,1
overestimate,-0.07114298554840795,0.7896798069098718,0,1
overstress,-0.07114298554840795,0.7896798069098718,0,1
overtaken,-0.07114298554840795,0.7896798069098718,0,1
overthrew,-0.07114298554840795,0.7896798069098718,0,1
overturned,-0.07114298554840795,0.7896798069098718,0,1
owo,-0.07114298554840795,0.7896798069098718,0,1
pablo,-0.07114298554840795,0.7896798069098718,0,1
pacifist,-0.07114298554840795,0.7896798069098718,0,1
paedophile,-0.07114298554840795,0.7896798069098718,0,1
paints,-0.07114298554840795,0.7896798069098718,0,1
palestinian,-0.07114298554840795,0.7896798069098718,0,1
palpable,-0.07114298554840795,0.7896798069098718,0,1
pandemic-induced,-0.07114298554840795,0.7896798069098718,0,1
pandemic-related,-0.07114298554840795,0.7896798069098718,0,1
pangs,-0.07114298554840795,0.7896798069098718,0,1
paragraphs,-0.07114298554840795,0.7896798069098718,0,1
parochial,-0.07114298554840795,0.7896798069098718,0,1
participant,-0.07114298554840795,0.7896798069098718,0,1
partnering,-0.07114298554840795,0.7896798069098718,0,1
pastoralists,-0.07114298554840795,0.7896798069098718,0,1
peer,-0.07114298554840795,0.7896798069098718,0,1
peer-bonding,-0.07114298554840795,0.7896798069098718,0,1
people-centred,-0.07114298554840795,0.7896798069098718,0,1
perceptions,-0.07114298554840795,0.7896798069098718,0,1
performed,-0.07114298554840795,0.7896798069098718,0,1
periodic,-0.07114298554840795,0.7896798069098718,0,1
permeating,-0.07114298554840795,0.7896798069098718,0,1
permits,-0.07114298554840795,0.7896798069098718,0,1
perpetuated,-0.07114298554840795,0.7896798069098718,0,1
perpetuation,-0.07114298554840795,0.7896798069098718,0,1
perplexed,-0.07114298554840795,0.7896798069098718,0,1
persevering,-0.07114298554840795,0.7896798069098718,0,1
persuading,-0.07114298554840795,0.7896798069098718,0,1
persuasion,-0.07114298554840795,0.7896798069098718,0,1
pervading,-0.07114298554840795,0.7896798069098718,0,1
pessimism,-0.07114298554840795,0.7896798069098718,0,1
pesticides,-0.07114298554840795,0.7896798069098718,0,1
petty,-0.07114298554840795,0.7896798069098718,0,1
phenomena,-0.07114298554840795,0.7896798069098718,0,1
phosphates,-0.07114298554840795,0.7896798069098718,0,1
pierre,-0.07114298554840795,0.7896798069098718,0,1
pitting,-0.07114298554840795,0.7896798069098718,0,1
plane,-0.07114298554840795,0.7896798069098718,0,1
plead,-0.07114298554840795,0.7896798069098718,0,1
plights,-0.07114298554840795,0.7896798069098718,0,1
ploughshares,-0.07114298554840795,0.7896798069098718,0,1
ply,-0.07114298554840795,0.7896798069098718,0,1
poignant,-0.07114298554840795,0.7896798069098718,0,1
pointedly,-0.07114298554840795,0.7896798069098718,0,1
poisoning,-0.07114298554840795,0.7896798069098718,0,1
political-diplomatic,-0.07114298554840795,0.7896798069098718,0,1
pope,-0.07114298554840795,0.7896798069098718,0,1
portending,-0.07114298554840795,0.7896798069098718,0,1
portends,-0.07114298554840795,0.7896798069098718,0,1
portrayed,-0.07114298554840795,0.7896798069098718,0,1
positives,-0.07114298554840795,0.7896798069098718,0,1
possessions,-0.07114298554840795,0.7896798069098718,0,1
possibilities,-0.07114298554840795,0.7896798069098718,0,1
postulate,-0.07114298554840795,0.7896798069098718,0,1
postured,-0.07114298554840795,0.7896798069098718,0,1
power-supply,-0.07114298554840795,0.7896798069098718,0,1
pragmatically,-0.07114298554840795,0.7896798069098718,0,1
pragmatism,-0.07114298554840795,0.7896798069098718,0,1
precede,-0.07114298554840795,0.7896798069098718,0,1
preceding,-0.07114298554840795,0.7896798069098718,0,1
precepts,-0.07114298554840795,0.7896798069098718,0,1
precipice,-0.07114298554840795,0.7896798069098718,0,1
precise,-0.07114298554840795,0.7896798069098718,0,1
precision-guided,-0.07114298554840795,0.7896798069098718,0,1
precludes,-0.07114298554840795,0.7896798069098718,0,1
precursor,-0.07114298554840795,0.7896798069098718,0,1
predation,-0.07114298554840795,0.7896798069098718,0,1
predatory,-0.07114298554840795,0.7896798069098718,0,1
predecessor,-0.07114298554840795,0.7896798069098718,0,1
predict,-0.07114298554840795,0.7896798069098718,0,1
predictions,-0.07114298554840795,0.7896798069098718,0,1
predicts,-0.07114298554840795,0.7896798069098718,0,1
predominating,-0.07114298554840795,0.7896798069098718,0,1
prejudge,-0.07114298554840795,0.7896798069098718,0,1
prejudicial,-0.07114298554840795,0.7896798069098718,0,1
preliminarily,-0.07114298554840795,0.7896798069098718,0,1
prescribed,-0.07114298554840795,0.7896798069098718,0,1
preserves,-0.07114298554840795,0.7896798069098718,0,1
presse,-0.07114298554840795,0.7896798069098718,0,1
pressingly,-0.07114298554840795,0.7896798069098718,0,1
prestige,-0.07114298554840795,0.7896798069098718,0,1
presupposes,-0.07114298554840795,0.7896798069098718,0,1
preventable,-0.07114298554840795,0.7896798069098718,0,1
preying,-0.07114298554840795,0.7896798069098718,0,1
priced,-0.07114298554840795,0.7896798069098718,0,1
printed,-0.07114298554840795,0.7896798069098718,0,1
prioritization,-0.07114298554840795,0.7896798069098718,0,1
prism,-0.07114298554840795,0.7896798069098718,0,1
problematic,-0.07114298554840795,0.7896798069098718,0,1
production-and,-0.07114298554840795,0.7896798069098718,0,1
profiting,-0.07114298554840795,0.7896798069098718,0,1
programme-chartered,-0.07114298554840795,0.7896798069098718,0,1
progressively,-0.07114298554840795,0.7896798069098718,0,1
pronounce,-0.07114298554840795,0.7896798069098718,0,1
pronunciation,-0.07114298554840795,0.7896798069098718,0,1
propel,-0.07114298554840795,0.7896798069098718,0,1
propeller,-0.07114298554840795,0.7896798069098718,0,1
propensity,-0.07114298554840795,0.7896798069098718,0,1
proponent,-0.07114298554840795,0.7896798069098718,0,1
proponents,-0.07114298554840795,0.7896798069098718,0,1
propositions,-0.07114298554840795,0.7896798069098718,0,1
proscription,-0.07114298554840795,0.7896798069098718,0,1
prostitution,-0.07114298554840795,0.7896798069098718,0,1
proudly,-0.07114298554840795,0.7896798069098718,0,1
province,-0.07114298554840795,0.7896798069098718,0,1
provinces,-0.07114298554840795,0.7896798069098718,0,1
prowess,-0.07114298554840795,0.7896798069098718,0,1
pseudoscientific,-0.07114298554840795,0.7896798069098718,0,1
public's,-0.07114298554840795,0.7896798069098718,0,1
pumping,-0.07114298554840795,0.7896798069098718,0,1
purification,-0.07114298554840795,0.7896798069098718,0,1
purposeful,-0.07114298554840795,0.7896798069098718,0,1
pursed,-0.07114298554840795,0.7896798069098718,0,1
purveyors,-0.07114298554840795,0.7896798069098718,0,1
pushback,-0.07114298554840795,0.7896798069098718,0,1
quadripartite,-0.07114298554840795,0.7896798069098718,0,1
quantities,-0.07114298554840795,0.7896798069098718,0,1
quilts,-0.07114298554840795,0.7896798069098718,0,1
quito,-0.07114298554840795,0.7896798069098718,0,1
races,-0.07114298554840795,0.7896798069098718,0,1
rallied,-0.07114298554840795,0.7896798069098718,0,1
ramaphosa,-0.07114298554840795,0.7896798069098718,0,1
ramped,-0.07114298554840795,0.7896798069098718,0,1
rank-and-file,-0.07114298554840795,0.7896798069098718,0,1
ratifying,-0.07114298554840795,0.7896798069098718,0,1
rationalize,-0.07114298554840795,0.7896798069098718,0,1
rattle,-0.07114298554840795,0.7896798069098718,0,1
ravaged,-0.07114298554840795,0.7896798069098718,0,1
re-echo,-0.07114298554840795,0.7896798069098718,0,1
re-emergence,-0.07114298554840795,0.7896798069098718,0,1
re-emphasized,-0.07114298554840795,0.7896798069098718,0,1
re-enacted,-0.07114298554840795,0.7896798069098718,0,1
re-established,-0.07114298554840795,0.7896798069098718,0,1
reactor's,-0.07114298554840795,0.7896798069098718,0,1
readout,-0.07114298554840795,0.7896798069098718,0,1
ready-made,-0.07114298554840795,0.7896798069098718,0,1
realistically,-0.07114298554840795,0.7896798069098718,0,1
reasonableness,-0.07114298554840795,0.7896798069098718,0,1
reassurances,-0.07114298554840795,0.7896798069098718,0,1
rebound,-0.07114298554840795,0.7896798069098718,0,1
recede,-0.07114298554840795,0.7896798069098718,0,1
recep,-0.07114298554840795,0.7896798069098718,0,1
recommends,-0.07114298554840795,0.7896798069098718,0,1
recommitment,-0.07114298554840795,0.7896798069098718,0,1
reconciling,-0.07114298554840795,0.7896798069098718,0,1
record-high,-0.07114298554840795,0.7896798069098718,0,1
recreated,-0.07114298554840795,0.7896798069098718,0,1
rededication,-0.07114298554840795,0.7896798069098718,0,1
redeploy,-0.07114298554840795,0.7896798069098718,0,1
redirecting,-0.07114298554840795,0.7896798069098718,0,1
reductions,-0.07114298554840795,0.7896798069098718,0,1
refining,-0.07114298554840795,0.7896798069098718,0,1
reflective,-0.07114298554840795,0.7896798069098718,0,1
refugee-hosting,-0.07114298554840795,0.7896798069098718,0,1
refugee-receiving,-0.07114298554840795,0.7896798069098718,0,1
refusal,-0.07114298554840795,0.7896798069098718,0,1
regulates,-0.07114298554840795,0.7896798069098718,0,1
regulating,-0.07114298554840795,0.7896798069098718,0,1
relapse,-0.07114298554840795,0.7896798069098718,0,1
relate,-0.07114298554840795,0.7896798069098718,0,1
relates,-0.07114298554840795,0.7896798069098718,0,1
relatively,-0.07114298554840795,0.7896798069098718,0,1
releasing,-0.07114298554840795,0.7896798069098718,0,1
relented,-0.07114298554840795,0.7896798069098718,0,1
religions,-0.07114298554840795,0.7896798069098718,0,1
relinquish,-0.07114298554840795,0.7896798069098718,0,1
remote-controlled,-0.07114298554840795,0.7896798069098718,0,1
remote-guidance,-0.07114298554840795,0.7896798069098718,0,1
renunciation,-0.07114298554840795,0.7896798069098718,0,1
replete,-0.07114298554840795,0.7896798069098718,0,1
representative's,-0.07114298554840795,0.7896798069098718,0,1
reprieve,-0.07114298554840795,0.7896798069098718,0,1
repudiate,-0.07114298554840795,0.7896798069098718,0,1
repudiated,-0.07114298554840795,0.7896798069098718,0,1
requisite,-0.07114298554840795,0.7896798069098718,0,1
rescheduled,-0.07114298554840795,0.7896798069098718,0,1
reservation,-0.07114298554840795,0.7896798069098718,0,1
resettle,-0.07114298554840795,0.7896798069098718,0,1
resettling,-0.07114298554840795,0.7896798069098718,0,1
reshaping,-0.07114298554840795,0.7896798069098718,0,1
residency,-0.07114298554840795,0.7896798069098718,0,1
resolution's,-0.07114298554840795,0.7896798069098718,0,1
resource,-0.07114298554840795,0.7896798069098718,0,1
resource-driven,-0.07114298554840795,0.7896798069098718,0,1
responsibil,-0.07114298554840795,0.7896798069098718,0,1
responsiveness,-0.07114298554840795,0.7896798069098718,0,1
restart,-0.07114298554840795,0.7896798069098718,0,1
restate,-0.07114298554840795,0.7896798069098718,0,1
restates,-0.07114298554840795,0.7896798069098718,0,1
restless,-0.07114298554840795,0.7896798069098718,0,1
restorative,-0.07114298554840795,0.7896798069098718,0,1
restriction,-0.07114298554840795,0.7896798069098718,0,1
restructuring,-0.07114298554840795,0.7896798069098718,0,1
returnees,-0.07114298554840795,0.7896798069098718,0,1
reverberated,-0.07114298554840795,0.7896798069098718,0,1
revert,-0.07114298554840795,0.7896798069098718,0,1
revisions,-0.07114298554840795,0.7896798069098718,0,1
revitalization,-0.07114298554840795,0.7896798069098718,0,1
revives,-0.07114298554840795,0.7896798069098718,0,1
reviving,-0.07114298554840795,0.7896798069098718,0,1
rhythm,-0.07114298554840795,0.7896798069098718,0,1
rice,-0.07114298554840795,0.7896798069098718,0,1
richard,-0.07114298554840795,0.7896798069098718,0,1
rid,-0.07114298554840795,0.7896798069098718,0,1
rifts,-0.07114298554840795,0.7896798069098718,0,1
rippling,-0.07114298554840795,0.7896798069098718,0,1
risked,-0.07114298554840795,0.7896798069098718,0,1
riskier,-0.07114298554840795,0.7896798069098718,0,1
risky,-0.07114298554840795,0.7896798069098718,0,1
robustly,-0.07114298554840795,0.7896798069098718,0,1
rock,-0.07114298554840795,0.7896798069098718,0,1
roll-out,-0.07114298554840795,0.7896798069098718,0,1
rollover,-0.07114298554840795,0.7896798069098718,0,1
romanian,-0.07114298554840795,0.7896798069098718,0,1
rostrum,-0.07114298554840795,0.7896798069098718,0,1
russell,-0.07114298554840795,0.7896798069098718,0,1
russiatoimmediatelyde-escalate,-0.07114298554840795,0.7896798069098718,0,1
russophobic,-0.07114298554840795,0.7896798069098718,0,1
ruto,-0.07114298554840795,0.7896798069098718,0,1
safest,-0.07114298554840795,0.7896798069098718,0,1
sall,-0.07114298554840795,0.7896798069098718,0,1
saluting,-0.07114298554840795,0.7896798069098718,0,1
sanitary,-0.07114298554840795,0.7896798069098718,0,1
satisfaction,-0.07114298554840795,0.7896798069098718,0,1
scarce,-0.07114298554840795,0.7896798069098718,0,1
scepticism,-0.07114298554840795,0.7896798069098718,0,1
scramble,-0.07114298554840795,0.7896798069098718,0,1
seconds,-0.07114298554840795,0.7896798069098718,0,1
secretaries,-0.07114298554840795,0.7896798069098718,0,1
secure-vessel,-0.07114298554840795,0.7896798069098718,0,1
seekers,-0.07114298554840795,0.7896798069098718,0,1
seldom,-0.07114298554840795,0.7896798069098718,0,1
self-declared,-0.07114298554840795,0.7896798069098718,0,1
self-evident,-0.07114298554840795,0.7896798069098718,0,1
self-interests,-0.07114298554840795,0.7896798069098718,0,1
self-restraint,-0.07114298554840795,0.7896798069098718,0,1
self-sacrificing,-0.07114298554840795,0.7896798069098718,0,1
self-sufficient,-0.07114298554840795,0.7896798069098718,0,1
selfish,-0.07114298554840795,0.7896798069098718,0,1
selydove,-0.07114298554840795,0.7896798069098718,0,1
sensitization,-0.07114298554840795,0.7896798069098718,0,1
sentiment,-0.07114298554840795,0.7896798069098718,0,1
sessions,-0.07114298554840795,0.7896798069098718,0,1
seventy-four,-0.07114298554840795,0.7896798069098718,0,1
sex-trafficking,-0.07114298554840795,0.7896798069098718,0,1
sharpening,-0.07114298554840795,0.7896798069098718,0,1
sheltered,-0.07114298554840795,0.7896798069098718,0,1
shop,-0.07114298554840795,0.7896798069098718,0,1
shortfall,-0.07114298554840795,0.7896798069098718,0,1
showdown,-0.07114298554840795,0.7896798069098718,0,1
shy,-0.07114298554840795,0.7896798069098718,0,1
sierra,-0.07114298554840795,0.7896798069098718,0,1
sievierodonetsk,-0.07114298554840795,0.7896798069098718,0,1
sifying,-0.07114298554840795,0.7896798069098718,0,1
signatory,-0.07114298554840795,0.7896798069098718,0,1
simon,-0.07114298554840795,0.7896798069098718,0,1
sis,-0.07114298554840795,0.7896798069098718,0,1
situate,-0.07114298554840795,0.7896798069098718,0,1
sixthly,-0.07114298554840795,0.7896798069098718,0,1
sixtieth,-0.07114298554840795,0.7896798069098718,0,1
sized,-0.07114298554840795,0.7896798069098718,0,1
skyrocket,-0.07114298554840795,0.7896798069098718,0,1
slim,-0.07114298554840795,0.7896798069098718,0,1
slogans,-0.07114298554840795,0.7896798069098718,0,1
slovenia,-0.07114298554840795,0.7896798069098718,0,1
sluggish,-0.07114298554840795,0.7896798069098718,0,1
smallest,-0.07114298554840795,0.7896798069098718,0,1
snatch,-0.07114298554840795,0.7896798069098718,0,1
snowballing,-0.07114298554840795,0.7896798069098718,0,1
snowstorms,-0.07114298554840795,0.7896798069098718,0,1
soar,-0.07114298554840795,0.7896798069098718,0,1
sober,-0.07114298554840795,0.7896798069098718,0,1
sobriety,-0.07114298554840795,0.7896798069098718,0,1
sociopolitical,-0.07114298554840795,0.7896798069098718,0,1
solution-oriented,-0.07114298554840795,0.7896798069098718,0,1
sons,-0.07114298554840795,0.7896798069098718,0,1
sows,-0.07114298554840795,0.7896798069098718,0,1
sparked,-0.07114298554840795,0.7896798069098718,0,1
sparring,-0.07114298554840795,0.7896798069098718,0,1
spate,-0.07114298554840795,0.7896798069098718,0,1
spawn,-0.07114298554840795,0.7896798069098718,0,1
speaker,-0.07114298554840795,0.7896798069098718,0,1
spearheading,-0.07114298554840795,0.7896798069098718,0,1
speculation,-0.07114298554840795,0.7896798069098718,0,1
speculative,-0.07114298554840795,0.7896798069098718,0,1
spending,-0.07114298554840795,0.7896798069098718,0,1
spikes,-0.07114298554840795,0.7896798069098718,0,1
spilled,-0.07114298554840795,0.7896798069098718,0,1
spiritual,-0.07114298554840795,0.7896798069098718,0,1
sporadic,-0.07114298554840795,0.7896798069098718,0,1
spots,-0.07114298554840795,0.7896798069098718,0,1
spur,-0.07114298554840795,0.7896798069098718,0,1
ssi,-0.07114298554840795,0.7896798069098718,0,1
staffing,-0.07114298554840795,0.7896798069098718,0,1
stages,-0.07114298554840795,0.7896798069098718,0,1
starker,-0.07114298554840795,0.7896798069098718,0,1
statesmanship,-0.07114298554840795,0.7896798069098718,0,1
statistical,-0.07114298554840795,0.7896798069098718,0,1
steeply,-0.07114298554840795,0.7896798069098718,0,1
steer,-0.07114298554840795,0.7896798069098718,0,1
stem,-0.07114298554840795,0.7896798069098718,0,1
stifling,-0.07114298554840795,0.7896798069098718,0,1
storied,-0.07114298554840795,0.7896798069098718,0,1
straining,-0.07114298554840795,0.7896798069098718,0,1
strait,-0.07114298554840795,0.7896798069098718,0,1
straits,-0.07114298554840795,0.7896798069098718,0,1
streamlined,-0.07114298554840795,0.7896798069098718,0,1
strewn,-0.07114298554840795,0.7896798069098718,0,1
struction,-0.07114298554840795,0.7896798069098718,0,1
studying,-0.07114298554840795,0.7896798069098718,0,1
stunted,-0.07114298554840795,0.7896798069098718,0,1
sub-cluster,-0.07114298554840795,0.7896798069098718,0,1
subsidies,-0.07114298554840795,0.7896798069098718,0,1
substance,-0.07114298554840795,0.7896798069098718,0,1
subtle,-0.07114298554840795,0.7896798069098718,0,1
subways,-0.07114298554840795,0.7896798069098718,0,1
succession,-0.07114298554840795,0.7896798069098718,0,1
sufficiently,-0.07114298554840795,0.7896798069098718,0,1
suggested,-0.07114298554840795,0.7896798069098718,0,1
suggestion,-0.07114298554840795,0.7896798069098718,0,1
suggestions,-0.07114298554840795,0.7896798069098718,0,1
summons,-0.07114298554840795,0.7896798069098718,0,1
supermarket,-0.07114298554840795,0.7896798069098718,0,1
surprises,-0.07114298554840795,0.7896798069098718,0,1
surrounds,-0.07114298554840795,0.7896798069098718,0,1
surviving,-0.07114298554840795,0.7896798069098718,0,1
suspicion,-0.07114298554840795,0.7896798069098718,0,1
suspicions,-0.07114298554840795,0.7896798069098718,0,1
swept,-0.07114298554840795,0.7896798069098718,0,1
swords,-0.07114298554840795,0.7896798069098718,0,1
sympathizes,-0.07114298554840795,0.7896798069098718,0,1
symptoms,-0.07114298554840795,0.7896798069098718,0,1
synergies,-0.07114298554840795,0.7896798069098718,0,1
system's,-0.07114298554840795,0.7896798069098718,0,1
tablets,-0.07114298554840795,0.7896798069098718,0,1
tack,-0.07114298554840795,0.7896798069098718,0,1
tackled,-0.07114298554840795,0.7896798069098718,0,1
tailor-made,-0.07114298554840795,0.7896798069098718,0,1
tangibly,-0.07114298554840795,0.7896798069098718,0,1
tarian,-0.07114298554840795,0.7896798069098718,0,1
tariff,-0.07114298554840795,0.7896798069098718,0,1
tarps,-0.07114298554840795,0.7896798069098718,0,1
tasked,-0.07114298554840795,0.7896798069098718,0,1
teaching,-0.07114298554840795,0.7896798069098718,0,1
team's,-0.07114298554840795,0.7896798069098718,0,1
teenagers,-0.07114298554840795,0.7896798069098718,0,1
telecommunications,-0.07114298554840795,0.7896798069098718,0,1
tenet,-0.07114298554840795,0.7896798069098718,0,1
tents,-0.07114298554840795,0.7896798069098718,0,1
tested,-0.07114298554840795,0.7896798069098718,0,1
thibault,-0.07114298554840795,0.7896798069098718,0,1
third-party,-0.07114298554840795,0.7896798069098718,0,1
threading,-0.07114298554840795,0.7896798069098718,0,1
throes,-0.07114298554840795,0.7896798069098718,0,1
thrust,-0.07114298554840795,0.7896798069098718,0,1
thursday's,-0.07114298554840795,0.7896798069098718,0,1
tional,-0.07114298554840795,0.7896798069098718,0,1
top-notch,-0.07114298554840795,0.7896798069098718,0,1
toughening,-0.07114298554840795,0.7896798069098718,0,1
tourism,-0.07114298554840795,0.7896798069098718,0,1
town's,-0.07114298554840795,0.7896798069098718,0,1
traders,-0.07114298554840795,0.7896798069098718,0,1
trajectory,-0.07114298554840795,0.7896798069098718,0,1
trans-shipment,-0.07114298554840795,0.7896798069098718,0,1
transatlantic,-0.07114298554840795,0.7896798069098718,0,1
transforms,-0.07114298554840795,0.7896798069098718,0,1
transitional,-0.07114298554840795,0.7896798069098718,0,1
transitions,-0.07114298554840795,0.7896798069098718,0,1
translators,-0.07114298554840795,0.7896798069098718,0,1
transnational,-0.07114298554840795,0.7896798069098718,0,1
transparently,-0.07114298554840795,0.7896798069098718,0,1
transpired,-0.07114298554840795,0.7896798069098718,0,1
trending,-0.07114298554840795,0.7896798069098718,0,1
trends,-0.07114298554840795,0.7896798069098718,0,1
tress,-0.07114298554840795,0.7896798069098718,0,1
trial-and,-0.07114298554840795,0.7896798069098718,0,1
tribunals,-0.07114298554840795,0.7896798069098718,0,1
triggs,-0.07114298554840795,0.7896798069098718,0,1
triumphalist,-0.07114298554840795,0.7896798069098718,0,1
trivialization,-0.07114298554840795,0.7896798069098718,0,1
trivializing,-0.07114298554840795,0.7896798069098718,0,1
truce,-0.07114298554840795,0.7896798069098718,0,1
trumpeted,-0.07114298554840795,0.7896798069098718,0,1
truncated,-0.07114298554840795,0.7896798069098718,0,1
tugged,-0.07114298554840795,0.7896798069098718,0,1
ugliness,-0.07114298554840795,0.7896798069098718,0,1
uhuru,-0.07114298554840795,0.7896798069098718,0,1
ukraine-belarus,-0.07114298554840795,0.7896798069098718,0,1
ukraines,-0.07114298554840795,0.7896798069098718,0,1
uncalled-for,-0.07114298554840795,0.7896798069098718,0,1
unceasing,-0.07114298554840795,0.7896798069098718,0,1
unconfirmed,-0.07114298554840795,0.7896798069098718,0,1
unconventional,-0.07114298554840795,0.7896798069098718,0,1
undeniably,-0.07114298554840795,0.7896798069098718,0,1
under-used,-0.07114298554840795,0.7896798069098718,0,1
underlies,-0.07114298554840795,0.7896798069098718,0,1
unending,-0.07114298554840795,0.7896798069098718,0,1
uneven,-0.07114298554840795,0.7896798069098718,0,1
unfolds,-0.07114298554840795,0.7896798069098718,0,1
unforeseeable,-0.07114298554840795,0.7896798069098718,0,1
unforeseen,-0.07114298554840795,0.7896798069098718,0,1
uniformly,-0.07114298554840795,0.7896798069098718,0,1
unify,-0.07114298554840795,0.7896798069098718,0,1
union–ukraine,-0.07114298554840795,0.7896798069098718,0,1
uniquely,-0.07114298554840795,0.7896798069098718,0,1
unison,-0.07114298554840795,0.7896798069098718,0,1
unitec,-0.07114298554840795,0.7896798069098718,0,1
universalization,-0.07114298554840795,0.7896798069098718,0,1
universes,-0.07114298554840795,0.7896798069098718,0,1
unjustifiably,-0.07114298554840795,0.7896798069098718,0,1
unmet,-0.07114298554840795,0.7896798069098718,0,1
unnegotiable,-0.07114298554840795,0.7896798069098718,0,1
unnerving,-0.07114298554840795,0.7896798069098718,0,1
unravelling,-0.07114298554840795,0.7896798069098718,0,1
unravels,-0.07114298554840795,0.7896798069098718,0,1
unreservedly,-0.07114298554840795,0.7896798069098718,0,1
unresolved,-0.07114298554840795,0.7896798069098718,0,1
unresponsive,-0.07114298554840795,0.7896798069098718,0,1
unseen,-0.07114298554840795,0.7896798069098718,0,1
unshirkable,-0.07114298554840795,0.7896798069098718,0,1
unsurprising,-0.07114298554840795,0.7896798069098718,0,1
unyielding,-0.07114298554840795,0.7896798069098718,0,1
upheaval,-0.07114298554840795,0.7896798069098718,0,1
uphill,-0.07114298554840795,0.7896798069098718,0,1
uprisings,-0.07114298554840795,0.7896798069098718,0,1
uptick,-0.07114298554840795,0.7896798069098718,0,1
upwards,-0.07114298554840795,0.7896798069098718,0,1
urbanized,-0.07114298554840795,0.7896798069098718,0,1
ushering,-0.07114298554840795,0.7896798069098718,0,1
utility,-0.07114298554840795,0.7896798069098718,0,1
utilization,-0.07114298554840795,0.7896798069098718,0,1
utilize,-0.07114298554840795,0.7896798069098718,0,1
utilized,-0.07114298554840795,0.7896798069098718,0,1
vainglory,-0.07114298554840795,0.7896798069098718,0,1
valiant,-0.07114298554840795,0.7896798069098718,0,1
valve,-0.07114298554840795,0.7896798069098718,0,1
vanished,-0.07114298554840795,0.7896798069098718,0,1
vanishing,-0.07114298554840795,0.7896798069098718,0,1
variation,-0.07114298554840795,0.7896798069098718,0,1
verbatim,-0.07114298554840795,0.7896798069098718,0,1
vet,-0.07114298554840795,0.7896798069098718,0,1
vetoes,-0.07114298554840795,0.7896798069098718,0,1
vi,-0.07114298554840795,0.7896798069098718,0,1
vice,-0.07114298554840795,0.7896798069098718,0,1
victim-centred,-0.07114298554840795,0.7896798069098718,0,1
victimization,-0.07114298554840795,0.7896798069098718,0,1
victimized,-0.07114298554840795,0.7896798069098718,0,1
victors,-0.07114298554840795,0.7896798069098718,0,1
vilification,-0.07114298554840795,0.7896798069098718,0,1
vilify,-0.07114298554840795,0.7896798069098718,0,1
villagers,-0.07114298554840795,0.7896798069098718,0,1
vindictive,-0.07114298554840795,0.7896798069098718,0,1
vis-à-vis,-0.07114298554840795,0.7896798069098718,0,1
visionary,-0.07114298554840795,0.7896798069098718,0,1
volatilities,-0.07114298554840795,0.7896798069098718,0,1
vultures,-0.07114298554840795,0.7896798069098718,0,1
wade,-0.07114298554840795,0.7896798069098718,0,1
wake-up,-0.07114298554840795,0.7896798069098718,0,1
walked,-0.07114298554840795,0.7896798069098718,0,1
walls,-0.07114298554840795,0.7896798069098718,0,1
war-torn,-0.07114298554840795,0.7896798069098718,0,1
water-borne,-0.07114298554840795,0.7896798069098718,0,1
waterproof,-0.07114298554840795,0.7896798069098718,0,1
wavered,-0.07114298554840795,0.7896798069098718,0,1
weakens,-0.07114298554840795,0.7896798069098718,0,1
wealthy,-0.07114298554840795,0.7896798069098718,0,1
weighs,-0.07114298554840795,0.7896798069098718,0,1
well-thought,-0.07114298554840795,0.7896798069098718,0,1
whould,-0.07114298554840795,0.7896798069098718,0,1
wide-ranging,-0.07114298554840795,0.7896798069098718,0,1
william,-0.07114298554840795,0.7896798069098718,0,1
winter's,-0.07114298554840795,0.7896798069098718,0,1
wojciech,-0.07114298554840795,0.7896798069098718,0,1
wonderful,-0.07114298554840795,0.7896798069098718,0,1
woods,-0.07114298554840795,0.7896798069098718,0,1
worldly,-0.07114298554840795,0.7896798069098718,0,1
worshippers,-0.07114298554840795,0.7896798069098718,0,1
wrenching,-0.07114298554840795,0.7896798069098718,0,1
xv,-0.07114298554840795,0.7896798069098718,0,1
xxv,-0.07114298554840795,0.7896798069098718,0,1
y,-0.07114298554840795,0.7896798069098718,0,1
year-long,-0.07114298554840795,0.7896798069098718,0,1
year-on-year,-0.07114298554840795,0.7896798069098718,0,1
yearly,-0.07114298554840795,0.7896798069098718,0,1
yearning,-0.07114298554840795,0.7896798069098718,0,1
years-long,-0.07114298554840795,0.7896798069098718,0,1
yields,-0.07114298554840795,0.7896798069098718,0,1
zimbabwean-born,-0.07114298554840795,0.7896798069098718,0,1
¥,-0.07114298554840795,0.7896798069098718,0,1
apart,-0.07136841240252467,0.7893546948513013,12,8
fall,-0.07136841240252467,0.7893546948513013,12,8
huge,-0.07136841240252467,0.7893546948513013,12,8
official,-0.07136841240252467,0.7893546948513013,12,8
remove,-0.07136841240252467,0.7893546948513013,12,8
southern,-0.07136841240252467,0.7893546948513013,12,8
refugee,-0.07288570330314234,0.7871806228438173,33,21
young,-0.0734938681814163,0.7863160249201406,20,13
facts,-0.07376814593038765,0.7859273543118788,51,32
targeted,-0.07376814593038765,0.7859273543118788,51,32
disaster,-0.08831086727733481,0.7663356218134438,36,23
recognize,-0.08859041562160766,0.7659768570117822,77,48
migration,-0.08921232500303625,0.7651809195159445,15,10
reminder,-0.08921232500303625,0.7651809195159445,15,10
committee,-0.09652101381050358,0.7560451861041159,31,20
americas,-0.09892070423318065,0.7531286955451857,4,3
battlefields,-0.09892070423318065,0.7531286955451857,4,3
carnage,-0.09892070423318065,0.7531286955451857,4,3
cereals,-0.09892070423318065,0.7531286955451857,4,3
creates,-0.09892070423318065,0.7531286955451857,4,3
diseases,-0.09892070423318065,0.7531286955451857,4,3
display,-0.09892070423318065,0.7531286955451857,4,3
disposal,-0.09892070423318065,0.7531286955451857,4,3
distressing,-0.09892070423318065,0.7531286955451857,4,3
disturbed,-0.09892070423318065,0.7531286955451857,4,3
dzhaparova,-0.09892070423318065,0.7531286955451857,4,3
exceptions,-0.09892070423318065,0.7531286955451857,4,3
exclusion,-0.09892070423318065,0.7531286955451857,4,3
explicitly,-0.09892070423318065,0.7531286955451857,4,3
formal,-0.09892070423318065,0.7531286955451857,4,3
fuels,-0.09892070423318065,0.7531286955451857,4,3
grappling,-0.09892070423318065,0.7531286955451857,4,3
grown,-0.09892070423318065,0.7531286955451857,4,3
heart-wrenching,-0.09892070423318065,0.7531286955451857,4,3
heartbreaking,-0.09892070423318065,0.7531286955451857,4,3
hostility,-0.09892070423318065,0.7531286955451857,4,3
hurting,-0.09892070423318065,0.7531286955451857,4,3
immeasurable,-0.09892070423318065,0.7531286955451857,4,3
natalia,-0.09892070423318065,0.7531286955451857,4,3
newborn,-0.09892070423318065,0.7531286955451857,4,3
partnership,-0.09892070423318065,0.7531286955451857,4,3
posing,-0.09892070423318065,0.7531286955451857,4,3
prior,-0.09892070423318065,0.7531286955451857,4,3
promotion,-0.09892070423318065,0.7531286955451857,4,3
racial,-0.09892070423318065,0.7531286955451857,4,3
reconsider,-0.09892070423318065,0.7531286955451857,4,3
reparation,-0.09892070423318065,0.7531286955451857,4,3
seeds,-0.09892070423318065,0.7531286955451857,4,3
state's,-0.09892070423318065,0.7531286955451857,4,3
stating,-0.09892070423318065,0.7531286955451857,4,3
tantamount,-0.09892070423318065,0.7531286955451857,4,3
thousand,-0.09892070423318065,0.7531286955451857,4,3
unified,-0.09892070423318065,0.7531286955451857,4,3
wartime,-0.09892070423318065,0.7531286955451857,4,3
weak,-0.09892070423318065,0.7531286955451857,4,3
silence,-0.10705696149158883,0.7435199476347593,18,12
bear,-0.10797640315749525,0.742459838844638,26,17
core,-0.10797640315749525,0.742459838844638,26,17
despite,-0.1174008491925473,0.7318707557531328,78,49
cooling,-0.12020557715686159,0.7288116314356586,10,7
easy,-0.12020557715686159,0.7288116314356586,10,7
grandi,-0.12020557715686159,0.7288116314356586,10,7
grim,-0.12020557715686159,0.7288116314356586,10,7
items,-0.12020557715686159,0.7288116314356586,10,7
quarter,-0.12020557715686159,0.7288116314356586,10,7
reminded,-0.12020557715686159,0.7288116314356586,10,7
rescue,-0.12020557715686159,0.7288116314356586,10,7
shift,-0.12020557715686159,0.7288116314356586,10,7
agree,-0.12490232191223319,0.7237771727491427,21,14
demands,-0.12490232191223319,0.7237771727491427,21,14
owing,-0.12490232191223319,0.7237771727491427,21,14
heritage,-0.12540747099057392,0.7232420801942439,29,19
undermine,-0.12540747099057392,0.7232420801942439,29,19
commends,-0.13575884436637772,0.7125342388391638,13,9
grains,-0.13575884436637772,0.7125342388391638,13,9
urban,-0.13575884436637772,0.7125342388391638,13,9
close,-0.1365534022520245,0.7117317267198164,45,29
abandoning,-0.14228654825394993,0.7060183726522627,1,1
abject,-0.14228654825394993,0.7060183726522627,1,1
absorbed,-0.14228654825394993,0.7060183726522627,1,1
abusers,-0.14228654825394993,0.7060183726522627,1,1
academia,-0.14228654825394993,0.7060183726522627,1,1
academic,-0.14228654825394993,0.7060183726522627,1,1
accessible,-0.14228654825394993,0.7060183726522627,1,1
accompany,-0.14228654825394993,0.7060183726522627,1,1
adjust,-0.14228654825394993,0.7060183726522627,1,1
adoptions,-0.14228654825394993,0.7060183726522627,1,1
adversary,-0.14228654825394993,0.7060183726522627,1,1
advocating,-0.14228654825394993,0.7060183726522627,1,1
ages,-0.14228654825394993,0.7060183726522627,1,1
aggravation,-0.14228654825394993,0.7060183726522627,1,1
aggressively,-0.14228654825394993,0.7060183726522627,1,1
allied,-0.14228654825394993,0.7060183726522627,1,1
allocating,-0.14228654825394993,0.7060183726522627,1,1
amassed,-0.14228654825394993,0.7060183726522627,1,1
amended,-0.14228654825394993,0.7060183726522627,1,1
amplified,-0.14228654825394993,0.7060183726522627,1,1
andrew,-0.14228654825394993,0.7060183726522627,1,1
anger,-0.14228654825394993,0.7060183726522627,1,1
anguish,-0.14228654825394993,0.7060183726522627,1,1
animals,-0.14228654825394993,0.7060183726522627,1,1
apocalyptic,-0.14228654825394993,0.7060183726522627,1,1
applications,-0.14228654825394993,0.7060183726522627,1,1
appreciated,-0.14228654825394993,0.7060183726522627,1,1
arbiter,-0.14228654825394993,0.7060183726522627,1,1
arduous,-0.14228654825394993,0.7060183726522627,1,1
armaments,-0.14228654825394993,0.7060183726522627,1,1
arman,-0.14228654825394993,0.7060183726522627,1,1
arrange,-0.14228654825394993,0.7060183726522627,1,1
array,-0.14228654825394993,0.7060183726522627,1,1
articles,-0.14228654825394993,0.7060183726522627,1,1
artistic,-0.14228654825394993,0.7060183726522627,1,1
asians,-0.14228654825394993,0.7060183726522627,1,1
assertions,-0.14228654825394993,0.7060183726522627,1,1
assurance,-0.14228654825394993,0.7060183726522627,1,1
assuring,-0.14228654825394993,0.7060183726522627,1,1
ate,-0.14228654825394993,0.7060183726522627,1,1
attests,-0.14228654825394993,0.7060183726522627,1,1
audiences,-0.14228654825394993,0.7060183726522627,1,1
authorization,-0.14228654825394993,0.7060183726522627,1,1
authorizing,-0.14228654825394993,0.7060183726522627,1,1
automatically,-0.14228654825394993,0.7060183726522627,1,1
back-up,-0.14228654825394993,0.7060183726522627,1,1
backing,-0.14228654825394993,0.7060183726522627,1,1
bank's,-0.14228654825394993,0.7060183726522627,1,1
barbarity,-0.14228654825394993,0.7060183726522627,1,1
battered,-0.14228654825394993,0.7060183726522627,1,1
battleground,-0.14228654825394993,0.7060183726522627,1,1
bay,-0.14228654825394993,0.7060183726522627,1,1
beliefs,-0.14228654825394993,0.7060183726522627,1,1
bid,-0.14228654825394993,0.7060183726522627,1,1
biden's,-0.14228654825394993,0.7060183726522627,1,1
bilaterally,-0.14228654825394993,0.7060183726522627,1,1
birth,-0.14228654825394993,0.7060183726522627,1,1
blockades,-0.14228654825394993,0.7060183726522627,1,1
boiling,-0.14228654825394993,0.7060183726522627,1,1
books,-0.14228654825394993,0.7060183726522627,1,1
bordering,-0.14228654825394993,0.7060183726522627,1,1
bottlenecks,-0.14228654825394993,0.7060183726522627,1,1
boundaries,-0.14228654825394993,0.7060183726522627,1,1
brace,-0.14228654825394993,0.7060183726522627,1,1
broaden,-0.14228654825394993,0.7060183726522627,1,1
brutalities,-0.14228654825394993,0.7060183726522627,1,1
bulk,-0.14228654825394993,0.7060183726522627,1,1
burdened,-0.14228654825394993,0.7060183726522627,1,1
calamitous,-0.14228654825394993,0.7060183726522627,1,1
camelli,-0.14228654825394993,0.7060183726522627,1,1
cancel,-0.14228654825394993,0.7060183726522627,1,1
capitals,-0.14228654825394993,0.7060183726522627,1,1
categorical,-0.14228654825394993,0.7060183726522627,1,1
catholic,-0.14228654825394993,0.7060183726522627,1,1
cautiously,-0.14228654825394993,0.7060183726522627,1,1
characteristic,-0.14228654825394993,0.7060183726522627,1,1
cherkasy,-0.14228654825394993,0.7060183726522627,1,1
civic,-0.14228654825394993,0.7060183726522627,1,1
clarion,-0.14228654825394993,0.7060183726522627,1,1
closest,-0.14228654825394993,0.7060183726522627,1,1
colonialism,-0.14228654825394993,0.7060183726522627,1,1
combine,-0.14228654825394993,0.7060183726522627,1,1
commands,-0.14228654825394993,0.7060183726522627,1,1
commence,-0.14228654825394993,0.7060183726522627,1,1
commended,-0.14228654825394993,0.7060183726522627,1,1
commission's,-0.14228654825394993,0.7060183726522627,1,1
compels,-0.14228654825394993,0.7060183726522627,1,1
complement,-0.14228654825394993,0.7060183726522627,1,1
completed,-0.14228654825394993,0.7060183726522627,1,1
compound,-0.14228654825394993,0.7060183726522627,1,1
compromises,-0.14228654825394993,0.7060183726522627,1,1
concur,-0.14228654825394993,0.7060183726522627,1,1
confederation,-0.14228654825394993,0.7060183726522627,1,1
conflict-torn,-0.14228654825394993,0.7060183726522627,1,1
conservative,-0.14228654825394993,0.7060183726522627,1,1
consistency,-0.14228654825394993,0.7060183726522627,1,1
constituted,-0.14228654825394993,0.7060183726522627,1,1
contemporary,-0.14228654825394993,0.7060183726522627,1,1
continually,-0.14228654825394993,0.7060183726522627,1,1
contravene,-0.14228654825394993,0.7060183726522627,1,1
conversations,-0.14228654825394993,0.7060183726522627,1,1
conveying,-0.14228654825394993,0.7060183726522627,1,1
cooler,-0.14228654825394993,0.7060183726522627,1,1
correspond,-0.14228654825394993,0.7060183726522627,1,1
costly,-0.14228654825394993,0.7060183726522627,1,1
counted,-0.14228654825394993,0.7060183726522627,1,1
counter-offensives,-0.14228654825394993,0.7060183726522627,1,1
coveney,-0.14228654825394993,0.7060183726522627,1,1
covered,-0.14228654825394993,0.7060183726522627,1,1
crippling,-0.14228654825394993,0.7060183726522627,1,1
crosshairs,-0.14228654825394993,0.7060183726522627,1,1
culpable,-0.14228654825394993,0.7060183726522627,1,1
curb,-0.14228654825394993,0.7060183726522627,1,1
dangerously,-0.14228654825394993,0.7060183726522627,1,1
dearly,-0.14228654825394993,0.7060183726522627,1,1
decision-makers,-0.14228654825394993,0.7060183726522627,1,1
decreasing,-0.14228654825394993,0.7060183726522627,1,1
deliverable,-0.14228654825394993,0.7060183726522627,1,1
depicted,-0.14228654825394993,0.7060183726522627,1,1
depression,-0.14228654825394993,0.7060183726522627,1,1
derogatory,-0.14228654825394993,0.7060183726522627,1,1
desist,-0.14228654825394993,0.7060183726522627,1,1
devastate,-0.14228654825394993,0.7060183726522627,1,1
deviation,-0.14228654825394993,0.7060183726522627,1,1
devoting,-0.14228654825394993,0.7060183726522627,1,1
diagnosed,-0.14228654825394993,0.7060183726522627,1,1
differ,-0.14228654825394993,0.7060183726522627,1,1
dig,-0.14228654825394993,0.7060183726522627,1,1
dignitaries,-0.14228654825394993,0.7060183726522627,1,1
diligent,-0.14228654825394993,0.7060183726522627,1,1
dining,-0.14228654825394993,0.7060183726522627,1,1
disabling,-0.14228654825394993,0.7060183726522627,1,1
disconnection,-0.14228654825394993,0.7060183726522627,1,1
dismembered,-0.14228654825394993,0.7060183726522627,1,1
disruptive,-0.14228654825394993,0.7060183726522627,1,1
disseminate,-0.14228654825394993,0.7060183726522627,1,1
distance-learning,-0.14228654825394993,0.7060183726522627,1,1
distorting,-0.14228654825394993,0.7060183726522627,1,1
distressful,-0.14228654825394993,0.7060183726522627,1,1
distrust,-0.14228654825394993,0.7060183726522627,1,1
diverting,-0.14228654825394993,0.7060183726522627,1,1
downward,-0.14228654825394993,0.7060183726522627,1,1
drastically,-0.14228654825394993,0.7060183726522627,1,1
drew,-0.14228654825394993,0.7060183726522627,1,1
dual,-0.14228654825394993,0.7060183726522627,1,1
duress,-0.14228654825394993,0.7060183726522627,1,1
dwindling,-0.14228654825394993,0.7060183726522627,1,1
dysfunctional,-0.14228654825394993,0.7060183726522627,1,1
dzhaporova,-0.14228654825394993,0.7060183726522627,1,1
earn,-0.14228654825394993,0.7060183726522627,1,1
ecosystem,-0.14228654825394993,0.7060183726522627,1,1
eighth,-0.14228654825394993,0.7060183726522627,1,1
elevated,-0.14228654825394993,0.7060183726522627,1,1
eliminated,-0.14228654825394993,0.7060183726522627,1,1
eliminating,-0.14228654825394993,0.7060183726522627,1,1
emotion,-0.14228654825394993,0.7060183726522627,1,1
empower,-0.14228654825394993,0.7060183726522627,1,1
enacted,-0.14228654825394993,0.7060183726522627,1,1
encompasses,-0.14228654825394993,0.7060183726522627,1,1
encounter,-0.14228654825394993,0.7060183726522627,1,1
endorsement,-0.14228654825394993,0.7060183726522627,1,1
endorses,-0.14228654825394993,0.7060183726522627,1,1
enhanced,-0.14228654825394993,0.7060183726522627,1,1
enjoyed,-0.14228654825394993,0.7060183726522627,1,1
enthusiastically,-0.14228654825394993,0.7060183726522627,1,1
entrench,-0.14228654825394993,0.7060183726522627,1,1
envisage,-0.14228654825394993,0.7060183726522627,1,1
envision,-0.14228654825394993,0.7060183726522627,1,1
episode,-0.14228654825394993,0.7060183726522627,1,1
eras,-0.14228654825394993,0.7060183726522627,1,1
erodes,-0.14228654825394993,0.7060183726522627,1,1
erosion,-0.14228654825394993,0.7060183726522627,1,1
escaped,-0.14228654825394993,0.7060183726522627,1,1
ever-growing,-0.14228654825394993,0.7060183726522627,1,1
ever-more,-0.14228654825394993,0.7060183726522627,1,1
evolve,-0.14228654825394993,0.7060183726522627,1,1
exacerbation,-0.14228654825394993,0.7060183726522627,1,1
exercises,-0.14228654825394993,0.7060183726522627,1,1
expeditious,-0.14228654825394993,0.7060183726522627,1,1
exportation,-0.14228654825394993,0.7060183726522627,1,1
exposes,-0.14228654825394993,0.7060183726522627,1,1
extinguish,-0.14228654825394993,0.7060183726522627,1,1
extremism,-0.14228654825394993,0.7060183726522627,1,1
fabricating,-0.14228654825394993,0.7060183726522627,1,1
facade,-0.14228654825394993,0.7060183726522627,1,1
failures,-0.14228654825394993,0.7060183726522627,1,1
fearful,-0.14228654825394993,0.7060183726522627,1,1
featured,-0.14228654825394993,0.7060183726522627,1,1
features,-0.14228654825394993,0.7060183726522627,1,1
feelings,-0.14228654825394993,0.7060183726522627,1,1
fervently,-0.14228654825394993,0.7060183726522627,1,1
file,-0.14228654825394993,0.7060183726522627,1,1
firewood,-0.14228654825394993,0.7060183726522627,1,1
flatten,-0.14228654825394993,0.7060183726522627,1,1
flaws,-0.14228654825394993,0.7060183726522627,1,1
flouted,-0.14228654825394993,0.7060183726522627,1,1
flying,-0.14228654825394993,0.7060183726522627,1,1
focuses,-0.14228654825394993,0.7060183726522627,1,1
foods,-0.14228654825394993,0.7060183726522627,1,1
footprint,-0.14228654825394993,0.7060183726522627,1,1
formalized,-0.14228654825394993,0.7060183726522627,1,1
formidable,-0.14228654825394993,0.7060183726522627,1,1
four-day,-0.14228654825394993,0.7060183726522627,1,1
game,-0.14228654825394993,0.7060183726522627,1,1
gender-specific,-0.14228654825394993,0.7060183726522627,1,1
gendered,-0.14228654825394993,0.7060183726522627,1,1
genocides,-0.14228654825394993,0.7060183726522627,1,1
germany's,-0.14228654825394993,0.7060183726522627,1,1
greatness,-0.14228654825394993,0.7060183726522627,1,1
groundless,-0.14228654825394993,0.7060183726522627,1,1
gun,-0.14228654825394993,0.7060183726522627,1,1
gunshots,-0.14228654825394993,0.7060183726522627,1,1
hallowed,-0.14228654825394993,0.7060183726522627,1,1
heels,-0.14228654825394993,0.7060183726522627,1,1
heralding,-0.14228654825394993,0.7060183726522627,1,1
hindered,-0.14228654825394993,0.7060183726522627,1,1
hindering,-0.14228654825394993,0.7060183726522627,1,1
history's,-0.14228654825394993,0.7060183726522627,1,1
holed,-0.14228654825394993,0.7060183726522627,1,1
hollow,-0.14228654825394993,0.7060183726522627,1,1
hopeless,-0.14228654825394993,0.7060183726522627,1,1
hot,-0.14228654825394993,0.7060183726522627,1,1
humiliated,-0.14228654825394993,0.7060183726522627,1,1
identifiable,-0.14228654825394993,0.7060183726522627,1,1
imaginary,-0.14228654825394993,0.7060183726522627,1,1
imagination,-0.14228654825394993,0.7060183726522627,1,1
implies,-0.14228654825394993,0.7060183726522627,1,1
imply,-0.14228654825394993,0.7060183726522627,1,1
impotence,-0.14228654825394993,0.7060183726522627,1,1
impress,-0.14228654825394993,0.7060183726522627,1,1
impression,-0.14228654825394993,0.7060183726522627,1,1
inappropriate,-0.14228654825394993,0.7060183726522627,1,1
incidence,-0.14228654825394993,0.7060183726522627,1,1
incites,-0.14228654825394993,0.7060183726522627,1,1
inciting,-0.14228654825394993,0.7060183726522627,1,1
inclination,-0.14228654825394993,0.7060183726522627,1,1
incorporation,-0.14228654825394993,0.7060183726522627,1,1
indignity,-0.14228654825394993,0.7060183726522627,1,1
individually,-0.14228654825394993,0.7060183726522627,1,1
industries,-0.14228654825394993,0.7060183726522627,1,1
inescapable,-0.14228654825394993,0.7060183726522627,1,1
inflationary,-0.14228654825394993,0.7060183726522627,1,1
influential,-0.14228654825394993,0.7060183726522627,1,1
infringing,-0.14228654825394993,0.7060183726522627,1,1
initiation,-0.14228654825394993,0.7060183726522627,1,1
insidious,-0.14228654825394993,0.7060183726522627,1,1
inspire,-0.14228654825394993,0.7060183726522627,1,1
inspiring,-0.14228654825394993,0.7060183726522627,1,1
instrumentalizing,-0.14228654825394993,0.7060183726522627,1,1
interfering,-0.14228654825394993,0.7060183726522627,1,1
interlocutors,-0.14228654825394993,0.7060183726522627,1,1
intervening,-0.14228654825394993,0.7060183726522627,1,1
intolerance,-0.14228654825394993,0.7060183726522627,1,1
invested,-0.14228654825394993,0.7060183726522627,1,1
investing,-0.14228654825394993,0.7060183726522627,1,1
invincible,-0.14228654825394993,0.7060183726522627,1,1
involve,-0.14228654825394993,0.7060183726522627,1,1
iraq,-0.14228654825394993,0.7060183726522627,1,1
irish,-0.14228654825394993,0.7060183726522627,1,1
irrefutable,-0.14228654825394993,0.7060183726522627,1,1
island,-0.14228654825394993,0.7060183726522627,1,1
italy's,-0.14228654825394993,0.7060183726522627,1,1
iv,-0.14228654825394993,0.7060183726522627,1,1
journalism,-0.14228654825394993,0.7060183726522627,1,1
judged,-0.14228654825394993,0.7060183726522627,1,1
judgement,-0.14228654825394993,0.7060183726522627,1,1
jumped,-0.14228654825394993,0.7060183726522627,1,1
kenyatta,-0.14228654825394993,0.7060183726522627,1,1
kilometre,-0.14228654825394993,0.7060183726522627,1,1
label,-0.14228654825394993,0.7060183726522627,1,1
laser-focused,-0.14228654825394993,0.7060183726522627,1,1
lately,-0.14228654825394993,0.7060183726522627,1,1
learners,-0.14228654825394993,0.7060183726522627,1,1
legality,-0.14228654825394993,0.7060183726522627,1,1
linguistic,-0.14228654825394993,0.7060183726522627,1,1
litany,-0.14228654825394993,0.7060183726522627,1,1
litmus,-0.14228654825394993,0.7060183726522627,1,1
ll,-0.14228654825394993,0.7060183726522627,1,1
low-income,-0.14228654825394993,0.7060183726522627,1,1
lowest,-0.14228654825394993,0.7060183726522627,1,1
lucky,-0.14228654825394993,0.7060183726522627,1,1
lure,-0.14228654825394993,0.7060183726522627,1,1
macroeconomic,-0.14228654825394993,0.7060183726522627,1,1
manifestation,-0.14228654825394993,0.7060183726522627,1,1
manifestly,-0.14228654825394993,0.7060183726522627,1,1
martial,-0.14228654825394993,0.7060183726522627,1,1
measured,-0.14228654825394993,0.7060183726522627,1,1
migrants,-0.14228654825394993,0.7060183726522627,1,1
migratory,-0.14228654825394993,0.7060183726522627,1,1
minorities,-0.14228654825394993,0.7060183726522627,1,1
miscalculated,-0.14228654825394993,0.7060183726522627,1,1
myriad,-0.14228654825394993,0.7060183726522627,1,1
navigating,-0.14228654825394993,0.7060183726522627,1,1
nearby,-0.14228654825394993,0.7060183726522627,1,1
neighbour's,-0.14228654825394993,0.7060183726522627,1,1
neighbourhoods,-0.14228654825394993,0.7060183726522627,1,1
neocolonial,-0.14228654825394993,0.7060183726522627,1,1
net,-0.14228654825394993,0.7060183726522627,1,1
neutralized,-0.14228654825394993,0.7060183726522627,1,1
ninth,-0.14228654825394993,0.7060183726522627,1,1
non-compliance,-0.14228654825394993,0.7060183726522627,1,1
non-intervention,-0.14228654825394993,0.7060183726522627,1,1
notable,-0.14228654825394993,0.7060183726522627,1,1
nurses,-0.14228654825394993,0.7060183726522627,1,1
objectively,-0.14228654825394993,0.7060183726522627,1,1
oblivious,-0.14228654825394993,0.7060183726522627,1,1
obstructions,-0.14228654825394993,0.7060183726522627,1,1
oppression,-0.14228654825394993,0.7060183726522627,1,1
ordeal,-0.14228654825394993,0.7060183726522627,1,1
orderly,-0.14228654825394993,0.7060183726522627,1,1
organs,-0.14228654825394993,0.7060183726522627,1,1
originated,-0.14228654825394993,0.7060183726522627,1,1
origins,-0.14228654825394993,0.7060183726522627,1,1
oslo,-0.14228654825394993,0.7060183726522627,1,1
ottawa,-0.14228654825394993,0.7060183726522627,1,1
outage,-0.14228654825394993,0.7060183726522627,1,1
outlines,-0.14228654825394993,0.7060183726522627,1,1
overland,-0.14228654825394993,0.7060183726522627,1,1
overlooked,-0.14228654825394993,0.7060183726522627,1,1
pale,-0.14228654825394993,0.7060183726522627,1,1
palestine,-0.14228654825394993,0.7060183726522627,1,1
panic,-0.14228654825394993,0.7060183726522627,1,1
paradox,-0.14228654825394993,0.7060183726522627,1,1
parks,-0.14228654825394993,0.7060183726522627,1,1
patient,-0.14228654825394993,0.7060183726522627,1,1
peacebuilders,-0.14228654825394993,0.7060183726522627,1,1
peak,-0.14228654825394993,0.7060183726522627,1,1
perception,-0.14228654825394993,0.7060183726522627,1,1
periods,-0.14228654825394993,0.7060183726522627,1,1
picked,-0.14228654825394993,0.7060183726522627,1,1
pipelines,-0.14228654825394993,0.7060183726522627,1,1
placement,-0.14228654825394993,0.7060183726522627,1,1
plausible,-0.14228654825394993,0.7060183726522627,1,1
pockets,-0.14228654825394993,0.7060183726522627,1,1
pogroms,-0.14228654825394993,0.7060183726522627,1,1
pollutants,-0.14228654825394993,0.7060183726522627,1,1
posture,-0.14228654825394993,0.7060183726522627,1,1
powerfully,-0.14228654825394993,0.7060183726522627,1,1
pre-emptive,-0.14228654825394993,0.7060183726522627,1,1
preamble,-0.14228654825394993,0.7060183726522627,1,1
precipitated,-0.14228654825394993,0.7060183726522627,1,1
premise,-0.14228654825394993,0.7060183726522627,1,1
premises,-0.14228654825394993,0.7060183726522627,1,1
prevailed,-0.14228654825394993,0.7060183726522627,1,1
professionalism,-0.14228654825394993,0.7060183726522627,1,1
prohibiting,-0.14228654825394993,0.7060183726522627,1,1
projecting,-0.14228654825394993,0.7060183726522627,1,1
proposing,-0.14228654825394993,0.7060183726522627,1,1
purporting,-0.14228654825394993,0.7060183726522627,1,1
radical,-0.14228654825394993,0.7060183726522627,1,1
rail,-0.14228654825394993,0.7060183726522627,1,1
railroads,-0.14228654825394993,0.7060183726522627,1,1
rallying,-0.14228654825394993,0.7060183726522627,1,1
ray,-0.14228654825394993,0.7060183726522627,1,1
re,-0.14228654825394993,0.7060183726522627,1,1
reactions,-0.14228654825394993,0.7060183726522627,1,1
reassurance,-0.14228654825394993,0.7060183726522627,1,1
receives,-0.14228654825394993,0.7060183726522627,1,1
recommend,-0.14228654825394993,0.7060183726522627,1,1
recommended,-0.14228654825394993,0.7060183726522627,1,1
recreational,-0.14228654825394993,0.7060183726522627,1,1
recruitment,-0.14228654825394993,0.7060183726522627,1,1
reduces,-0.14228654825394993,0.7060183726522627,1,1
regionally,-0.14228654825394993,0.7060183726522627,1,1
registry,-0.14228654825394993,0.7060183726522627,1,1
regression,-0.14228654825394993,0.7060183726522627,1,1
regularity,-0.14228654825394993,0.7060183726522627,1,1
relationship,-0.14228654825394993,0.7060183726522627,1,1
relegated,-0.14228654825394993,0.7060183726522627,1,1
relying,-0.14228654825394993,0.7060183726522627,1,1
renounce,-0.14228654825394993,0.7060183726522627,1,1
reserved,-0.14228654825394993,0.7060183726522627,1,1
residence,-0.14228654825394993,0.7060183726522627,1,1
residual,-0.14228654825394993,0.7060183726522627,1,1
resign,-0.14228654825394993,0.7060183726522627,1,1
restock,-0.14228654825394993,0.7060183726522627,1,1
retain,-0.14228654825394993,0.7060183726522627,1,1
retaliatory,-0.14228654825394993,0.7060183726522627,1,1
revived,-0.14228654825394993,0.7060183726522627,1,1
rewriting,-0.14228654825394993,0.7060183726522627,1,1
rhetorical,-0.14228654825394993,0.7060183726522627,1,1
routines,-0.14228654825394993,0.7060183726522627,1,1
ruptures,-0.14228654825394993,0.7060183726522627,1,1
saint,-0.14228654825394993,0.7060183726522627,1,1
scheduling,-0.14228654825394993,0.7060183726522627,1,1
schemes,-0.14228654825394993,0.7060183726522627,1,1
seats,-0.14228654825394993,0.7060183726522627,1,1
securely,-0.14228654825394993,0.7060183726522627,1,1
seemingly,-0.14228654825394993,0.7060183726522627,1,1
sergiy,-0.14228654825394993,0.7060183726522627,1,1
shields,-0.14228654825394993,0.7060183726522627,1,1
shoring,-0.14228654825394993,0.7060183726522627,1,1
simplified,-0.14228654825394993,0.7060183726522627,1,1
sisters,-0.14228654825394993,0.7060183726522627,1,1
sits,-0.14228654825394993,0.7060183726522627,1,1
skill,-0.14228654825394993,0.7060183726522627,1,1
smuggling,-0.14228654825394993,0.7060183726522627,1,1
soldin,-0.14228654825394993,0.7060183726522627,1,1
solemnly,-0.14228654825394993,0.7060183726522627,1,1
soul,-0.14228654825394993,0.7060183726522627,1,1
sown,-0.14228654825394993,0.7060183726522627,1,1
specialist,-0.14228654825394993,0.7060183726522627,1,1
spilling,-0.14228654825394993,0.7060183726522627,1,1
spot,-0.14228654825394993,0.7060183726522627,1,1
stabilized,-0.14228654825394993,0.7060183726522627,1,1
starkest,-0.14228654825394993,0.7060183726522627,1,1
steadfastly,-0.14228654825394993,0.7060183726522627,1,1
steered,-0.14228654825394993,0.7060183726522627,1,1
stereotypes,-0.14228654825394993,0.7060183726522627,1,1
stipulated,-0.14228654825394993,0.7060183726522627,1,1
stockpiles,-0.14228654825394993,0.7060183726522627,1,1
stoking,-0.14228654825394993,0.7060183726522627,1,1
stone,-0.14228654825394993,0.7060183726522627,1,1
stranded,-0.14228654825394993,0.7060183726522627,1,1
strangers,-0.14228654825394993,0.7060183726522627,1,1
strenuously,-0.14228654825394993,0.7060183726522627,1,1
stressing,-0.14228654825394993,0.7060183726522627,1,1
stubbornly,-0.14228654825394993,0.7060183726522627,1,1
study,-0.14228654825394993,0.7060183726522627,1,1
subscribed,-0.14228654825394993,0.7060183726522627,1,1
suggesting,-0.14228654825394993,0.7060183726522627,1,1
superior,-0.14228654825394993,0.7060183726522627,1,1
surest,-0.14228654825394993,0.7060183726522627,1,1
surpassed,-0.14228654825394993,0.7060183726522627,1,1
suspected,-0.14228654825394993,0.7060183726522627,1,1
swiss,-0.14228654825394993,0.7060183726522627,1,1
tap,-0.14228654825394993,0.7060183726522627,1,1
tear,-0.14228654825394993,0.7060183726522627,1,1
tenure,-0.14228654825394993,0.7060183726522627,1,1
testifying,-0.14228654825394993,0.7060183726522627,1,1
tests,-0.14228654825394993,0.7060183726522627,1,1
thanked,-0.14228654825394993,0.7060183726522627,1,1
therein,-0.14228654825394993,0.7060183726522627,1,1
thirty-first,-0.14228654825394993,0.7060183726522627,1,1
ticking,-0.14228654825394993,0.7060183726522627,1,1
tide,-0.14228654825394993,0.7060183726522627,1,1
tiny,-0.14228654825394993,0.7060183726522627,1,1
torpedoed,-0.14228654825394993,0.7060183726522627,1,1
toward,-0.14228654825394993,0.7060183726522627,1,1
traditionally,-0.14228654825394993,0.7060183726522627,1,1
trained,-0.14228654825394993,0.7060183726522627,1,1
transregional,-0.14228654825394993,0.7060183726522627,1,1
trap,-0.14228654825394993,0.7060183726522627,1,1
travels,-0.14228654825394993,0.7060183726522627,1,1
trips,-0.14228654825394993,0.7060183726522627,1,1
tsunami,-0.14228654825394993,0.7060183726522627,1,1
turkey,-0.14228654825394993,0.7060183726522627,1,1
unaware,-0.14228654825394993,0.7060183726522627,1,1
undeclared,-0.14228654825394993,0.7060183726522627,1,1
underestimated,-0.14228654825394993,0.7060183726522627,1,1
underpins,-0.14228654825394993,0.7060183726522627,1,1
undertook,-0.14228654825394993,0.7060183726522627,1,1
unesco's,-0.14228654825394993,0.7060183726522627,1,1
unfamiliar,-0.14228654825394993,0.7060183726522627,1,1
unfathomable,-0.14228654825394993,0.7060183726522627,1,1
unicef-supported,-0.14228654825394993,0.7060183726522627,1,1
unlimited,-0.14228654825394993,0.7060183726522627,1,1
unrestrained,-0.14228654825394993,0.7060183726522627,1,1
unsafe,-0.14228654825394993,0.7060183726522627,1,1
unsuccessful,-0.14228654825394993,0.7060183726522627,1,1
unsuitable,-0.14228654825394993,0.7060183726522627,1,1
unusable,-0.14228654825394993,0.7060183726522627,1,1
unwarranted,-0.14228654825394993,0.7060183726522627,1,1
unwillingly,-0.14228654825394993,0.7060183726522627,1,1
upholds,-0.14228654825394993,0.7060183726522627,1,1
utilizing,-0.14228654825394993,0.7060183726522627,1,1
vaccinations,-0.14228654825394993,0.7060183726522627,1,1
variety,-0.14228654825394993,0.7060183726522627,1,1
venezuela,-0.14228654825394993,0.7060183726522627,1,1
vetoed,-0.14228654825394993,0.7060183726522627,1,1
virtue,-0.14228654825394993,0.7060183726522627,1,1
vuhledar,-0.14228654825394993,0.7060183726522627,1,1
war-affected,-0.14228654825394993,0.7060183726522627,1,1
weakened,-0.14228654825394993,0.7060183726522627,1,1
well-planned,-0.14228654825394993,0.7060183726522627,1,1
westward,-0.14228654825394993,0.7060183726522627,1,1
worn,-0.14228654825394993,0.7060183726522627,1,1
xenophobia,-0.14228654825394993,0.7060183726522627,1,1
xxix,-0.14228654825394993,0.7060183726522627,1,1
youth,-0.14228654825394993,0.7060183726522627,1,1
points,-0.14700741702864709,0.7014117401794278,40,26
avert,-0.15024261427108915,0.6983036151819709,7,6
closed,-0.15024261427108915,0.6983036151819709,7,6
congratulating,-0.15024261427108915,0.6983036151819709,7,6
independently,-0.15024261427108915,0.6983036151819709,7,6
investigative,-0.15024261427108915,0.6983036151819709,7,6
materials,-0.15024261427108915,0.6983036151819709,7,6
nationality,-0.15024261427108915,0.6983036151819709,7,6
partial,-0.15024261427108915,0.6983036151819709,7,6
poor,-0.15024261427108915,0.6983036151819709,7,6
reactors,-0.15024261427108915,0.6983036151819709,7,6
remnants,-0.15024261427108915,0.6983036151819709,7,6
reverse,-0.15024261427108915,0.6983036151819709,7,6
supportive,-0.15024261427108915,0.6983036151819709,7,6
thus,-0.15024261427108915,0.6983036151819709,7,6
tool,-0.15024261427108915,0.6983036151819709,7,6
abusing,-0.15093794226965862,0.6976406337392278,4,4
alter,-0.15093794226965862,0.6976406337392278,4,4
blind,-0.15093794226965862,0.6976406337392278,4,4
challenged,-0.15093794226965862,0.6976406337392278,4,4
channel,-0.15093794226965862,0.6976406337392278,4,4
circulated,-0.15093794226965862,0.6976406337392278,4,4
depends,-0.15093794226965862,0.6976406337392278,4,4
disrupt,-0.15093794226965862,0.6976406337392278,4,4
equivalent,-0.15093794226965862,0.6976406337392278,4,4
escalatory,-0.15093794226965862,0.6976406337392278,4,4
geraldine,-0.15093794226965862,0.6976406337392278,4,4
goodwill,-0.15093794226965862,0.6976406337392278,4,4
granting,-0.15093794226965862,0.6976406337392278,4,4
insecure,-0.15093794226965862,0.6976406337392278,4,4
lasted,-0.15093794226965862,0.6976406337392278,4,4
looming,-0.15093794226965862,0.6976406337392278,4,4
messages,-0.15093794226965862,0.6976406337392278,4,4
mrs,-0.15093794226965862,0.6976406337392278,4,4
notes,-0.15093794226965862,0.6976406337392278,4,4
perpetuate,-0.15093794226965862,0.6976406337392278,4,4
pillars,-0.15093794226965862,0.6976406337392278,4,4
precious,-0.15093794226965862,0.6976406337392278,4,4
protects,-0.15093794226965862,0.6976406337392278,4,4
safer,-0.15093794226965862,0.6976406337392278,4,4
tetiana,-0.15093794226965862,0.6976406337392278,4,4
unpredictable,-0.15093794226965862,0.6976406337392278,4,4
others,-0.15766801558424265,0.691312656279069,110,69
beyond,-0.15940762387749965,0.6897024894893145,87,55
met,-0.16059521472601776,0.6886091073944527,27,18
dignity,-0.16901556396615197,0.6809881930390949,19,13
patten,-0.16901556396615197,0.6809881930390949,19,13
temporary,-0.16901556396615197,0.6809881930390949,19,13
cause,-0.16977015876609264,0.6803161556565611,51,33
communities,-0.17844274720727724,0.6727149485575641,30,20
expressed,-0.17844274720727724,0.6727149485575641,30,20
goal,-0.17844274720727724,0.6727149485575641,30,20
exacerbated,-0.1861384722743111,0.6661501567429837,22,15
age,-0.19784702629336415,0.6564643055096417,8,6
bahous,-0.19784702629336415,0.6564643055096417,8,6
bakhmut,-0.19784702629336415,0.6564643055096417,8,6
compromise,-0.19784702629336415,0.6564643055096417,8,6
conviction,-0.19784702629336415,0.6564643055096417,8,6
insights,-0.19784702629336415,0.6564643055096417,8,6
isolation,-0.19784702629336415,0.6564643055096417,8,6
manifest,-0.19784702629336415,0.6564643055096417,8,6
occasions,-0.19784702629336415,0.6564643055096417,8,6
option,-0.19784702629336415,0.6564643055096417,8,6
reception,-0.19784702629336415,0.6564643055096417,8,6
securing,-0.19784702629336415,0.6564643055096417,8,6
significant,-0.198631801622364,0.6558274901838796,49,32
bombardment,-0.20280614957563498,0.6524652738041659,11,8
crossed,-0.20280614957563498,0.6524652738041659,11,8
seem,-0.20280614957563498,0.6524652738041659,11,8
s,-0.21282580460439807,0.644561525828083,122,77
challenge,-0.21313513310016188,0.6443211382521657,14,10
events,-0.21313513310016188,0.6443211382521657,14,10
nevertheless,-0.21313513310016188,0.6443211382521657,14,10
rebuild,-0.21313513310016188,0.6443211382521657,14,10
sustained,-0.21313513310016188,0.6443211382521657,14,10
vast,-0.21313513310016188,0.6443211382521657,14,10
`,-0.21343068812364938,0.644091652030125,1,2
abilities,-0.21343068812364938,0.644091652030125,1,2
abstentions,-0.21343068812364938,0.644091652030125,1,2
accelerating,-0.21343068812364938,0.644091652030125,1,2
accommodation,-0.21343068812364938,0.644091652030125,1,2
activation,-0.21343068812364938,0.644091652030125,1,2
affordable,-0.21343068812364938,0.644091652030125,1,2
assisted,-0.21343068812364938,0.644091652030125,1,2
attach,-0.21343068812364938,0.644091652030125,1,2
bent,-0.21343068812364938,0.644091652030125,1,2
bitter,-0.21343068812364938,0.644091652030125,1,2
brokering,-0.21343068812364938,0.644091652030125,1,2
bucharest,-0.21343068812364938,0.644091652030125,1,2
build-up,-0.21343068812364938,0.644091652030125,1,2
calculated,-0.21343068812364938,0.644091652030125,1,2
careful,-0.21343068812364938,0.644091652030125,1,2
certainty,-0.21343068812364938,0.644091652030125,1,2
champion,-0.21343068812364938,0.644091652030125,1,2
characterized,-0.21343068812364938,0.644091652030125,1,2
cherished,-0.21343068812364938,0.644091652030125,1,2
cites,-0.21343068812364938,0.644091652030125,1,2
clarifications,-0.21343068812364938,0.644091652030125,1,2
clearance,-0.21343068812364938,0.644091652030125,1,2
coast,-0.21343068812364938,0.644091652030125,1,2
coerce,-0.21343068812364938,0.644091652030125,1,2
collaborative,-0.21343068812364938,0.644091652030125,1,2
comfort,-0.21343068812364938,0.644091652030125,1,2
comment,-0.21343068812364938,0.644091652030125,1,2
competing,-0.21343068812364938,0.644091652030125,1,2
complexity,-0.21343068812364938,0.644091652030125,1,2
concepts,-0.21343068812364938,0.644091652030125,1,2
consequential,-0.21343068812364938,0.644091652030125,1,2
contend,-0.21343068812364938,0.644091652030125,1,2
correct,-0.21343068812364938,0.644091652030125,1,2
crop,-0.21343068812364938,0.644091652030125,1,2
d'être,-0.21343068812364938,0.644091652030125,1,2
d.c,-0.21343068812364938,0.644091652030125,1,2
dealt,-0.21343068812364938,0.644091652030125,1,2
declarations,-0.21343068812364938,0.644091652030125,1,2
deepening,-0.21343068812364938,0.644091652030125,1,2
destabilized,-0.21343068812364938,0.644091652030125,1,2
detect,-0.21343068812364938,0.644091652030125,1,2
diminished,-0.21343068812364938,0.644091652030125,1,2
diminishing,-0.21343068812364938,0.644091652030125,1,2
discipline,-0.21343068812364938,0.644091652030125,1,2
discriminated,-0.21343068812364938,0.644091652030125,1,2
donate,-0.21343068812364938,0.644091652030125,1,2
dragged,-0.21343068812364938,0.644091652030125,1,2
driver,-0.21343068812364938,0.644091652030125,1,2
dynamic,-0.21343068812364938,0.644091652030125,1,2
eagerly,-0.21343068812364938,0.644091652030125,1,2
earthquakes,-0.21343068812364938,0.644091652030125,1,2
echoed,-0.21343068812364938,0.644091652030125,1,2
elaborated,-0.21343068812364938,0.644091652030125,1,2
emphasis,-0.21343068812364938,0.644091652030125,1,2
endorsed,-0.21343068812364938,0.644091652030125,1,2
envisaged,-0.21343068812364938,0.644091652030125,1,2
erdoğan,-0.21343068812364938,0.644091652030125,1,2
error,-0.21343068812364938,0.644091652030125,1,2
escalates,-0.21343068812364938,0.644091652030125,1,2
escalations,-0.21343068812364938,0.644091652030125,1,2
exists,-0.21343068812364938,0.644091652030125,1,2
expenditure,-0.21343068812364938,0.644091652030125,1,2
explicit,-0.21343068812364938,0.644091652030125,1,2
exploited,-0.21343068812364938,0.644091652030125,1,2
explosions,-0.21343068812364938,0.644091652030125,1,2
exposure,-0.21343068812364938,0.644091652030125,1,2
fabric,-0.21343068812364938,0.644091652030125,1,2
facilitates,-0.21343068812364938,0.644091652030125,1,2
farming,-0.21343068812364938,0.644091652030125,1,2
fearing,-0.21343068812364938,0.644091652030125,1,2
fifteenth,-0.21343068812364938,0.644091652030125,1,2
follow-up,-0.21343068812364938,0.644091652030125,1,2
furtherance,-0.21343068812364938,0.644091652030125,1,2
gamble,-0.21343068812364938,0.644091652030125,1,2
generally,-0.21343068812364938,0.644091652030125,1,2
generate,-0.21343068812364938,0.644091652030125,1,2
glimmer,-0.21343068812364938,0.644091652030125,1,2
guarantor,-0.21343068812364938,0.644091652030125,1,2
guidance,-0.21343068812364938,0.644091652030125,1,2
guidelines,-0.21343068812364938,0.644091652030125,1,2
hampered,-0.21343068812364938,0.644091652030125,1,2
heighten,-0.21343068812364938,0.644091652030125,1,2
hoping,-0.21343068812364938,0.644091652030125,1,2
ignorance,-0.21343068812364938,0.644091652030125,1,2
illicit,-0.21343068812364938,0.644091652030125,1,2
immune,-0.21343068812364938,0.644091652030125,1,2
impaired,-0.21343068812364938,0.644091652030125,1,2
improvement,-0.21343068812364938,0.644091652030125,1,2
indicators,-0.21343068812364938,0.644091652030125,1,2
indirect,-0.21343068812364938,0.644091652030125,1,2
insight,-0.21343068812364938,0.644091652030125,1,2
instigate,-0.21343068812364938,0.644091652030125,1,2
interaction,-0.21343068812364938,0.644091652030125,1,2
intergenerational,-0.21343068812364938,0.644091652030125,1,2
interpretations,-0.21343068812364938,0.644091652030125,1,2
invisible,-0.21343068812364938,0.644091652030125,1,2
jeopardy,-0.21343068812364938,0.644091652030125,1,2
justifies,-0.21343068812364938,0.644091652030125,1,2
justly,-0.21343068812364938,0.644091652030125,1,2
keen,-0.21343068812364938,0.644091652030125,1,2
leveraging,-0.21343068812364938,0.644091652030125,1,2
localities,-0.21343068812364938,0.644091652030125,1,2
materialize,-0.21343068812364938,0.644091652030125,1,2
merit,-0.21343068812364938,0.644091652030125,1,2
mikhail,-0.21343068812364938,0.644091652030125,1,2
minimizing,-0.21343068812364938,0.644091652030125,1,2
mirror,-0.21343068812364938,0.644091652030125,1,2
monitored,-0.21343068812364938,0.644091652030125,1,2
monumental,-0.21343068812364938,0.644091652030125,1,2
multiplying,-0.21343068812364938,0.644091652030125,1,2
muster,-0.21343068812364938,0.644091652030125,1,2
naturally,-0.21343068812364938,0.644091652030125,1,2
neglected,-0.21343068812364938,0.644091652030125,1,2
non-combatants,-0.21343068812364938,0.644091652030125,1,2
non-military,-0.21343068812364938,0.644091652030125,1,2
normative,-0.21343068812364938,0.644091652030125,1,2
nursery,-0.21343068812364938,0.644091652030125,1,2
openness,-0.21343068812364938,0.644091652030125,1,2
optimal,-0.21343068812364938,0.644091652030125,1,2
outbreaks,-0.21343068812364938,0.644091652030125,1,2
outdated,-0.21343068812364938,0.644091652030125,1,2
paving,-0.21343068812364938,0.644091652030125,1,2
pending,-0.21343068812364938,0.644091652030125,1,2
persevere,-0.21343068812364938,0.644091652030125,1,2
persistence,-0.21343068812364938,0.644091652030125,1,2
pertinent,-0.21343068812364938,0.644091652030125,1,2
plus,-0.21343068812364938,0.644091652030125,1,2
president's,-0.21343068812364938,0.644091652030125,1,2
primacy,-0.21343068812364938,0.644091652030125,1,2
promotes,-0.21343068812364938,0.644091652030125,1,2
purifiers,-0.21343068812364938,0.644091652030125,1,2
questioning,-0.21343068812364938,0.644091652030125,1,2
raged,-0.21343068812364938,0.644091652030125,1,2
raison,-0.21343068812364938,0.644091652030125,1,2
ramp,-0.21343068812364938,0.644091652030125,1,2
realization,-0.21343068812364938,0.644091652030125,1,2
recession,-0.21343068812364938,0.644091652030125,1,2
recommendation,-0.21343068812364938,0.644091652030125,1,2
reconcile,-0.21343068812364938,0.644091652030125,1,2
redoubling,-0.21343068812364938,0.644091652030125,1,2
reinforcing,-0.21343068812364938,0.644091652030125,1,2
representing,-0.21343068812364938,0.644091652030125,1,2
reprisals,-0.21343068812364938,0.644091652030125,1,2
resourced,-0.21343068812364938,0.644091652030125,1,2
reversed,-0.21343068812364938,0.644091652030125,1,2
revised,-0.21343068812364938,0.644091652030125,1,2
rigours,-0.21343068812364938,0.644091652030125,1,2
science,-0.21343068812364938,0.644091652030125,1,2
shifting,-0.21343068812364938,0.644091652030125,1,2
shortcomings,-0.21343068812364938,0.644091652030125,1,2
sidelines,-0.21343068812364938,0.644091652030125,1,2
simultaneously,-0.21343068812364938,0.644091652030125,1,2
slide,-0.21343068812364938,0.644091652030125,1,2
slightest,-0.21343068812364938,0.644091652030125,1,2
sombre,-0.21343068812364938,0.644091652030125,1,2
sorts,-0.21343068812364938,0.644091652030125,1,2
sparing,-0.21343068812364938,0.644091652030125,1,2
steady,-0.21343068812364938,0.644091652030125,1,2
stick,-0.21343068812364938,0.644091652030125,1,2
stigma,-0.21343068812364938,0.644091652030125,1,2
stock,-0.21343068812364938,0.644091652030125,1,2
stocks,-0.21343068812364938,0.644091652030125,1,2
structural,-0.21343068812364938,0.644091652030125,1,2
student,-0.21343068812364938,0.644091652030125,1,2
studies,-0.21343068812364938,0.644091652030125,1,2
successes,-0.21343068812364938,0.644091652030125,1,2
sum,-0.21343068812364938,0.644091652030125,1,2
superiority,-0.21343068812364938,0.644091652030125,1,2
tailored,-0.21343068812364938,0.644091652030125,1,2
tasks,-0.21343068812364938,0.644091652030125,1,2
ten,-0.21343068812364938,0.644091652030125,1,2
tenets,-0.21343068812364938,0.644091652030125,1,2
tension,-0.21343068812364938,0.644091652030125,1,2
tone,-0.21343068812364938,0.644091652030125,1,2
tough,-0.21343068812364938,0.644091652030125,1,2
translate,-0.21343068812364938,0.644091652030125,1,2
traumas,-0.21343068812364938,0.644091652030125,1,2
trenches,-0.21343068812364938,0.644091652030125,1,2
triumph,-0.21343068812364938,0.644091652030125,1,2
trust-building,-0.21343068812364938,0.644091652030125,1,2
türkiye's,-0.21343068812364938,0.644091652030125,1,2
undergoing,-0.21343068812364938,0.644091652030125,1,2
undiminished,-0.21343068812364938,0.644091652030125,1,2
unshakable,-0.21343068812364938,0.644091652030125,1,2
vigilance,-0.21343068812364938,0.644091652030125,1,2
visa,-0.21343068812364938,0.644091652030125,1,2
voyages,-0.21343068812364938,0.644091652030125,1,2
warns,-0.21343068812364938,0.644091652030125,1,2
winner,-0.21343068812364938,0.644091652030125,1,2
worsens,-0.21343068812364938,0.644091652030125,1,2
displacement,-0.21599048600283788,0.6421120976610707,52,34
calling,-0.22084842597355586,0.6383942193978922,28,19
item,-0.22084842597355586,0.6383942193978922,28,19
continued,-0.22241692441926514,0.6372044819499587,112,71
number,-0.23404280028516503,0.6285422217824956,102,65
building,-0.23834663204210718,0.6254028226686927,31,21
putting,-0.24042773459511943,0.6238973528855419,20,14
commissioner,-0.24835019963980084,0.6182391556625846,92,59
crucial,-0.24884580054079988,0.6178889597829074,50,33
lost,-0.24884580054079988,0.6178889597829074,50,33
electricity,-0.25481668472173835,0.6137037375739698,66,43
opportunity,-0.25481668472173835,0.6137037375739698,66,43
armed,-0.2565367324133223,0.6125095124279414,149,94
reports,-0.262362159478079,0.6085019443444002,162,102
closing,-0.2664506788101616,0.6057226861647443,5,5
conveyed,-0.2664506788101616,0.6057226861647443,5,5
develop,-0.2664506788101616,0.6057226861647443,5,5
drawn,-0.2664506788101616,0.6057226861647443,5,5
generosity,-0.2664506788101616,0.6057226861647443,5,5
improve,-0.2664506788101616,0.6057226861647443,5,5
militarization,-0.2664506788101616,0.6057226861647443,5,5
mourn,-0.2664506788101616,0.6057226861647443,5,5
nonetheless,-0.2664506788101616,0.6057226861647443,5,5
preventive,-0.2664506788101616,0.6057226861647443,5,5
proportions,-0.2664506788101616,0.6057226861647443,5,5
ripple,-0.2664506788101616,0.6057226861647443,5,5
robust,-0.2664506788101616,0.6057226861647443,5,5
week's,-0.2664506788101616,0.6057226861647443,5,5
finally,-0.26836319541503223,0.6044318738459262,61,40
subject,-0.2715419228268542,0.6022993080406227,26,18
education,-0.2770560524912502,0.5986373084230034,77,50
coming,-0.29115958307250844,0.5894783987281569,40,27
brown,-0.29677896665912895,0.5859088013740756,12,9
exception,-0.29677896665912895,0.5859088013740756,12,9
informed,-0.29677896665912895,0.5859088013740756,12,9
lviv,-0.29677896665912895,0.5859088013740756,12,9
responding,-0.29677896665912895,0.5859088013740756,12,9
seize,-0.29677896665912895,0.5859088013740756,12,9
sometimes,-0.29677896665912895,0.5859088013740756,12,9
remains,-0.29689457607980485,0.5858358241805495,101,65
accusations,-0.30188568113212627,0.5827026759974617,9,7
advance,-0.30188568113212627,0.5827026759974617,9,7
appears,-0.30188568113212627,0.5827026759974617,9,7
contributed,-0.30188568113212627,0.5827026759974617,9,7
enduring,-0.30188568113212627,0.5827026759974617,9,7
general's,-0.30188568113212627,0.5827026759974617,9,7
gone,-0.30188568113212627,0.5827026759974617,9,7
painful,-0.30188568113212627,0.5827026759974617,9,7
pointed,-0.30188568113212627,0.5827026759974617,9,7
taking,-0.30208802396921636,0.5825763687477472,59,39
condolences,-0.3043562034024381,0.5811642730515529,32,22
horrifying,-0.30878034625505124,0.5784295796665905,18,13
update,-0.30878034625505124,0.5784295796665905,18,13
pay,-0.30883367000813244,0.5783967753789443,43,29
short,-0.31971826358620825,0.5717770074144732,21,15
deserve,-0.33234241674273196,0.5642830327893287,24,17
skoog,-0.33234241674273196,0.5642830327893287,24,17
pv,-0.3336238950239833,0.5635329588736608,94,61
ever,-0.33807501614489965,0.560942472105465,38,26
deaths,-0.34610318238229,0.556327356630236,27,19
extremely,-0.34610318238229,0.556327356630236,27,19
norms,-0.34610318238229,0.556327356630236,27,19
point,-0.3551511173972164,0.5512115918174738,41,28
activated,-0.35572069938361495,0.5508925087349217,2,3
another's,-0.35572069938361495,0.5508925087349217,2,3
applying,-0.35572069938361495,0.5508925087349217,2,3
arrival,-0.35572069938361495,0.5508925087349217,2,3
aspiration,-0.35572069938361495,0.5508925087349217,2,3
attest,-0.35572069938361495,0.5508925087349217,2,3
cautious,-0.35572069938361495,0.5508925087349217,2,3
compounds,-0.35572069938361495,0.5508925087349217,2,3
confronted,-0.35572069938361495,0.5508925087349217,2,3
consequent,-0.35572069938361495,0.5508925087349217,2,3
consumers,-0.35572069938361495,0.5508925087349217,2,3
decade,-0.35572069938361495,0.5508925087349217,2,3
departments,-0.35572069938361495,0.5508925087349217,2,3
deteriorated,-0.35572069938361495,0.5508925087349217,2,3
digital,-0.35572069938361495,0.5508925087349217,2,3
dismay,-0.35572069938361495,0.5508925087349217,2,3
distance,-0.35572069938361495,0.5508925087349217,2,3
distressed,-0.35572069938361495,0.5508925087349217,2,3
divide,-0.35572069938361495,0.5508925087349217,2,3
dollars,-0.35572069938361495,0.5508925087349217,2,3
doomed,-0.35572069938361495,0.5508925087349217,2,3
emphatically,-0.35572069938361495,0.5508925087349217,2,3
endangered,-0.35572069938361495,0.5508925087349217,2,3
equipped,-0.35572069938361495,0.5508925087349217,2,3
exceeded,-0.35572069938361495,0.5508925087349217,2,3
exponentially,-0.35572069938361495,0.5508925087349217,2,3
fails,-0.35572069938361495,0.5508925087349217,2,3
financing,-0.35572069938361495,0.5508925087349217,2,3
frameworks,-0.35572069938361495,0.5508925087349217,2,3
fruits,-0.35572069938361495,0.5508925087349217,2,3
gains,-0.35572069938361495,0.5508925087349217,2,3
generating,-0.35572069938361495,0.5508925087349217,2,3
hard-won,-0.35572069938361495,0.5508925087349217,2,3
hardest,-0.35572069938361495,0.5508925087349217,2,3
heavier,-0.35572069938361495,0.5508925087349217,2,3
ideals,-0.35572069938361495,0.5508925087349217,2,3
imagined,-0.35572069938361495,0.5508925087349217,2,3
inequality,-0.35572069938361495,0.5508925087349217,2,3
invaluable,-0.35572069938361495,0.5508925087349217,2,3
lasts,-0.35572069938361495,0.5508925087349217,2,3
minds,-0.35572069938361495,0.5508925087349217,2,3
mindset,-0.35572069938361495,0.5508925087349217,2,3
mobilizing,-0.35572069938361495,0.5508925087349217,2,3
object,-0.35572069938361495,0.5508925087349217,2,3
olena,-0.35572069938361495,0.5508925087349217,2,3
outlook,-0.35572069938361495,0.5508925087349217,2,3
promoted,-0.35572069938361495,0.5508925087349217,2,3
pull,-0.35572069938361495,0.5508925087349217,2,3
rejecting,-0.35572069938361495,0.5508925087349217,2,3
relent,-0.35572069938361495,0.5508925087349217,2,3
requesting,-0.35572069938361495,0.5508925087349217,2,3
scheduled,-0.35572069938361495,0.5508925087349217,2,3
setbacks,-0.35572069938361495,0.5508925087349217,2,3
soledar,-0.35572069938361495,0.5508925087349217,2,3
technologies,-0.35572069938361495,0.5508925087349217,2,3
third-country,-0.35572069938361495,0.5508925087349217,2,3
tradition,-0.35572069938361495,0.5508925087349217,2,3
underpinned,-0.35572069938361495,0.5508925087349217,2,3
unintended,-0.35572069938361495,0.5508925087349217,2,3
unobstructed,-0.35572069938361495,0.5508925087349217,2,3
urging,-0.35572069938361495,0.5508925087349217,2,3
wisdom,-0.35572069938361495,0.5508925087349217,2,3
care,-0.35695790525053184,0.5502006103975619,60,40
federation's,-0.3606664757454549,0.5481363247574496,30,21
systems,-0.3723328335959948,0.5417354118983237,44,30
ensuring,-0.37321278940956804,0.5412582098199548,71,47
better,-0.3758175280740518,0.5398501683697792,33,23
means,-0.38007353468436195,0.5375638844624742,95,62
agency's,-0.3908919133008154,0.5318309465347824,6,6
confidence,-0.3908919133008154,0.5318309465347824,6,6
coordinating,-0.3908919133008154,0.5318309465347824,6,6
crossing,-0.3908919133008154,0.5318309465347824,6,6
damaging,-0.3908919133008154,0.5318309465347824,6,6
es,-0.3908919133008154,0.5318309465347824,6,6
heartfelt,-0.3908919133008154,0.5318309465347824,6,6
indicated,-0.3908919133008154,0.5318309465347824,6,6
internal,-0.3908919133008154,0.5318309465347824,6,6
matters,-0.3908919133008154,0.5318309465347824,6,6
necessities,-0.3908919133008154,0.5318309465347824,6,6
package,-0.3908919133008154,0.5318309465347824,6,6
sectors,-0.3908919133008154,0.5318309465347824,6,6
shipped,-0.3908919133008154,0.5318309465347824,6,6
voluntary,-0.3908919133008154,0.5318309465347824,6,6
wrought,-0.3908919133008154,0.5318309465347824,6,6
year's,-0.3908919133008154,0.5318309465347824,6,6
carefully,-0.3957165258091079,0.5293097543147588,16,12
disturbing,-0.3957165258091079,0.5293097543147588,16,12
poses,-0.3957165258091079,0.5293097543147588,16,12
truly,-0.39872726977111084,0.5277472807191512,19,14
alarmed,-0.39915795826828476,0.5275244429217868,13,10
connection,-0.39915795826828476,0.5275244429217868,13,10
figures,-0.39915795826828476,0.5275244429217868,13,10
continent,-0.41442777739116077,0.5197306527112168,10,8
decide,-0.41442777739116077,0.5197306527112168,10,8
directed,-0.41442777739116077,0.5197306527112168,10,8
leads,-0.41442777739116077,0.5197306527112168,10,8
pursue,-0.41442777739116077,0.5197306527112168,10,8
reaffirmed,-0.41442777739116077,0.5197306527112168,10,8
resident,-0.41442777739116077,0.5197306527112168,10,8
scope,-0.41442777739116077,0.5197306527112168,10,8
voices,-0.41442777739116077,0.5197306527112168,10,8
primary,-0.41510326060854685,0.5193905906626788,25,18
effect,-0.42631177205017473,0.5138042772518407,28,20
dire,-0.45658432103483093,0.4992246367266344,48,33
ready,-0.47333295523055635,0.4914578360830594,51,35
cross,-0.48092180403949597,0.48800507372076796,40,28
institutions,-0.48092180403949597,0.48800507372076796,40,28
discuss,-0.4946597042219879,0.4818560475120772,20,15
share,-0.49720876733411584,0.4807291397647073,23,17
sense,-0.49721204479893577,0.4807276936253959,17,13
sincere,-0.49721204479893577,0.4807276936253959,17,13
adequately,-0.4980130193844943,0.48037448767706803,3,4
agents,-0.4980130193844943,0.48037448767706803,3,4
assuming,-0.4980130193844943,0.48037448767706803,3,4
atmosphere,-0.4980130193844943,0.48037448767706803,3,4
auspices,-0.4980130193844943,0.48037448767706803,3,4
chargé,-0.4980130193844943,0.48037448767706803,3,4
collapse,-0.4980130193844943,0.48037448767706803,3,4
contains,-0.4980130193844943,0.48037448767706803,3,4
d'affaires,-0.4980130193844943,0.48037448767706803,3,4
denials,-0.4980130193844943,0.48037448767706803,3,4
governance,-0.4980130193844943,0.48037448767706803,3,4
indifference,-0.4980130193844943,0.48037448767706803,3,4
insists,-0.4980130193844943,0.48037448767706803,3,4
larger,-0.4980130193844943,0.48037448767706803,3,4
leverage,-0.4980130193844943,0.48037448767706803,3,4
libya,-0.4980130193844943,0.48037448767706803,3,4
lights,-0.4980130193844943,0.48037448767706803,3,4
pillar,-0.4980130193844943,0.48037448767706803,3,4
preparation,-0.4980130193844943,0.48037448767706803,3,4
procedural,-0.4980130193844943,0.48037448767706803,3,4
prolonging,-0.4980130193844943,0.48037448767706803,3,4
reiterated,-0.4980130193844943,0.48037448767706803,3,4
reserves,-0.4980130193844943,0.48037448767706803,3,4
round,-0.4980130193844943,0.48037448767706803,3,4
secondary,-0.4980130193844943,0.48037448767706803,3,4
shoulder,-0.4980130193844943,0.48037448767706803,3,4
speed,-0.4980130193844943,0.48037448767706803,3,4
spiralling,-0.4980130193844943,0.48037448767706803,3,4
suffers,-0.4980130193844943,0.48037448767706803,3,4
tolerated,-0.4980130193844943,0.48037448767706803,3,4
undermined,-0.4980130193844943,0.48037448767706803,3,4
unexploded,-0.4980130193844943,0.48037448767706803,3,4
unfettered,-0.4980130193844943,0.48037448767706803,3,4
unrelenting,-0.4980130193844943,0.48037448767706803,3,4
virtually,-0.4980130193844943,0.48037448767706803,3,4
ability,-0.5031590076762594,0.4781153605788435,26,19
meaningful,-0.5031590076762594,0.4781153605788435,26,19
backdrop,-0.5079261967265276,0.47603797029500405,14,11
echo,-0.5079261967265276,0.47603797029500405,14,11
guns,-0.5079261967265276,0.47603797029500405,14,11
playing,-0.5079261967265276,0.47603797029500405,14,11
restoration,-0.5079261967265276,0.47603797029500405,14,11
small,-0.5079261967265276,0.47603797029500405,14,11
transportation,-0.5079261967265276,0.47603797029500405,14,11
reconstruction,-0.5114902893906141,0.474494431917311,29,21
light,-0.521553435129153,0.47017978203178523,32,23
under-secretary,-0.5272008953256927,0.46778604425908676,49,34
fear,-0.5329156600078875,0.4653836283363798,35,25
problem,-0.53292297537197,0.4653805657149265,11,9
witnessing,-0.53292297537197,0.4653805657149265,11,9
rule,-0.5754820064653384,0.44808869920413286,88,59
acquisition,-0.5864842833174991,0.44378185381475554,8,7
endure,-0.5864842833174991,0.44378185381475554,8,7
expanded,-0.5864842833174991,0.44378185381475554,8,7
fontaine,-0.5864842833174991,0.44378185381475554,8,7
labour,-0.5864842833174991,0.44378185381475554,8,7
occur,-0.5864842833174991,0.44378185381475554,8,7
offered,-0.5864842833174991,0.44378185381475554,8,7
placed,-0.5864842833174991,0.44378185381475554,8,7
positions,-0.5864842833174991,0.44378185381475554,8,7
specifically,-0.5864842833174991,0.44378185381475554,8,7
willing,-0.5864842833174991,0.44378185381475554,8,7
result,-0.5891359374082048,0.44275344099419833,99,66
serve,-0.5936085023765109,0.44102711587096344,24,18
estimated,-0.5956074007281265,0.44025892670922584,21,16
benefit,-0.60381055245081,0.43712781008064827,18,14
recorded,-0.60381055245081,0.43712781008064827,18,14
worst,-0.60381055245081,0.43712781008064827,18,14
sites,-0.6085122513229257,0.4353485243019114,33,24
affects,-0.6216643625744037,0.43042947010178223,15,12
desire,-0.6216643625744037,0.43042947010178223,15,12
times,-0.6279063714563063,0.4281243120923758,78,53
four,-0.6395299289754677,0.42388106795077507,42,30
adds,-0.6403076481824791,0.42359941526841993,4,5
adherence,-0.6403076481824791,0.42359941526841993,4,5
anti-personnel,-0.6403076481824791,0.42359941526841993,4,5
dams,-0.6403076481824791,0.42359941526841993,4,5
displacements,-0.6403076481824791,0.42359941526841993,4,5
familiar,-0.6403076481824791,0.42359941526841993,4,5
outgoing,-0.6403076481824791,0.42359941526841993,4,5
politics,-0.6403076481824791,0.42359941526841993,4,5
prey,-0.6403076481824791,0.42359941526841993,4,5
provoke,-0.6403076481824791,0.42359941526841993,4,5
reducing,-0.6403076481824791,0.42359941526841993,4,5
rightly,-0.6403076481824791,0.42359941526841993,4,5
sharply,-0.6403076481824791,0.42359941526841993,4,5
substantive,-0.6403076481824791,0.42359941526841993,4,5
worried,-0.6403076481824791,0.42359941526841993,4,5
obligation,-0.6518230171034287,0.4194616565036139,45,32
beginning,-0.6630301754440794,0.4154922113252809,62,43
south,-0.6925629207514723,0.40529400206437594,28,21
initiative,-0.6941118877421957,0.4047692867749709,329,209
third,-0.6992259814365742,0.4030438979695379,34,25
worldwide,-0.6992259814365742,0.4030438979695379,34,25
winter,-0.7119739663562265,0.3987892807792649,128,85
assistance,-0.7139620929636827,0.3981316226262419,270,173
concrete,-0.7146119289075155,0.39791700174007527,19,15
trapped,-0.7146119289075155,0.39791700174007527,19,15
eventually,-0.7203825491667282,0.3960184547639706,9,8
imposing,-0.7203825491667282,0.3960184547639706,9,8
stake,-0.7203825491667282,0.3960184547639706,9,8
meet,-0.7346225215496865,0.39138894048263706,46,33
many,-0.7391051075880738,0.3899476949287837,294,188
alleged,-0.7393446727705728,0.38987088367896094,16,13
increases,-0.7393446727705728,0.38987088367896094,16,13
reasons,-0.7393446727705728,0.38987088367896094,16,13
region,-0.7717009422174078,0.37969136607747966,121,81
contact,-0.7818218839627574,0.37658452146778565,13,11
becomes,-0.7826045858337626,0.37634574669772003,5,6
burden,-0.7826045858337626,0.37634574669772003,5,6
containing,-0.7826045858337626,0.37634574669772003,5,6
falling,-0.7826045858337626,0.37634574669772003,5,6
heaviest,-0.7826045858337626,0.37634574669772003,5,6
highlighting,-0.7826045858337626,0.37634574669772003,5,6
inability,-0.7826045858337626,0.37634574669772003,5,6
jeopardize,-0.7826045858337626,0.37634574669772003,5,6
outlined,-0.7826045858337626,0.37634574669772003,5,6
outstanding,-0.7826045858337626,0.37634574669772003,5,6
prompt,-0.7826045858337626,0.37634574669772003,5,6
reflected,-0.7826045858337626,0.37634574669772003,5,6
strict,-0.7826045858337626,0.37634574669772003,5,6
undertake,-0.7826045858337626,0.37634574669772003,5,6
unite,-0.7826045858337626,0.37634574669772003,5,6
useless,-0.7826045858337626,0.37634574669772003,5,6
commitments,-0.7915229598257228,0.37364001284811976,32,24
living,-0.7915229598257228,0.37364001284811976,32,24
favour,-0.8037164375578537,0.36998453350681093,41,30
flee,-0.8037164375578537,0.36998453350681093,41,30
whose,-0.8037164375578537,0.36998453350681093,41,30
assist,-0.8096141687155473,0.3682343464126583,23,18
madam,-0.8096141687155473,0.3682343464126583,23,18
ways,-0.8096141687155473,0.3682343464126583,23,18
areas,-0.8215692899610867,0.3647217415456694,215,140
contrary,-0.8289160809592665,0.36258614284217583,20,16
beacon,-0.8560517806933481,0.3548459365208604,10,9
coordinate,-0.8560517806933481,0.3548459365208604,10,9
overall,-0.8560517806933481,0.3548459365208604,10,9
passing,-0.8560517806933481,0.3548459365208604,10,9
even,-0.8714110915224247,0.35056495489363715,171,113
independence,-0.8726976869464107,0.35020955595074155,155,103
address,-0.8739539091752859,0.3498630201094828,120,81
prices,-0.8739539091752859,0.3498630201094828,120,81
take,-0.8905624715581816,0.34532492897482125,158,105
secretary-general's,-0.8916258056268326,0.3450371100123665,33,25
welcomes,-0.8916258056268326,0.3450371100123665,33,25
recall,-0.8960228477391081,0.3438503750676156,42,31
red,-0.8960228477391081,0.3438503750676156,42,31
seeking,-0.8960228477391081,0.3438503750676156,42,31
disrupted,-0.9103945815279234,0.3400097463085938,14,12
drinking,-0.9103945815279234,0.3400097463085938,14,12
paragraph,-0.9103945815279234,0.3400097463085938,14,12
based,-0.9188693794361805,0.3377720115138173,85,59
limited,-0.921547245231221,0.3370690438962852,24,19
considerations,-0.9249038323945398,0.33619067175606,6,7
continuously,-0.9249038323945398,0.33619067175606,6,7
crops,-0.9249038323945398,0.33619067175606,6,7
dimension,-0.9249038323945398,0.33619067175606,6,7
disproportionately,-0.9249038323945398,0.33619067175606,6,7
inflation,-0.9249038323945398,0.33619067175606,6,7
opportunities,-0.9249038323945398,0.33619067175606,6,7
peacefully,-0.9249038323945398,0.33619067175606,6,7
produce,-0.9249038323945398,0.33619067175606,6,7
published,-0.9249038323945398,0.33619067175606,6,7
sanitation,-0.9249038323945398,0.33619067175606,6,7
suggest,-0.9249038323945398,0.33619067175606,6,7
vulnerability,-0.9249038323945398,0.33619067175606,6,7
although,-0.9461703034522781,0.33069603312037743,21,17
requires,-0.9461703034522781,0.33069603312037743,21,17
trauma,-0.9461703034522781,0.33069603312037743,21,17
victims,-0.980207147772861,0.3221476700673547,138,93
described,-0.9836663917364323,0.32129530632292647,18,15
strengthening,-0.9836663917364323,0.32129530632292647,18,15
reason,-0.9909989190639739,0.319498352455035,43,32
carry,-0.9929866474758494,0.3190135057289818,11,10
disastrous,-0.9929866474758494,0.3190135057289818,11,10
programmes,-0.9929866474758494,0.3190135057289818,11,10
process,-0.994578932679953,0.31862581263224554,46,34
accompanied,-0.99605432153355,0.31826713381058924,7,7
advantage,-0.99605432153355,0.31826713381058924,7,7
denise,-0.99605432153355,0.31826713381058924,7,7
midst,-0.99605432153355,0.31826713381058924,7,7
paramount,-0.99605432153355,0.31826713381058924,7,7
safeguarding,-0.99605432153355,0.31826713381058924,7,7
devastation,-1.0361829342034357,0.30871088512764056,25,20
fire,-1.0361829342034357,0.30871088512764056,25,20
supported,-1.0361829342034357,0.30871088512764056,25,20
well,-1.03787154501459,0.3083170113946935,267,174
america,-1.0409313880900222,0.3076049545948113,15,13
search,-1.0409313880900222,0.3076049545948113,15,13
urges,-1.0409313880900222,0.3076049545948113,15,13
supplies,-1.0782465250785387,0.299090151690651,73,52
kakhovka,-1.100008591408183,0.29426421885795573,35,27
adversely,-1.104475751013331,0.29328595805054525,1,3
aged,-1.104475751013331,0.29328595805054525,1,3
agreeing,-1.104475751013331,0.29328595805054525,1,3
alia,-1.104475751013331,0.29328595805054525,1,3
arable,-1.104475751013331,0.29328595805054525,1,3
arm,-1.104475751013331,0.29328595805054525,1,3
arrive,-1.104475751013331,0.29328595805054525,1,3
arriving,-1.104475751013331,0.29328595805054525,1,3
asserted,-1.104475751013331,0.29328595805054525,1,3
attained,-1.104475751013331,0.29328595805054525,1,3
attribute,-1.104475751013331,0.29328595805054525,1,3
backup,-1.104475751013331,0.29328595805054525,1,3
bunkers,-1.104475751013331,0.29328595805054525,1,3
chronic,-1.104475751013331,0.29328595805054525,1,3
communications,-1.104475751013331,0.29328595805054525,1,3
competence,-1.104475751013331,0.29328595805054525,1,3
complying,-1.104475751013331,0.29328595805054525,1,3
content,-1.104475751013331,0.29328595805054525,1,3
conventional,-1.104475751013331,0.29328595805054525,1,3
counselling,-1.104475751013331,0.29328595805054525,1,3
dawn,-1.104475751013331,0.29328595805054525,1,3
deceased,-1.104475751013331,0.29328595805054525,1,3
deterrence,-1.104475751013331,0.29328595805054525,1,3
domination,-1.104475751013331,0.29328595805054525,1,3
drugs,-1.104475751013331,0.29328595805054525,1,3
electrical,-1.104475751013331,0.29328595805054525,1,3
empathy,-1.104475751013331,0.29328595805054525,1,3
encouragement,-1.104475751013331,0.29328595805054525,1,3
entail,-1.104475751013331,0.29328595805054525,1,3
equip,-1.104475751013331,0.29328595805054525,1,3
evidenced,-1.104475751013331,0.29328595805054525,1,3
exclusively,-1.104475751013331,0.29328595805054525,1,3
flexibility,-1.104475751013331,0.29328595805054525,1,3
gangs,-1.104475751013331,0.29328595805054525,1,3
gender-responsive,-1.104475751013331,0.29328595805054525,1,3
gerwel,-1.104475751013331,0.29328595805054525,1,3
grievances,-1.104475751013331,0.29328595805054525,1,3
humanely,-1.104475751013331,0.29328595805054525,1,3
impede,-1.104475751013331,0.29328595805054525,1,3
incoming,-1.104475751013331,0.29328595805054525,1,3
inter,-1.104475751013331,0.29328595805054525,1,3
inter-agency,-1.104475751013331,0.29328595805054525,1,3
lawless,-1.104475751013331,0.29328595805054525,1,3
life-sustaining,-1.104475751013331,0.29328595805054525,1,3
liked,-1.104475751013331,0.29328595805054525,1,3
matthew,-1.104475751013331,0.29328595805054525,1,3
monetary,-1.104475751013331,0.29328595805054525,1,3
multiplied,-1.104475751013331,0.29328595805054525,1,3
outpouring,-1.104475751013331,0.29328595805054525,1,3
passages,-1.104475751013331,0.29328595805054525,1,3
perspectives,-1.104475751013331,0.29328595805054525,1,3
politicize,-1.104475751013331,0.29328595805054525,1,3
prejudice,-1.104475751013331,0.29328595805054525,1,3
productivity,-1.104475751013331,0.29328595805054525,1,3
rally,-1.104475751013331,0.29328595805054525,1,3
re-emphasize,-1.104475751013331,0.29328595805054525,1,3
react,-1.104475751013331,0.29328595805054525,1,3
recommit,-1.104475751013331,0.29328595805054525,1,3
rectify,-1.104475751013331,0.29328595805054525,1,3
recurrent,-1.104475751013331,0.29328595805054525,1,3
relieve,-1.104475751013331,0.29328595805054525,1,3
remedy,-1.104475751013331,0.29328595805054525,1,3
remotely,-1.104475751013331,0.29328595805054525,1,3
resuming,-1.104475751013331,0.29328595805054525,1,3
reverberating,-1.104475751013331,0.29328595805054525,1,3
settling,-1.104475751013331,0.29328595805054525,1,3
seventh,-1.104475751013331,0.29328595805054525,1,3
size,-1.104475751013331,0.29328595805054525,1,3
skills,-1.104475751013331,0.29328595805054525,1,3
smoothly,-1.104475751013331,0.29328595805054525,1,3
solid,-1.104475751013331,0.29328595805054525,1,3
spiral,-1.104475751013331,0.29328595805054525,1,3
statistic,-1.104475751013331,0.29328595805054525,1,3
stigmatization,-1.104475751013331,0.29328595805054525,1,3
subjecting,-1.104475751013331,0.29328595805054525,1,3
substantially,-1.104475751013331,0.29328595805054525,1,3
sweeping,-1.104475751013331,0.29328595805054525,1,3
syrian,-1.104475751013331,0.29328595805054525,1,3
talked,-1.104475751013331,0.29328595805054525,1,3
tends,-1.104475751013331,0.29328595805054525,1,3
thereto,-1.104475751013331,0.29328595805054525,1,3
uniting,-1.104475751013331,0.29328595805054525,1,3
unrest,-1.104475751013331,0.29328595805054525,1,3
valid,-1.104475751013331,0.29328595805054525,1,3
catastrophic,-1.1092844667984747,0.2922375424574337,19,16
central,-1.1092844667984747,0.2922375424574337,19,16
creating,-1.1092844667984747,0.2922375424574337,19,16
disproportionate,-1.1092844667984747,0.2922375424574337,19,16
unity,-1.1092844667984747,0.2922375424574337,19,16
neighbours,-1.1114880122062216,0.29175871632854566,32,25
suffer,-1.1114880122062216,0.29175871632854566,32,25
rapid,-1.1286104137858115,0.288071934300266,29,23
moving,-1.130857586215406,0.28759248812333493,12,11
proved,-1.130857586215406,0.28759248812333493,12,11
depend,-1.138357031563938,0.2859997628512595,8,8
equality,-1.138357031563938,0.2859997628512595,8,8
evacuations,-1.138357031563938,0.2859997628512595,8,8
focusing,-1.138357031563938,0.2859997628512595,8,8
initiative's,-1.138357031563938,0.2859997628512595,8,8
lose,-1.138357031563938,0.2859997628512595,8,8
mitigating,-1.138357031563938,0.2859997628512595,8,8
operating,-1.138357031563938,0.2859997628512595,8,8
pressing,-1.138357031563938,0.2859997628512595,8,8
advocates,-1.1575095044003276,0.28198264672449314,2,4
alert,-1.1575095044003276,0.28198264672449314,2,4
associated,-1.1575095044003276,0.28198264672449314,2,4
clearest,-1.1575095044003276,0.28198264672449314,2,4
code,-1.1575095044003276,0.28198264672449314,2,4
compassion,-1.1575095044003276,0.28198264672449314,2,4
components,-1.1575095044003276,0.28198264672449314,2,4
concluding,-1.1575095044003276,0.28198264672449314,2,4
consequently,-1.1575095044003276,0.28198264672449314,2,4
constructively,-1.1575095044003276,0.28198264672449314,2,4
contacts,-1.1575095044003276,0.28198264672449314,2,4
contributes,-1.1575095044003276,0.28198264672449314,2,4
cope,-1.1575095044003276,0.28198264672449314,2,4
demonstration,-1.1575095044003276,0.28198264672449314,2,4
distant,-1.1575095044003276,0.28198264672449314,2,4
engulfed,-1.1575095044003276,0.28198264672449314,2,4
fifthly,-1.1575095044003276,0.28198264672449314,2,4
function,-1.1575095044003276,0.28198264672449314,2,4
knowledge,-1.1575095044003276,0.28198264672449314,2,4
morally,-1.1575095044003276,0.28198264672449314,2,4
movements,-1.1575095044003276,0.28198264672449314,2,4
nationwide,-1.1575095044003276,0.28198264672449314,2,4
outages,-1.1575095044003276,0.28198264672449314,2,4
overview,-1.1575095044003276,0.28198264672449314,2,4
paper,-1.1575095044003276,0.28198264672449314,2,4
pathways,-1.1575095044003276,0.28198264672449314,2,4
perfect,-1.1575095044003276,0.28198264672449314,2,4
persisting,-1.1575095044003276,0.28198264672449314,2,4
post,-1.1575095044003276,0.28198264672449314,2,4
preserved,-1.1575095044003276,0.28198264672449314,2,4
puts,-1.1575095044003276,0.28198264672449314,2,4
recurring,-1.1575095044003276,0.28198264672449314,2,4
requirements,-1.1575095044003276,0.28198264672449314,2,4
requiring,-1.1575095044003276,0.28198264672449314,2,4
responsibly,-1.1575095044003276,0.28198264672449314,2,4
reverberate,-1.1575095044003276,0.28198264672449314,2,4
saddened,-1.1575095044003276,0.28198264672449314,2,4
samson,-1.1575095044003276,0.28198264672449314,2,4
seriousness,-1.1575095044003276,0.28198264672449314,2,4
soaring,-1.1575095044003276,0.28198264672449314,2,4
successfully,-1.1575095044003276,0.28198264672449314,2,4
upended,-1.1575095044003276,0.28198264672449314,2,4
virtual,-1.1575095044003276,0.28198264672449314,2,4
warehouse,-1.1575095044003276,0.28198264672449314,2,4
respects,-1.173039943743,0.27877749326611545,16,14
throughout,-1.1874193326945248,0.27585072616762885,48,36
active,-1.1878445250612335,0.2757647726608593,23,19
comply,-1.1887789920996645,0.27557598645651116,51,38
establish,-1.1913936356855663,0.27504862362094373,42,32
deputy,-1.2225952209053228,0.26885193955271247,33,26
vital,-1.2260796496865607,0.26817080979837826,69,50
abate,-1.2299680892405263,0.26741324404331457,0,2
abode,-1.2299680892405263,0.26741324404331457,0,2
abstention,-1.2299680892405263,0.26741324404331457,0,2
accomplished,-1.2299680892405263,0.26741324404331457,0,2
accorded,-1.2299680892405263,0.26741324404331457,0,2
accumulate,-1.2299680892405263,0.26741324404331457,0,2
accumulation,-1.2299680892405263,0.26741324404331457,0,2
adheres,-1.2299680892405263,0.26741324404331457,0,2
adolescents,-1.2299680892405263,0.26741324404331457,0,2
almheiri,-1.2299680892405263,0.26741324404331457,0,2
americans,-1.2299680892405263,0.26741324404331457,0,2
animosity,-1.2299680892405263,0.26741324404331457,0,2
anti-racism,-1.2299680892405263,0.26741324404331457,0,2
arbitration,-1.2299680892405263,0.26741324404331457,0,2
arise,-1.2299680892405263,0.26741324404331457,0,2
assures,-1.2299680892405263,0.26741324404331457,0,2
asylum,-1.2299680892405263,0.26741324404331457,0,2
attentively,-1.2299680892405263,0.26741324404331457,0,2
attribution,-1.2299680892405263,0.26741324404331457,0,2
avowed,-1.2299680892405263,0.26741324404331457,0,2
bias,-1.2299680892405263,0.26741324404331457,0,2
binds,-1.2299680892405263,0.26741324404331457,0,2
bratislava,-1.2299680892405263,0.26741324404331457,0,2
brazilians,-1.2299680892405263,0.26741324404331457,0,2
breaching,-1.2299680892405263,0.26741324404331457,0,2
breakthroughs,-1.2299680892405263,0.26741324404331457,0,2
briefly,-1.2299680892405263,0.26741324404331457,0,2
bulwark,-1.2299680892405263,0.26741324404331457,0,2
burdens,-1.2299680892405263,0.26741324404331457,0,2
bystander,-1.2299680892405263,0.26741324404331457,0,2
certainties,-1.2299680892405263,0.26741324404331457,0,2
chairperson,-1.2299680892405263,0.26741324404331457,0,2
charting,-1.2299680892405263,0.26741324404331457,0,2
cholera,-1.2299680892405263,0.26741324404331457,0,2
clear-cut,-1.2299680892405263,0.26741324404331457,0,2
clinic,-1.2299680892405263,0.26741324404331457,0,2
combative,-1.2299680892405263,0.26741324404331457,0,2
commencement,-1.2299680892405263,0.26741324404331457,0,2
commerce,-1.2299680892405263,0.26741324404331457,0,2
compass,-1.2299680892405263,0.26741324404331457,0,2
complementary,-1.2299680892405263,0.26741324404331457,0,2
complemented,-1.2299680892405263,0.26741324404331457,0,2
complications,-1.2299680892405263,0.26741324404331457,0,2
comprehensively,-1.2299680892405263,0.26741324404331457,0,2
concert,-1.2299680892405263,0.26741324404331457,0,2
conciliation,-1.2299680892405263,0.26741324404331457,0,2
conflagrated,-1.2299680892405263,0.26741324404331457,0,2
conflict-resolution,-1.2299680892405263,0.26741324404331457,0,2
conform,-1.2299680892405263,0.26741324404331457,0,2
consensual,-1.2299680892405263,0.26741324404331457,0,2
constrained,-1.2299680892405263,0.26741324404331457,0,2
contours,-1.2299680892405263,0.26741324404331457,0,2
contradictions,-1.2299680892405263,0.26741324404331457,0,2
coping,-1.2299680892405263,0.26741324404331457,0,2
creative,-1.2299680892405263,0.26741324404331457,0,2
crossroads,-1.2299680892405263,0.26741324404331457,0,2
de-escalating,-1.2299680892405263,0.26741324404331457,0,2
deafening,-1.2299680892405263,0.26741324404331457,0,2
decolonization,-1.2299680892405263,0.26741324404331457,0,2
deepened,-1.2299680892405263,0.26741324404331457,0,2
deeper,-1.2299680892405263,0.26741324404331457,0,2
delicate,-1.2299680892405263,0.26741324404331457,0,2
delineation,-1.2299680892405263,0.26741324404331457,0,2
desolation,-1.2299680892405263,0.26741324404331457,0,2
disaggregated,-1.2299680892405263,0.26741324404331457,0,2
discriminate,-1.2299680892405263,0.26741324404331457,0,2
disembark,-1.2299680892405263,0.26741324404331457,0,2
disparities,-1.2299680892405263,0.26741324404331457,0,2
domino-like,-1.2299680892405263,0.26741324404331457,0,2
drafters,-1.2299680892405263,0.26741324404331457,0,2
durability,-1.2299680892405263,0.26741324404331457,0,2
early-recovery,-1.2299680892405263,0.26741324404331457,0,2
early-warning,-1.2299680892405263,0.26741324404331457,0,2
echoing,-1.2299680892405263,0.26741324404331457,0,2
eluded,-1.2299680892405263,0.26741324404331457,0,2
embassies,-1.2299680892405263,0.26741324404331457,0,2
embassy,-1.2299680892405263,0.26741324404331457,0,2
emissions,-1.2299680892405263,0.26741324404331457,0,2
empathize,-1.2299680892405263,0.26741324404331457,0,2
emphasizing,-1.2299680892405263,0.26741324404331457,0,2
enforcing,-1.2299680892405263,0.26741324404331457,0,2
engages,-1.2299680892405263,0.26741324404331457,0,2
ensue,-1.2299680892405263,0.26741324404331457,0,2
entrenching,-1.2299680892405263,0.26741324404331457,0,2
entry,-1.2299680892405263,0.26741324404331457,0,2
epicentre,-1.2299680892405263,0.26741324404331457,0,2
equitably,-1.2299680892405263,0.26741324404331457,0,2
erupts,-1.2299680892405263,0.26741324404331457,0,2
eurasian,-1.2299680892405263,0.26741324404331457,0,2
exacted,-1.2299680892405263,0.26741324404331457,0,2
exacting,-1.2299680892405263,0.26741324404331457,0,2
excessive,-1.2299680892405263,0.26741324404331457,0,2
exhaust,-1.2299680892405263,0.26741324404331457,0,2
exile,-1.2299680892405263,0.26741324404331457,0,2
expands,-1.2299680892405263,0.26741324404331457,0,2
explored,-1.2299680892405263,0.26741324404331457,0,2
expressions,-1.2299680892405263,0.26741324404331457,0,2
facilitators,-1.2299680892405263,0.26741324404331457,0,2
fairer,-1.2299680892405263,0.26741324404331457,0,2
fallouts,-1.2299680892405263,0.26741324404331457,0,2
fences,-1.2299680892405263,0.26741324404331457,0,2
fester,-1.2299680892405263,0.26741324404331457,0,2
festive,-1.2299680892405263,0.26741324404331457,0,2
fishing,-1.2299680892405263,0.26741324404331457,0,2
flame,-1.2299680892405263,0.26741324404331457,0,2
flashing,-1.2299680892405263,0.26741324404331457,0,2
flashpoints,-1.2299680892405263,0.26741324404331457,0,2
fragilities,-1.2299680892405263,0.26741324404331457,0,2
francis,-1.2299680892405263,0.26741324404331457,0,2
frequency,-1.2299680892405263,0.26741324404331457,0,2
frequently,-1.2299680892405263,0.26741324404331457,0,2
frustration,-1.2299680892405263,0.26741324404331457,0,2
g-20,-1.2299680892405263,0.26741324404331457,0,2
ghanaian,-1.2299680892405263,0.26741324404331457,0,2
grinding,-1.2299680892405263,0.26741324404331457,0,2
hammered,-1.2299680892405263,0.26741324404331457,0,2
hateful,-1.2299680892405263,0.26741324404331457,0,2
havens,-1.2299680892405263,0.26741324404331457,0,2
hedda,-1.2299680892405263,0.26741324404331457,0,2
hegemonic,-1.2299680892405263,0.26741324404331457,0,2
hegemony,-1.2299680892405263,0.26741324404331457,0,2
hits,-1.2299680892405263,0.26741324404331457,0,2
holistic,-1.2299680892405263,0.26741324404331457,0,2
hors,-1.2299680892405263,0.26741324404331457,0,2
ice,-1.2299680892405263,0.26741324404331457,0,2
immensely,-1.2299680892405263,0.26741324404331457,0,2
impersonal,-1.2299680892405263,0.26741324404331457,0,2
incentivize,-1.2299680892405263,0.26741324404331457,0,2
incontestable,-1.2299680892405263,0.26741324404331457,0,2
indefinite,-1.2299680892405263,0.26741324404331457,0,2
industrialized,-1.2299680892405263,0.26741324404331457,0,2
infringement,-1.2299680892405263,0.26741324404331457,0,2
insisting,-1.2299680892405263,0.26741324404331457,0,2
insufficiency,-1.2299680892405263,0.26741324404331457,0,2
intangible,-1.2299680892405263,0.26741324404331457,0,2
interdependence,-1.2299680892405263,0.26741324404331457,0,2
interplay,-1.2299680892405263,0.26741324404331457,0,2
intractable,-1.2299680892405263,0.26741324404331457,0,2
invariably,-1.2299680892405263,0.26741324404331457,0,2
invective,-1.2299680892405263,0.26741324404331457,0,2
inviolable,-1.2299680892405263,0.26741324404331457,0,2
jeopardizes,-1.2299680892405263,0.26741324404331457,0,2
kenyan,-1.2299680892405263,0.26741324404331457,0,2
korean,-1.2299680892405263,0.26741324404331457,0,2
korrine,-1.2299680892405263,0.26741324404331457,0,2
lament,-1.2299680892405263,0.26741324404331457,0,2
lamentable,-1.2299680892405263,0.26741324404331457,0,2
layer,-1.2299680892405263,0.26741324404331457,0,2
league,-1.2299680892405263,0.26741324404331457,0,2
leveraged,-1.2299680892405263,0.26741324404331457,0,2
lula,-1.2299680892405263,0.26741324404331457,0,2
madagascar,-1.2299680892405263,0.26741324404331457,0,2
marriage,-1.2299680892405263,0.26741324404331457,0,2
mindful,-1.2299680892405263,0.26741324404331457,0,2
misgivings,-1.2299680892405263,0.26741324404331457,0,2
multiplicity,-1.2299680892405263,0.26741324404331457,0,2
mv,-1.2299680892405263,0.26741324404331457,0,2
nason's,-1.2299680892405263,0.26741324404331457,0,2
nurture,-1.2299680892405263,0.26741324404331457,0,2
objectivity,-1.2299680892405263,0.26741324404331457,0,2
occurrence,-1.2299680892405263,0.26741324404331457,0,2
odds,-1.2299680892405263,0.26741324404331457,0,2
operates,-1.2299680892405263,0.26741324404331457,0,2
opportunistic,-1.2299680892405263,0.26741324404331457,0,2
outlets,-1.2299680892405263,0.26741324404331457,0,2
oversight,-1.2299680892405263,0.26741324404331457,0,2
owes,-1.2299680892405263,0.26741324404331457,0,2
participatory,-1.2299680892405263,0.26741324404331457,0,2
peremptory,-1.2299680892405263,0.26741324404331457,0,2
permitting,-1.2299680892405263,0.26741324404331457,0,2
pick,-1.2299680892405263,0.26741324404331457,0,2
plagued,-1.2299680892405263,0.26741324404331457,0,2
polarization,-1.2299680892405263,0.26741324404331457,0,2
polarized,-1.2299680892405263,0.26741324404331457,0,2
politicized,-1.2299680892405263,0.26741324404331457,0,2
popasna,-1.2299680892405263,0.26741324404331457,0,2
postponed,-1.2299680892405263,0.26741324404331457,0,2
posturing,-1.2299680892405263,0.26741324404331457,0,2
potable,-1.2299680892405263,0.26741324404331457,0,2
pouring,-1.2299680892405263,0.26741324404331457,0,2
prague,-1.2299680892405263,0.26741324404331457,0,2
precautionary,-1.2299680892405263,0.26741324404331457,0,2
preferred,-1.2299680892405263,0.26741324404331457,0,2
prejudging,-1.2299680892405263,0.26741324404331457,0,2
presently,-1.2299680892405263,0.26741324404331457,0,2
prioritizes,-1.2299680892405263,0.26741324404331457,0,2
programming,-1.2299680892405263,0.26741324404331457,0,2
progressing,-1.2299680892405263,0.26741324404331457,0,2
protagonists,-1.2299680892405263,0.26741324404331457,0,2
protests,-1.2299680892405263,0.26741324404331457,0,2
protraction,-1.2299680892405263,0.26741324404331457,0,2
purchasing,-1.2299680892405263,0.26741324404331457,0,2
purview,-1.2299680892405263,0.26741324404331457,0,2
rampant,-1.2299680892405263,0.26741324404331457,0,2
rates,-1.2299680892405263,0.26741324404331457,0,2
ratified,-1.2299680892405263,0.26741324404331457,0,2
rebuilt,-1.2299680892405263,0.26741324404331457,0,2
receding,-1.2299680892405263,0.26741324404331457,0,2
reconsidered,-1.2299680892405263,0.26741324404331457,0,2
redress,-1.2299680892405263,0.26741324404331457,0,2
region's,-1.2299680892405263,0.26741324404331457,0,2
rein,-1.2299680892405263,0.26741324404331457,0,2
repertoire,-1.2299680892405263,0.26741324404331457,0,2
resentments,-1.2299680892405263,0.26741324404331457,0,2
resettled,-1.2299680892405263,0.26741324404331457,0,2
responsive,-1.2299680892405263,0.26741324404331457,0,2
rethink,-1.2299680892405263,0.26741324404331457,0,2
reversal,-1.2299680892405263,0.26741324404331457,0,2
rings,-1.2299680892405263,0.26741324404331457,0,2
rivalry,-1.2299680892405263,0.26741324404331457,0,2
russia-ukraine,-1.2299680892405263,0.26741324404331457,0,2
saddening,-1.2299680892405263,0.26741324404331457,0,2
scarcity,-1.2299680892405263,0.26741324404331457,0,2
scarred,-1.2299680892405263,0.26741324404331457,0,2
scrupulously,-1.2299680892405263,0.26741324404331457,0,2
self-serving,-1.2299680892405263,0.26741324404331457,0,2
settled,-1.2299680892405263,0.26741324404331457,0,2
seventy,-1.2299680892405263,0.26741324404331457,0,2
severodonetsk,-1.2299680892405263,0.26741324404331457,0,2
sex-disaggregated,-1.2299680892405263,0.26741324404331457,0,2
shaping,-1.2299680892405263,0.26741324404331457,0,2
shareholders,-1.2299680892405263,0.26741324404331457,0,2
shockwave,-1.2299680892405263,0.26741324404331457,0,2
shortfalls,-1.2299680892405263,0.26741324404331457,0,2
shortly,-1.2299680892405263,0.26741324404331457,0,2
shrinking,-1.2299680892405263,0.26741324404331457,0,2
signalling,-1.2299680892405263,0.26741324404331457,0,2
silenced,-1.2299680892405263,0.26741324404331457,0,2
skilled,-1.2299680892405263,0.26741324404331457,0,2
skin,-1.2299680892405263,0.26741324404331457,0,2
slightly,-1.2299680892405263,0.26741324404331457,0,2
sorrow,-1.2299680892405263,0.26741324404331457,0,2
sowed,-1.2299680892405263,0.26741324404331457,0,2
spaces,-1.2299680892405263,0.26741324404331457,0,2
stabilizes,-1.2299680892405263,0.26741324404331457,0,2
stagnation,-1.2299680892405263,0.26741324404331457,0,2
stall,-1.2299680892405263,0.26741324404331457,0,2
stir,-1.2299680892405263,0.26741324404331457,0,2
strained,-1.2299680892405263,0.26741324404331457,0,2
stretch,-1.2299680892405263,0.26741324404331457,0,2
strife,-1.2299680892405263,0.26741324404331457,0,2
sub-zero,-1.2299680892405263,0.26741324404331457,0,2
subregional,-1.2299680892405263,0.26741324404331457,0,2
subsistence,-1.2299680892405263,0.26741324404331457,0,2
sup,-1.2299680892405263,0.26741324404331457,0,2
supersede,-1.2299680892405263,0.26741324404331457,0,2
sustainability,-1.2299680892405263,0.26741324404331457,0,2
taiwan,-1.2299680892405263,0.26741324404331457,0,2
tempering,-1.2299680892405263,0.26741324404331457,0,2
tend,-1.2299680892405263,0.26741324404331457,0,2
tense,-1.2299680892405263,0.26741324404331457,0,2
tenuous,-1.2299680892405263,0.26741324404331457,0,2
traumatizing,-1.2299680892405263,0.26741324404331457,0,2
treatments,-1.2299680892405263,0.26741324404331457,0,2
trouble,-1.2299680892405263,0.26741324404331457,0,2
truest,-1.2299680892405263,0.26741324404331457,0,2
twin,-1.2299680892405263,0.26741324404331457,0,2
unbridled,-1.2299680892405263,0.26741324404331457,0,2
undertakings,-1.2299680892405263,0.26741324404331457,0,2
universally,-1.2299680892405263,0.26741324404331457,0,2
unofficial,-1.2299680892405263,0.26741324404331457,0,2
unpredictability,-1.2299680892405263,0.26741324404331457,0,2
unravel,-1.2299680892405263,0.26741324404331457,0,2
users,-1.2299680892405263,0.26741324404331457,0,2
valued,-1.2299680892405263,0.26741324404331457,0,2
varying,-1.2299680892405263,0.26741324404331457,0,2
vigour,-1.2299680892405263,0.26741324404331457,0,2
wantonly,-1.2299680892405263,0.26741324404331457,0,2
widen,-1.2299680892405263,0.26741324404331457,0,2
windows,-1.2299680892405263,0.26741324404331457,0,2
yards,-1.2299680892405263,0.26741324404331457,0,2
yuan,-1.2299680892405263,0.26741324404331457,0,2
longer,-1.2367095142469138,0.26610615431275486,20,17
regardless,-1.2367095142469138,0.26610615431275486,20,17
article,-1.2434649239648392,0.26480432193590386,30,24
abstain,-1.2551765123361853,0.2625660896602904,3,5
ammunition,-1.2551765123361853,0.2625660896602904,3,5
component,-1.2551765123361853,0.2625660896602904,3,5
convey,-1.2551765123361853,0.2625660896602904,3,5
convoy,-1.2551765123361853,0.2625660896602904,3,5
de,-1.2551765123361853,0.2625660896602904,3,5
dimensions,-1.2551765123361853,0.2625660896602904,3,5
finds,-1.2551765123361853,0.2625660896602904,3,5
first-hand,-1.2551765123361853,0.2625660896602904,3,5
gaza,-1.2551765123361853,0.2625660896602904,3,5
ideas,-1.2551765123361853,0.2625660896602904,3,5
inclusion,-1.2551765123361853,0.2625660896602904,3,5
inform,-1.2551765123361853,0.2625660896602904,3,5
intolerable,-1.2551765123361853,0.2625660896602904,3,5
lay,-1.2551765123361853,0.2625660896602904,3,5
magnitude,-1.2551765123361853,0.2625660896602904,3,5
manuel,-1.2551765123361853,0.2625660896602904,3,5
medicines,-1.2551765123361853,0.2625660896602904,3,5
omar,-1.2551765123361853,0.2625660896602904,3,5
original,-1.2551765123361853,0.2625660896602904,3,5
presents,-1.2551765123361853,0.2625660896602904,3,5
rafael,-1.2551765123361853,0.2625660896602904,3,5
recalls,-1.2551765123361853,0.2625660896602904,3,5
shipment,-1.2551765123361853,0.2625660896602904,3,5
sir,-1.2551765123361853,0.2625660896602904,3,5
technology,-1.2551765123361853,0.2625660896602904,3,5
useful,-1.2551765123361853,0.2625660896602904,3,5
exacerbating,-1.2694404938868025,0.2598716691019426,13,12
damage,-1.279211740379968,0.25804565027782955,101,71
dealing,-1.2806620506443158,0.2577759744728976,9,9
fair,-1.2806620506443158,0.2577759744728976,9,9
meanwhile,-1.2806620506443158,0.2577759744728976,9,9
repair,-1.2806620506443158,0.2577759744728976,9,9
secretariat,-1.2806620506443158,0.2577759744728976,9,9
stressed,-1.2806620506443158,0.2577759744728976,9,9
capacity,-1.2864074824498788,0.2567110629105691,52,39
dam,-1.2899692846913349,0.2560536111747064,46,35
addition,-1.2906295947858837,0.25593195678248604,58,43
help,-1.3042436038277254,0.25343953306328026,132,91
contribution,-1.30642597857137,0.25304277233375416,17,15
goods,-1.30642597857137,0.25304277233375416,17,15
munitions,-1.30642597857137,0.25304277233375416,17,15
spirit,-1.3116137198864963,0.25210269034038,24,20
battlefield,-1.365663893673268,0.24255828610926566,21,18
clean,-1.370698207452794,0.24169195823754863,4,6
compelled,-1.370698207452794,0.24169195823754863,4,6
david,-1.370698207452794,0.24169195823754863,4,6
degree,-1.370698207452794,0.24169195823754863,4,6
extends,-1.370698207452794,0.24169195823754863,4,6
filippo,-1.370698207452794,0.24169195823754863,4,6
forums,-1.370698207452794,0.24169195823754863,4,6
frank,-1.370698207452794,0.24169195823754863,4,6
inevitably,-1.370698207452794,0.24169195823754863,4,6
jointly,-1.370698207452794,0.24169195823754863,4,6
locations,-1.370698207452794,0.24169195823754863,4,6
minors,-1.370698207452794,0.24169195823754863,4,6
preserving,-1.370698207452794,0.24169195823754863,4,6
quest,-1.370698207452794,0.24169195823754863,4,6
road,-1.370698207452794,0.24169195823754863,4,6
scenario,-1.370698207452794,0.24169195823754863,4,6
signal,-1.370698207452794,0.24169195823754863,4,6
signals,-1.370698207452794,0.24169195823754863,4,6
sound,-1.370698207452794,0.24169195823754863,4,6
subsequent,-1.370698207452794,0.24169195823754863,4,6
unless,-1.370698207452794,0.24169195823754863,4,6
urged,-1.370698207452794,0.24169195823754863,4,6
abuse,-1.3931288493494949,0.23787742178278803,28,23
people's,-1.3931288493494949,0.23787742178278803,28,23
pressure,-1.3931288493494949,0.23787742178278803,28,23
appropriate,-1.4085776683778386,0.235292651922977,14,13
financial,-1.4134512948840825,0.2344843025719291,41,32
deployment,-1.4229693788308848,0.23291527559454117,10,10
emerging,-1.4229693788308848,0.23291527559454117,10,10
final,-1.4229693788308848,0.23291527559454117,10,10
flooding,-1.4229693788308848,0.23291527559454117,10,10
fourth,-1.4229693788308848,0.23291527559454117,10,10
fulfil,-1.4229693788308848,0.23291527559454117,10,10
played,-1.4229693788308848,0.23291527559454117,10,10
upheld,-1.4229693788308848,0.23291527559454117,10,10
verified,-1.4229693788308848,0.23291527559454117,10,10
affect,-1.4408644626529883,0.22999950282655535,18,16
enormous,-1.4408644626529883,0.22999950282655535,18,16
highest,-1.4408644626529883,0.22999950282655535,18,16
large,-1.47886332805047,0.22395244988217045,32,26
condition,-1.4951484006649147,0.2214193714038175,5,7
cycle,-1.4951484006649147,0.2214193714038175,5,7
enjoy,-1.4951484006649147,0.2214193714038175,5,7
gravity,-1.4951484006649147,0.2214193714038175,5,7
long-lasting,-1.4951484006649147,0.2214193714038175,5,7
series,-1.4951484006649147,0.2214193714038175,5,7
track,-1.4951484006649147,0.2214193714038175,5,7
video-teleconference,-1.4951484006649147,0.2214193714038175,5,7
among,-1.5100283831647894,0.21913475540473792,78,57
proper,-1.548154911622773,0.21340803270140762,15,14
receive,-1.548154911622773,0.21340803270140762,15,14
rhetoric,-1.5637960196038465,0.21111027447798947,26,22
fought,-1.5652790161798484,0.21089394173717246,11,11
fund,-1.5652790161798484,0.21089394173717246,11,11
movement,-1.5652790161798484,0.21089394173717246,11,11
policies,-1.5652790161798484,0.21089394173717246,11,11
survive,-1.5652790161798484,0.21089394173717246,11,11
civilians,-1.5891400413181678,0.2074490409518266,653,417
groups,-1.5990283917611365,0.20604095613866136,33,27
like,-1.6209661006084886,0.20295713124960302,329,217
give,-1.677260372801795,0.1952888825946847,198,135
nearly,-1.682796783990342,0.1945532398613763,65,49
medical,-1.6848527478155184,0.1942808824183525,62,47
numbers,-1.6856822537832017,0.19417112244832935,37,30
extension,-1.6880874960389505,0.19385327124706442,16,15
session,-1.6880874960389505,0.19385327124706442,16,15
spread,-1.6880874960389505,0.19385327124706442,16,15
afford,-1.6907542090363585,0.19350157766312082,7,8
contained,-1.6907542090363585,0.19350157766312082,7,8
durable,-1.6907542090363585,0.19350157766312082,7,8
representatives,-1.7037461654951602,0.19179878820485963,53,41
halt,-1.707590962747412,0.19129822931615836,12,12
potentially,-1.707590962747412,0.19129822931615836,12,12
signing,-1.707590962747412,0.19129822931615836,12,12
form,-1.7122355325488239,0.19069557830541772,20,18
little,-1.7122355325488239,0.19069557830541772,20,18
geneva,-1.7501818166016063,0.18585387712063162,44,35
consequences,-1.794937850717343,0.18032569079451588,208,142
way,-1.8072174418046498,0.1788423846983227,164,114
coordinated,-1.824661433970473,0.17675941393175976,8,9
deployed,-1.824661433970473,0.17675941393175976,8,9
spared,-1.824661433970473,0.17675941393175976,8,9
unnecessary,-1.824661433970473,0.17675941393175976,8,9
intensified,-1.8283112340773804,0.1763271443815282,17,16
maintaining,-1.8283112340773804,0.1763271443815282,17,16
objectives,-1.8283112340773804,0.1763271443815282,17,16
profound,-1.8499052185897826,0.17379441840105958,13,13
month,-1.8869479514424434,0.16954656446023952,85,63
stated,-1.8928759512885676,0.1688778992028125,25,22
africa,-1.9086834176457763,0.16710958011222965,58,45
aimed,-1.9214556521104043,0.16569627893359695,55,43
threat,-1.9237927455863928,0.1654391526474206,103,75
reaffirm,-1.9511031444279445,0.16246802599365195,29,25
announcement,-1.960339624727352,0.1614770008747165,9,10
expresses,-1.960339624727352,0.1614770008747165,9,10
occasion,-1.960339624727352,0.1614770008747165,9,10
restoring,-1.960339624727352,0.1614770008747165,9,10
sick,-1.960339624727352,0.1614770008747165,9,10
reaching,-1.968776609641693,0.16057777784027705,18,17
floor,-1.9705422002969208,0.16039032222504201,169,118
reached,-1.9861424929248093,0.15874480071851915,22,20
resulted,-1.9861424929248093,0.15874480071851915,22,20
suffered,-1.9922217837631686,0.1581087660913888,14,14
access,-2.0506012515342853,0.1521460945059273,242,165
plant,-2.063392076012756,0.15087399042485328,142,101
water,-2.0876112634335144,0.14849810393601626,128,92
contributions,-2.0972834508854894,0.14756110424520608,10,11
experienced,-2.0972834508854894,0.14756110424520608,10,11
room,-2.0972834508854894,0.14756110424520608,10,11
undertaken,-2.0972834508854894,0.14756110424520608,10,11
executive,-2.1094448128306733,0.14639242027007382,19,18
maintenance,-2.1094448128306733,0.14639242027007382,19,18
underline,-2.1094448128306733,0.14639242027007382,19,18
safe,-2.109849951754509,0.14635366729991373,134,96
given,-2.12767906515205,0.14465964798575992,60,47
expressing,-2.134540658323781,0.1440135951482968,15,15
faced,-2.134540658323781,0.1440135951482968,15,15
guaranteed,-2.134540658323781,0.1440135951482968,15,15
resulting,-2.1470883717408547,0.14284054922331457,34,29
alarming,-2.1614457610185833,0.14151148789399615,27,24
internally,-2.164745985966206,0.14120795514865603,54,43
bottom,-2.2143460312781893,0.1367329917522263,2,5
complicated,-2.2143460312781893,0.1367329917522263,2,5
conflict-affected,-2.2143460312781893,0.1367329917522263,2,5
considers,-2.2143460312781893,0.1367329917522263,2,5
decision-making,-2.2143460312781893,0.1367329917522263,2,5
deplores,-2.2143460312781893,0.1367329917522263,2,5
deserving,-2.2143460312781893,0.1367329917522263,2,5
director-general,-2.2143460312781893,0.1367329917522263,2,5
forum,-2.2143460312781893,0.1367329917522263,2,5
frequent,-2.2143460312781893,0.1367329917522263,2,5
guiding,-2.2143460312781893,0.1367329917522263,2,5
harvests,-2.2143460312781893,0.1367329917522263,2,5
judicial,-2.2143460312781893,0.1367329917522263,2,5
longer-term,-2.2143460312781893,0.1367329917522263,2,5
multifaceted,-2.2143460312781893,0.1367329917522263,2,5
non-proliferation,-2.2143460312781893,0.1367329917522263,2,5
rare,-2.2143460312781893,0.1367329917522263,2,5
rural,-2.2143460312781893,0.1367329917522263,2,5
settings,-2.2143460312781893,0.1367329917522263,2,5
silencing,-2.2143460312781893,0.1367329917522263,2,5
similarly,-2.2143460312781893,0.1367329917522263,2,5
slow,-2.2143460312781893,0.1367329917522263,2,5
unicef's,-2.2143460312781893,0.1367329917522263,2,5
wishing,-2.2143460312781893,0.1367329917522263,2,5
aggravate,-2.2206314984701656,0.13617734881621535,3,6
begun,-2.2206314984701656,0.13617734881621535,3,6
bleak,-2.2206314984701656,0.13617734881621535,3,6
borne,-2.2206314984701656,0.13617734881621535,3,6
endanger,-2.2206314984701656,0.13617734881621535,3,6
enters,-2.2206314984701656,0.13617734881621535,3,6
expectations,-2.2206314984701656,0.13617734881621535,3,6
footing,-2.2206314984701656,0.13617734881621535,3,6
hardships,-2.2206314984701656,0.13617734881621535,3,6
hygiene,-2.2206314984701656,0.13617734881621535,3,6
limits,-2.2206314984701656,0.13617734881621535,3,6
michelle,-2.2206314984701656,0.13617734881621535,3,6
prst,-2.2206314984701656,0.13617734881621535,3,6
recognizes,-2.2206314984701656,0.13617734881621535,3,6
religion,-2.2206314984701656,0.13617734881621535,3,6
shortage,-2.2206314984701656,0.13617734881621535,3,6
unchanged,-2.2206314984701656,0.13617734881621535,3,6
vein,-2.2206314984701656,0.13617734881621535,3,6
marked,-2.2351633491460627,0.13490236694869862,11,12
add,-2.2619262175206383,0.13258905233018337,24,22
aggravating,-2.2763804092973245,0.13135812077183762,4,7
assume,-2.2763804092973245,0.13135812077183762,4,7
compromised,-2.2763804092973245,0.13135812077183762,4,7
enhance,-2.2763804092973245,0.13135812077183762,4,7
forefront,-2.2763804092973245,0.13135812077183762,4,7
foster,-2.2763804092973245,0.13135812077183762,4,7
vicinity,-2.2763804092973245,0.13135812077183762,4,7
move,-2.2768618423278326,0.13131734158374186,16,16
uphold,-2.295631351911147,0.12973844670114154,42,35
needed,-2.306792895611977,0.12880957546980565,52,42
abstaining,-2.316877369229025,0.1279767051879266,1,4
accord,-2.316877369229025,0.1279767051879266,1,4
adhering,-2.316877369229025,0.1279767051879266,1,4
advances,-2.316877369229025,0.1279767051879266,1,4
alternatives,-2.316877369229025,0.1279767051879266,1,4
assumption,-2.316877369229025,0.1279767051879266,1,4
avenue,-2.316877369229025,0.1279767051879266,1,4
barriers,-2.316877369229025,0.1279767051879266,1,4
besides,-2.316877369229025,0.1279767051879266,1,4
broadly,-2.316877369229025,0.1279767051879266,1,4
bury,-2.316877369229025,0.1279767051879266,1,4
decisively,-2.316877369229025,0.1279767051879266,1,4
decoupling,-2.316877369229025,0.1279767051879266,1,4
diversity,-2.316877369229025,0.1279767051879266,1,4
emotional,-2.316877369229025,0.1279767051879266,1,4
emphasizes,-2.316877369229025,0.1279767051879266,1,4
evolving,-2.316877369229025,0.1279767051879266,1,4
explosives,-2.316877369229025,0.1279767051879266,1,4
funds,-2.316877369229025,0.1279767051879266,1,4
haiti,-2.316877369229025,0.1279767051879266,1,4
horizon,-2.316877369229025,0.1279767051879266,1,4
impartially,-2.316877369229025,0.1279767051879266,1,4
informal,-2.316877369229025,0.1279767051879266,1,4
lugano,-2.316877369229025,0.1279767051879266,1,4
machinery,-2.316877369229025,0.1279767051879266,1,4
moments,-2.316877369229025,0.1279767051879266,1,4
nato's,-2.316877369229025,0.1279767051879266,1,4
permanently,-2.316877369229025,0.1279767051879266,1,4
plunging,-2.316877369229025,0.1279767051879266,1,4
post-pandemic,-2.316877369229025,0.1279767051879266,1,4
prioritized,-2.316877369229025,0.1279767051879266,1,4
projections,-2.316877369229025,0.1279767051879266,1,4
prolongation,-2.316877369229025,0.1279767051879266,1,4
promising,-2.316877369229025,0.1279767051879266,1,4
properties,-2.316877369229025,0.1279767051879266,1,4
reflects,-2.316877369229025,0.1279767051879266,1,4
relevance,-2.316877369229025,0.1279767051879266,1,4
repairing,-2.316877369229025,0.1279767051879266,1,4
segments,-2.316877369229025,0.1279767051879266,1,4
stateless,-2.316877369229025,0.1279767051879266,1,4
sustainably,-2.316877369229025,0.1279767051879266,1,4
trafficked,-2.316877369229025,0.1279767051879266,1,4
whenever,-2.316877369229025,0.1279767051879266,1,4
window,-2.316877369229025,0.1279767051879266,1,4
matter,-2.3340937455348705,0.1265686312685157,65,51
provided,-2.3340937455348705,0.1265686312685157,65,51
time,-2.3531101325038466,0.12503333081387447,252,173
collateral,-2.358764547829777,0.12458081792326337,5,8
commodity,-2.358764547829777,0.12458081792326337,5,8
convened,-2.358764547829777,0.12458081792326337,5,8
evacuate,-2.358764547829777,0.12458081792326337,5,8
facilitation,-2.358764547829777,0.12458081792326337,5,8
integration,-2.358764547829777,0.12458081792326337,5,8
lessons,-2.358764547829777,0.12458081792326337,5,8
minimum,-2.358764547829777,0.12458081792326337,5,8
olof,-2.358764547829777,0.12458081792326337,5,8
unabated,-2.358764547829777,0.12458081792326337,5,8
door,-2.3737552164838602,0.1233899174548092,12,13
historical,-2.3737552164838602,0.1233899174548092,12,13
scourge,-2.3737552164838602,0.1233899174548092,12,13
seeing,-2.3912723258508857,0.12201428696629046,21,20
negative,-2.4003759660979176,0.1213060934196677,25,23
jurisdiction,-2.406377918755225,0.12084167931913381,6,8
nason,-2.406377918755225,0.12084167931913381,6,8
outcomes,-2.406377918755225,0.12084167931913381,6,8
rapidly,-2.406377918755225,0.12084167931913381,6,8
reaffirming,-2.406377918755225,0.12084167931913381,6,8
reform,-2.406377918755225,0.12084167931913381,6,8
reservoir,-2.406377918755225,0.12084167931913381,6,8
stopping,-2.406377918755225,0.12084167931913381,6,8
either,-2.4191853358315374,0.1198572478776464,17,17
highlight,-2.4191853358315374,0.1198572478776464,17,17
rules,-2.4747040553488273,0.11569121714940167,100,75
convening,-2.479489225572038,0.11533970404587601,33,29
authority,-2.5104344916183874,0.11309474646099205,7,9
bombardments,-2.5104344916183874,0.11309474646099205,7,9
horn,-2.5104344916183874,0.11309474646099205,7,9
medicine,-2.5104344916183874,0.11309474646099205,7,9
occurred,-2.5104344916183874,0.11309474646099205,7,9
starting,-2.5104344916183874,0.11309474646099205,7,9
ultimate,-2.5104344916183874,0.11309474646099205,7,9
statistics,-2.5129013507866853,0.11291786935810533,13,14
recovery,-2.5391385006232534,0.11105536575346886,26,24
seriously,-2.5391385006232534,0.11105536575346886,26,24
processes,-2.561511138891111,0.10949387792150267,18,18
relations,-2.561511138891111,0.10949387792150267,18,18
contribute,-2.568551286086305,0.10900751940093723,30,27
increase,-2.603865232738063,0.10660343825654472,61,49
injuries,-2.6229945061925655,0.10532550644863825,8,10
origin,-2.6229945061925655,0.10532550644863825,8,10
task,-2.6229945061925655,0.10532550644863825,8,10
combatants,-2.6524875539888,0.1033879959186752,14,15
mention,-2.6524875539888,0.1033879959186752,14,15
functions,-2.6736111879885915,0.10202429335811014,23,22
populated,-2.6781779969824067,0.10173206289312375,27,25
date,-2.7038392515627723,0.10010691931785176,19,19
facilitating,-2.7038392515627723,0.10010691931785176,19,19
incitement,-2.7038392515627723,0.10010691931785176,19,19
basis,-2.7039759531114016,0.10009833824673142,52,43
absolute,-2.7415076227792694,0.09777248404095118,9,11
constant,-2.7415076227792694,0.09777248404095118,9,11
heed,-2.7415076227792694,0.09777248404095118,9,11
wherever,-2.7415076227792694,0.09777248404095118,9,11
a.i,-2.7458545046671756,0.09750693881280481,0,3
abiding,-2.7458545046671756,0.09750693881280481,0,3
accords,-2.7458545046671756,0.09750693881280481,0,3
achievement,-2.7458545046671756,0.09750693881280481,0,3
acknowledging,-2.7458545046671756,0.09750693881280481,0,3
adaptation,-2.7458545046671756,0.09750693881280481,0,3
affirmative,-2.7458545046671756,0.09750693881280481,0,3
agreeable,-2.7458545046671756,0.09750693881280481,0,3
anchored,-2.7458545046671756,0.09750693881280481,0,3
appreciative,-2.7458545046671756,0.09750693881280481,0,3
attaches,-2.7458545046671756,0.09750693881280481,0,3
beneficial,-2.7458545046671756,0.09750693881280481,0,3
boldness,-2.7458545046671756,0.09750693881280481,0,3
broadening,-2.7458545046671756,0.09750693881280481,0,3
cement,-2.7458545046671756,0.09750693881280481,0,3
centrality,-2.7458545046671756,0.09750693881280481,0,3
cereal,-2.7458545046671756,0.09750693881280481,0,3
clashes,-2.7458545046671756,0.09750693881280481,0,3
commendable,-2.7458545046671756,0.09750693881280481,0,3
commiserate,-2.7458545046671756,0.09750693881280481,0,3
consignments,-2.7458545046671756,0.09750693881280481,0,3
contention,-2.7458545046671756,0.09750693881280481,0,3
contestations,-2.7458545046671756,0.09750693881280481,0,3
convergence,-2.7458545046671756,0.09750693881280481,0,3
cool,-2.7458545046671756,0.09750693881280481,0,3
customary,-2.7458545046671756,0.09750693881280481,0,3
deliberations,-2.7458545046671756,0.09750693881280481,0,3
dependent,-2.7458545046671756,0.09750693881280481,0,3
devote,-2.7458545046671756,0.09750693881280481,0,3
disarmament,-2.7458545046671756,0.09750693881280481,0,3
disheartening,-2.7458545046671756,0.09750693881280481,0,3
eastward,-2.7458545046671756,0.09750693881280481,0,3
ecuador's,-2.7458545046671756,0.09750693881280481,0,3
ecuadorians,-2.7458545046671756,0.09750693881280481,0,3
energies,-2.7458545046671756,0.09750693881280481,0,3
equity,-2.7458545046671756,0.09750693881280481,0,3
ethnocentrism,-2.7458545046671756,0.09750693881280481,0,3
ever-present,-2.7458545046671756,0.09750693881280481,0,3
evolution,-2.7458545046671756,0.09750693881280481,0,3
exclusive,-2.7458545046671756,0.09750693881280481,0,3
expectation,-2.7458545046671756,0.09750693881280481,0,3
expensive,-2.7458545046671756,0.09750693881280481,0,3
expiration,-2.7458545046671756,0.09750693881280481,0,3
fairness,-2.7458545046671756,0.09750693881280481,0,3
forecasts,-2.7458545046671756,0.09750693881280481,0,3
fostering,-2.7458545046671756,0.09750693881280481,0,3
gabon's,-2.7458545046671756,0.09750693881280481,0,3
geared,-2.7458545046671756,0.09750693881280481,0,3
governing,-2.7458545046671756,0.09750693881280481,0,3
grieving,-2.7458545046671756,0.09750693881280481,0,3
handled,-2.7458545046671756,0.09750693881280481,0,3
hardening,-2.7458545046671756,0.09750693881280481,0,3
heeded,-2.7458545046671756,0.09750693881280481,0,3
humane,-2.7458545046671756,0.09750693881280481,0,3
humankind's,-2.7458545046671756,0.09750693881280481,0,3
insisted,-2.7458545046671756,0.09750693881280481,0,3
insistence,-2.7458545046671756,0.09750693881280481,0,3
integrated,-2.7458545046671756,0.09750693881280481,0,3
interlinked,-2.7458545046671756,0.09750693881280481,0,3
jeopardized,-2.7458545046671756,0.09750693881280481,0,3
juncture,-2.7458545046671756,0.09750693881280481,0,3
lacks,-2.7458545046671756,0.09750693881280481,0,3
landscape,-2.7458545046671756,0.09750693881280481,0,3
launches,-2.7458545046671756,0.09750693881280481,0,3
lawlessness,-2.7458545046671756,0.09750693881280481,0,3
limitations,-2.7458545046671756,0.09750693881280481,0,3
looms,-2.7458545046671756,0.09750693881280481,0,3
malawi,-2.7458545046671756,0.09750693881280481,0,3
mediate,-2.7458545046671756,0.09750693881280481,0,3
mediated,-2.7458545046671756,0.09750693881280481,0,3
miscalculations,-2.7458545046671756,0.09750693881280481,0,3
misunderstandings,-2.7458545046671756,0.09750693881280481,0,3
mozambique's,-2.7458545046671756,0.09750693881280481,0,3
necessarily,-2.7458545046671756,0.09750693881280481,0,3
needlessly,-2.7458545046671756,0.09750693881280481,0,3
non-combatant,-2.7458545046671756,0.09750693881280481,0,3
observations,-2.7458545046671756,0.09750693881280481,0,3
ocha's,-2.7458545046671756,0.09750693881280481,0,3
on-site,-2.7458545046671756,0.09750693881280481,0,3
pained,-2.7458545046671756,0.09750693881280481,0,3
paradigm,-2.7458545046671756,0.09750693881280481,0,3
paralysis,-2.7458545046671756,0.09750693881280481,0,3
perimeter,-2.7458545046671756,0.09750693881280481,0,3
politicizing,-2.7458545046671756,0.09750693881280481,0,3
pre-existing,-2.7458545046671756,0.09750693881280481,0,3
produces,-2.7458545046671756,0.09750693881280481,0,3
psychologists,-2.7458545046671756,0.09750693881280481,0,3
racist,-2.7458545046671756,0.09750693881280481,0,3
re-establishing,-2.7458545046671756,0.09750693881280481,0,3
recourse,-2.7458545046671756,0.09750693881280481,0,3
regards,-2.7458545046671756,0.09750693881280481,0,3
regulate,-2.7458545046671756,0.09750693881280481,0,3
resentment,-2.7458545046671756,0.09750693881280481,0,3
results-oriented,-2.7458545046671756,0.09750693881280481,0,3
resurgence,-2.7458545046671756,0.09750693881280481,0,3
self-interest,-2.7458545046671756,0.09750693881280481,0,3
shockwaves,-2.7458545046671756,0.09750693881280481,0,3
short-term,-2.7458545046671756,0.09750693881280481,0,3
spearheaded,-2.7458545046671756,0.09750693881280481,0,3
submerged,-2.7458545046671756,0.09750693881280481,0,3
unambiguous,-2.7458545046671756,0.09750693881280481,0,3
uncertainties,-2.7458545046671756,0.09750693881280481,0,3
underscoring,-2.7458545046671756,0.09750693881280481,0,3
unreasonable,-2.7458545046671756,0.09750693881280481,0,3
unsustainable,-2.7458545046671756,0.09750693881280481,0,3
untenable,-2.7458545046671756,0.09750693881280481,0,3
version,-2.7458545046671756,0.09750693881280481,0,3
vocation,-2.7458545046671756,0.09750693881280481,0,3
wfp's,-2.7458545046671756,0.09750693881280481,0,3
widening,-2.7458545046671756,0.09750693881280481,0,3
yielded,-2.7458545046671756,0.09750693881280481,0,3
zelenska,-2.7458545046671756,0.09750693881280481,0,3
open,-2.748736721396792,0.0973313016465277,49,41
generation,-2.792429098507552,0.09471056142031509,15,16
metric,-2.792429098507552,0.09471056142031509,15,16
mind,-2.792429098507552,0.09471056142031509,15,16
follow,-2.8149323131172403,0.09339083588183839,24,23
infrastructure,-2.8387410533760655,0.09201628228435399,450,301
following,-2.8596310256282123,0.09082833073798224,76,60
hopes,-2.864350897954444,0.09056223804119667,10,12
material,-2.864350897954444,0.09056223804119667,10,12
reflect,-2.864350897954444,0.09056223804119667,10,12
sought,-2.864350897954444,0.09056223804119667,10,12
forward,-2.8745326312714727,0.0899910979054751,50,42
mr,-2.90726516376039,0.08818129016047382,229,161
meeting,-2.927963384476855,0.0870572516209892,274,190
signs,-2.9326617967939557,0.08680426641499484,16,17
specific,-2.9326617967939557,0.08680426641499484,16,17
focus,-2.9331353179938127,0.08677881393266551,40,35
trade,-2.9563384338818812,0.08554145250962775,25,24
heavy,-2.979467579595789,0.084327007842944,33,30
lines,-2.979467579595789,0.084327007842944,33,30
objective,-2.988502405967238,0.08385768878276079,21,21
regarding,-2.988502405967238,0.08385768878276079,21,21
results,-2.988502405967238,0.08385768878276079,21,21
arrangements,-2.990442369454126,0.08375728485518408,11,13
flow,-2.990442369454126,0.08375728485518408,11,13
needless,-2.990442369454126,0.08375728485518408,11,13
protocol,-2.990442369454126,0.08375728485518408,11,13
debate,-3.0731361327516438,0.07959578304814219,17,18
previous,-3.0731361327516438,0.07959578304814219,17,18
expected,-3.1190329864974804,0.07738269331823633,12,14
thanking,-3.1528212073852586,0.07579581170244098,38,34
leading,-3.213813296479404,0.07301912142396094,18,19
production,-3.236556297934633,0.07201185344349337,31,29
invite,-3.2368333946759003,0.07199967333235424,63,52
assessment,-3.2495877128285477,0.07144142566670941,13,15
finance,-3.2495877128285477,0.07144142566670941,13,15
impacted,-3.2495877128285477,0.07144142566670941,13,15
mobilize,-3.2495877128285477,0.07144142566670941,13,15
fleeing,-3.2559894233663624,0.07116297743107558,53,45
table,-3.288739687324002,0.06975654694037225,39,35
thank,-3.3006631279357057,0.069251921061381,436,295
destructive,-3.313534779916316,0.06871154667573642,4,8
embrace,-3.313534779916316,0.06871154667573642,4,8
interventions,-3.313534779916316,0.06871154667573642,4,8
peace-loving,-3.313534779916316,0.06871154667573642,4,8
pleased,-3.313534779916316,0.06871154667573642,4,8
prisoner,-3.313534779916316,0.06871154667573642,4,8
recommendations,-3.313534779916316,0.06871154667573642,4,8
stabilize,-3.313534779916316,0.06871154667573642,4,8
abstained,-3.3318946539636776,0.06794855858405202,3,7
affirm,-3.3318946539636776,0.06794855858405202,3,7
comments,-3.3318946539636776,0.06794855858405202,3,7
endeavour,-3.3318946539636776,0.06794855858405202,3,7
factors,-3.3318946539636776,0.06794855858405202,3,7
indirectly,-3.3318946539636776,0.06794855858405202,3,7
intensifies,-3.3318946539636776,0.06794855858405202,3,7
pave,-3.3318946539636776,0.06794855858405202,3,7
prolong,-3.3318946539636776,0.06794855858405202,3,7
waves,-3.3318946539636776,0.06794855858405202,3,7
deadly,-3.354662439092937,0.06701494914394623,19,20
outcome,-3.354662439092937,0.06701494914394623,19,20
provision,-3.354662439092937,0.06701494914394623,19,20
decisive,-3.366335000802585,0.06654163171260441,6,9
drive,-3.366335000802585,0.06654163171260441,6,9
facilitated,-3.366335000802585,0.06654163171260441,6,9
guided,-3.366335000802585,0.06654163171260441,6,9
opposition,-3.366335000802585,0.06654163171260441,6,9
persistent,-3.366335000802585,0.06654163171260441,6,9
reinforce,-3.366335000802585,0.06654163171260441,6,9
shattered,-3.366335000802585,0.06654163171260441,6,9
elderly,-3.3809765678769006,0.06595296565191422,28,27
whether,-3.3809765678769006,0.06595296565191422,28,27
transport,-3.3817141885412796,0.06592345705504588,14,16
accessing,-3.430592539383395,0.0639991354552425,2,6
bridge,-3.430592539383395,0.0639991354552425,2,6
consultation,-3.430592539383395,0.0639991354552425,2,6
defined,-3.430592539383395,0.0639991354552425,2,6
disappointed,-3.430592539383395,0.0639991354552425,2,6
drawing,-3.430592539383395,0.0639991354552425,2,6
draws,-3.430592539383395,0.0639991354552425,2,6
factor,-3.430592539383395,0.0639991354552425,2,6
irreparable,-3.430592539383395,0.0639991354552425,2,6
kelly,-3.430592539383395,0.0639991354552425,2,6
misinformation,-3.430592539383395,0.0639991354552425,2,6
notwithstanding,-3.430592539383395,0.0639991354552425,2,6
orphaned,-3.430592539383395,0.0639991354552425,2,6
prioritizing,-3.430592539383395,0.0639991354552425,2,6
reflection,-3.430592539383395,0.0639991354552425,2,6
reveal,-3.430592539383395,0.0639991354552425,2,6
winning,-3.430592539383395,0.0639991354552425,2,6
double,-3.4330422315680966,0.06390428271746573,7,10
owe,-3.4330422315680966,0.06390428271746573,7,10
proposals,-3.4330422315680966,0.06390428271746573,7,10
unequivocal,-3.4330422315680966,0.06390428271746573,7,10
renewed,-3.5151181437201973,0.0608113210937401,15,17
added,-3.5156696816776463,0.06079108436139957,8,11
existing,-3.5156696816776463,0.06079108436139957,8,11
gather,-3.5156696816776463,0.06079108436139957,8,11
governments,-3.5156696816776463,0.06079108436139957,8,11
regrettably,-3.5156696816776463,0.06079108436139957,8,11
tirelessly,-3.5156696816776463,0.06079108436139957,8,11
severe,-3.5167892539351295,0.06075002765828086,33,31
facing,-3.5226387990830923,0.06053599375872565,29,28
led,-3.5316231250965022,0.060208819837353045,37,34
enable,-3.5578564325950093,0.05926422387121,25,25
resources,-3.5578564325950093,0.05926422387121,25,25
comprehensive,-3.564748391523935,0.059018684175662806,69,57
developed,-3.6096693768880486,0.05744453878721889,9,12
grossi,-3.6096693768880486,0.05744453878721889,9,12
updates,-3.6096693768880486,0.05744453878721889,9,12
zaporizhzhya,-3.625216405893639,0.056910170300791596,108,84
approaches,-3.6495745484431628,0.056083536139650114,16,18
heating,-3.6571120652231035,0.05583032654882303,34,32
public,-3.6571120652231035,0.05583032654882303,34,32
target,-3.664349668868083,0.055588333008587676,30,29
advocated,-3.6899641383921833,0.05474079318047753,1,5
ambition,-3.6899641383921833,0.05474079318047753,1,5
belligerent,-3.6899641383921833,0.05474079318047753,1,5
bereaved,-3.6899641383921833,0.05474079318047753,1,5
cohesion,-3.6899641383921833,0.05474079318047753,1,5
deepen,-3.6899641383921833,0.05474079318047753,1,5
disability,-3.6899641383921833,0.05474079318047753,1,5
distributing,-3.6899641383921833,0.05474079318047753,1,5
donation,-3.6899641383921833,0.05474079318047753,1,5
endeavours,-3.6899641383921833,0.05474079318047753,1,5
endorse,-3.6899641383921833,0.05474079318047753,1,5
flames,-3.6899641383921833,0.05474079318047753,1,5
generated,-3.6899641383921833,0.05474079318047753,1,5
gradually,-3.6899641383921833,0.05474079318047753,1,5
guide,-3.6899641383921833,0.05474079318047753,1,5
imposition,-3.6899641383921833,0.05474079318047753,1,5
long-standing,-3.6899641383921833,0.05474079318047753,1,5
negatively,-3.6899641383921833,0.05474079318047753,1,5
opposes,-3.6899641383921833,0.05474079318047753,1,5
pauses,-3.6899641383921833,0.05474079318047753,1,5
platforms,-3.6899641383921833,0.05474079318047753,1,5
prudence,-3.6899641383921833,0.05474079318047753,1,5
realistic,-3.6899641383921833,0.05474079318047753,1,5
respite,-3.6899641383921833,0.05474079318047753,1,5
stalemate,-3.6899641383921833,0.05474079318047753,1,5
strategies,-3.6899641383921833,0.05474079318047753,1,5
underscored,-3.6899641383921833,0.05474079318047753,1,5
vigilant,-3.6899641383921833,0.05474079318047753,1,5
ending,-3.7002007141255384,0.054405922915987226,26,26
un-women,-3.7120752470602554,0.05402018769595485,10,13
voice,-3.7120752470602554,0.05402018769595485,10,13
volodymyr,-3.7120752470602554,0.05402018769595485,10,13
psychological,-3.7780155152465715,0.051930216293714415,22,23
addressed,-3.7849083794498974,0.05171674166534268,17,19
achieved,-3.8208703645177016,0.0506179380423305,11,14
equally,-3.8208703645177016,0.0506179380423305,11,14
perspective,-3.8208703645177016,0.0506179380423305,11,14
properly,-3.8208703645177016,0.0506179380423305,11,14
season,-3.8208703645177016,0.0506179380423305,11,14
provisional,-3.8397826957863708,0.05005000754724975,61,52
allegations,-3.9193456016410813,0.04773345747893798,23,24
extensive,-3.920981460494123,0.04768703256276585,18,20
respecting,-3.934635409800944,0.04730139273976519,12,15
space,-3.934635409800944,0.04730139273976519,12,15
increased,-3.97296195075244,0.04623637406730363,44,40
protected,-3.97296195075244,0.04623637406730363,44,40
secondly,-4.054468798290682,0.04405457735775131,52,46
commend,-4.097813782636185,0.042938702041115495,80,66
approach,-4.127247419313445,0.0421979356561718,29,29
use,-4.168561280405112,0.041180754537601394,183,136
architecture,-4.173229386027255,0.04106745246797061,14,17
influence,-4.173229386027255,0.04106745246797061,14,17
affecting,-4.194924264188519,0.04054516424914256,20,22
side,-4.219522997471234,0.03996139325822523,38,36
toll,-4.226658911330623,0.03979370128453319,42,39
meetings,-4.231596558594187,0.03967810031201502,34,33
istanbul,-4.269600941428974,0.038800041516881656,30,30
shortages,-4.332631285850364,0.03738840491722839,21,23
accidental,-4.351016557752586,0.03698686251675232,0,4
africa's,-4.351016557752586,0.03698686251675232,0,4
agony,-4.351016557752586,0.03698686251675232,0,4
amplify,-4.351016557752586,0.03698686251675232,0,4
antagonism,-4.351016557752586,0.03698686251675232,0,4
arena,-4.351016557752586,0.03698686251675232,0,4
balance,-4.351016557752586,0.03698686251675232,0,4
batches,-4.351016557752586,0.03698686251675232,0,4
blockages,-4.351016557752586,0.03698686251675232,0,4
civilian-populated,-4.351016557752586,0.03698686251675232,0,4
cognizant,-4.351016557752586,0.03698686251675232,0,4
cushion,-4.351016557752586,0.03698686251675232,0,4
defuse,-4.351016557752586,0.03698686251675232,0,4
deleterious,-4.351016557752586,0.03698686251675232,0,4
disappointment,-4.351016557752586,0.03698686251675232,0,4
disheartened,-4.351016557752586,0.03698686251675232,0,4
dismayed,-4.351016557752586,0.03698686251675232,0,4
duration,-4.351016557752586,0.03698686251675232,0,4
ensures,-4.351016557752586,0.03698686251675232,0,4
epidemics,-4.351016557752586,0.03698686251675232,0,4
exceedingly,-4.351016557752586,0.03698686251675232,0,4
exerting,-4.351016557752586,0.03698686251675232,0,4
grounded,-4.351016557752586,0.03698686251675232,0,4
growth,-4.351016557752586,0.03698686251675232,0,4
iaea's,-4.351016557752586,0.03698686251675232,0,4
incalculable,-4.351016557752586,0.03698686251675232,0,4
incumbent,-4.351016557752586,0.03698686251675232,0,4
investments,-4.351016557752586,0.03698686251675232,0,4
jinping,-4.351016557752586,0.03698686251675232,0,4
larger-scale,-4.351016557752586,0.03698686251675232,0,4
linked,-4.351016557752586,0.03698686251675232,0,4
long-arm,-4.351016557752586,0.03698686251675232,0,4
occasioned,-4.351016557752586,0.03698686251675232,0,4
offensives,-4.351016557752586,0.03698686251675232,0,4
proactively,-4.351016557752586,0.03698686251675232,0,4
revive,-4.351016557752586,0.03698686251675232,0,4
scaling-up,-4.351016557752586,0.03698686251675232,0,4
secures,-4.351016557752586,0.03698686251675232,0,4
six-point,-4.351016557752586,0.03698686251675232,0,4
stoke,-4.351016557752586,0.03698686251675232,0,4
structured,-4.351016557752586,0.03698686251675232,0,4
transcend,-4.351016557752586,0.03698686251675232,0,4
traumatic,-4.351016557752586,0.03698686251675232,0,4
unremitting,-4.351016557752586,0.03698686251675232,0,4
weight,-4.351016557752586,0.03698686251675232,0,4
win-win,-4.351016557752586,0.03698686251675232,0,4
xi,-4.351016557752586,0.03698686251675232,0,4
zero-sum,-4.351016557752586,0.03698686251675232,0,4
months,-4.366518818233417,0.036651796321092944,158,120
rather,-4.373492598815902,0.036502102796082125,35,34
byrne,-4.418118061295474,0.035559234402783524,6,10
eliminate,-4.418118061295474,0.035559234402783524,6,10
hollingworth,-4.418118061295474,0.035559234402783524,6,10
maintained,-4.418118061295474,0.035559234402783524,6,10
negotiate,-4.418118061295474,0.035559234402783524,6,10
responses,-4.418118061295474,0.035559234402783524,6,10
chance,-4.422363036128326,0.0354708818046805,16,19
genuine,-4.422363036128326,0.0354708818046805,16,19
applies,-4.42881781795839,0.03533697533024427,5,9
ecological,-4.42881781795839,0.03533697533024427,5,9
pose,-4.42881781795839,0.03533697533024427,5,9
source,-4.42881781795839,0.03533697533024427,5,9
wishes,-4.42881781795839,0.03533697533024427,5,9
adding,-4.44142514403591,0.03507695515206399,7,11
paid,-4.44142514403591,0.03507695515206399,7,11
treated,-4.44142514403591,0.03507695515206399,7,11
accelerate,-4.451824760576802,0.03486397428772581,4,9
reminds,-4.451824760576802,0.03486397428772581,4,9
sovereignty,-4.468798882205108,0.034519249554994524,198,147
lack,-4.470743833266102,0.03447997804510761,22,24
beasley,-4.488537707217123,0.034122853554786614,8,12
obstacles,-4.488537707217123,0.034122853554786614,8,12
principled,-4.488537707217123,0.034122853554786614,8,12
avoiding,-4.5492038637176195,0.03293405648289738,3,8
deploy,-4.5492038637176195,0.03293405648289738,3,8
emergencies,-4.5492038637176195,0.03293405648289738,3,8
push,-4.5492038637176195,0.03293405648289738,3,8
unrestricted,-4.5492038637176195,0.03293405648289738,3,8
weather,-4.5492038637176195,0.03293405648289738,3,8
worsened,-4.5492038637176195,0.03293405648289738,3,8
term,-4.549814965193107,0.032922304052176776,17,20
accident,-4.55296397697428,0.032861813053308486,9,13
congratulate,-4.55296397697428,0.032861813053308486,9,13
treatment,-4.6092115045205295,0.031800652147797925,23,25
social,-4.62709689611771,0.03147077127210052,28,29
appeals,-4.630376104082899,0.03141067735504621,10,14
certainly,-4.630376104082899,0.03141067735504621,10,14
direction,-4.630376104082899,0.03141067735504621,10,14
foundation,-4.630376104082899,0.03141067735504621,10,14
incidents,-4.630376104082899,0.03141067735504621,10,14
reaffirms,-4.630376104082899,0.03141067735504621,10,14
strategic,-4.630376104082899,0.03141067735504621,10,14
suspension,-4.630376104082899,0.03141067735504621,10,14
warning,-4.630376104082899,0.03141067735504621,10,14
agriculture,-4.6787962266720315,0.030537139958591863,18,21
participate,-4.693873555524603,0.03027033448876215,64,56
escalate,-4.717777885251018,0.029852296567760117,11,15
failure,-4.717777885251018,0.029852296567760117,11,15
procedure,-4.729922705780083,0.029642217353013423,57,51
absence,-4.753116950660406,0.02924527507769803,2,7
appreciates,-4.753116950660406,0.02924527507769803,2,7
caution,-4.753116950660406,0.02924527507769803,2,7
index,-4.753116950660406,0.02924527507769803,2,7
mutually,-4.753116950660406,0.02924527507769803,2,7
strain,-4.753116950660406,0.02924527507769803,2,7
personnel,-4.783340290274944,0.028736327907788572,42,40
consistently,-4.813029175286159,0.028245353263593898,12,16
nato,-4.813029175286159,0.028245353263593898,12,16
needs,-4.864496931373906,0.027414790326459437,175,133
believes,-4.914560534395495,0.02663123730091177,13,17
agenda,-4.924468507556205,0.026478945880078153,43,41
unicef,-4.981403207434162,0.025621193813953225,35,35
firm,-5.021194882748464,0.025038884849180376,14,18
physical,-5.021194882748464,0.025038884849180376,14,18
jenča,-5.02635324654488,0.024964410196058884,26,28
repercussions,-5.072879976081485,0.02430297409044968,21,24
mechanisms,-5.123770592114424,0.023600283077729767,36,36
khiari,-5.132032100487865,0.023488212807865616,15,19
aspirations,-5.154876885293307,0.02318117894188587,1,6
attentive,-5.154876885293307,0.02318117894188587,1,6
bold,-5.154876885293307,0.02318117894188587,1,6
crossfire,-5.154876885293307,0.02318117894188587,1,6
exodus,-5.154876885293307,0.02318117894188587,1,6
merits,-5.154876885293307,0.02318117894188587,1,6
miscalculation,-5.154876885293307,0.02318117894188587,1,6
mitigation,-5.154876885293307,0.02318117894188587,1,6
narrow,-5.154876885293307,0.02318117894188587,1,6
proliferation,-5.154876885293307,0.02318117894188587,1,6
raging,-5.154876885293307,0.02318117894188587,1,6
rebuilding,-5.154876885293307,0.02318117894188587,1,6
resort,-5.154876885293307,0.02318117894188587,1,6
spectre,-5.154876885293307,0.02318117894188587,1,6
tangible,-5.154876885293307,0.02318117894188587,1,6
warnings,-5.154876885293307,0.02318117894188587,1,6
welfare,-5.154876885293307,0.02318117894188587,1,6
wide-area,-5.154876885293307,0.02318117894188587,1,6
consideration,-5.16587739947825,0.023034819248056726,27,29
often,-5.16587739947825,0.023034819248056726,27,29
globally,-5.246372094403926,0.021992578061354573,16,20
received,-5.246372094403926,0.021992578061354573,16,20
utmost,-5.246372094403926,0.021992578061354573,16,20
coordinator,-5.305599291065124,0.02125698555404687,28,30
protecting,-5.474739395494123,0.019293237119511364,24,27
believe,-5.4759520303375595,0.019279856441168586,91,77
delay,-5.483460131192948,0.019197222427380756,18,22
enabling,-5.522041951544232,0.01877832712461558,7,12
grant,-5.522041951544232,0.01877832712461558,7,12
latin,-5.522041951544232,0.01877832712461558,7,12
onset,-5.522041951544232,0.01877832712461558,7,12
options,-5.522041951544232,0.01877832712461558,7,12
views,-5.522041951544232,0.01877832712461558,7,12
wfp,-5.522041951544232,0.01877832712461558,7,12
encourages,-5.5301444254835275,0.018691562408322593,8,13
installations,-5.5301444254835275,0.018691562408322593,8,13
persists,-5.5301444254835275,0.018691562408322593,8,13
submitted,-5.5301444254835275,0.018691562408322593,8,13
community's,-5.545524941959598,0.01852799866903798,6,11
critical,-5.549160231751269,0.01848955573213218,163,127
dangerous,-5.550886610126162,0.018471328262147146,39,39
fallen,-5.561593279957984,0.018358698657041428,9,14
griffiths,-5.577594163600764,0.018191696511410504,102,85
return,-5.5865663735566615,0.018098740248487677,67,60
challenging,-5.610785937988326,0.01785025506614768,10,15
involving,-5.613226658616179,0.01782541015672312,5,10
presentations,-5.613226658616179,0.01782541015672312,5,10
reasonable,-5.613226658616179,0.01782541015672312,5,10
safeguard,-5.613226658616179,0.01782541015672312,5,10
noted,-5.673779845420614,0.017220312392427273,11,16
insecurity,-5.6764343740941134,0.017194276249292706,96,81
council's,-5.702503080890491,0.016940736708587978,103,86
cluster,-5.747720049262332,0.016510070619418227,12,17
tireless,-5.83048835859806,0.015750750455250984,13,18
ultimately,-5.83048835859806,0.015750750455250984,13,18
accidents,-5.846051051055021,0.015612046088720133,3,9
convene,-5.846051051055021,0.015612046088720133,3,9
densely,-5.846051051055021,0.015612046088720133,3,9
era,-5.846051051055021,0.015612046088720133,3,9
hopeful,-5.846051051055021,0.015612046088720133,3,9
insufficient,-5.846051051055021,0.015612046088720133,3,9
morozova,-5.846051051055021,0.015612046088720133,3,9
pacific,-5.846051051055021,0.015612046088720133,3,9
removing,-5.846051051055021,0.015612046088720133,3,9
underlying,-5.846051051055021,0.015612046088720133,3,9
undoubtedly,-5.846051051055021,0.015612046088720133,3,9
vulnerabilities,-5.846051051055021,0.015612046088720133,3,9
appreciation,-5.854633318834804,0.015536094597558114,21,25
end,-5.890196859066962,0.015225398274462787,368,264
amid,-5.920480083353986,0.014965880124631292,14,19
council,-5.9774065580507285,0.014490294582957364,867,583
evacuation,-5.978023425275686,0.014485227128614442,42,42
indeed,-5.978023425275686,0.014485227128614442,42,42
brazil's,-5.99189711381543,0.014371737808213325,0,5
colour,-5.99189711381543,0.014371737808213325,0,5
complied,-5.99189711381543,0.014371737808213325,0,5
constitutional,-5.99189711381543,0.014371737808213325,0,5
demilitarized,-5.99189711381543,0.014371737808213325,0,5
dignified,-5.99189711381543,0.014371737808213325,0,5
earnest,-5.99189711381543,0.014371737808213325,0,5
earnestly,-5.99189711381543,0.014371737808213325,0,5
elusive,-5.99189711381543,0.014371737808213325,0,5
enlightening,-5.99189711381543,0.014371737808213325,0,5
ever-increasing,-5.99189711381543,0.014371737808213325,0,5
fragility,-5.99189711381543,0.014371737808213325,0,5
globalization,-5.99189711381543,0.014371737808213325,0,5
halfway,-5.99189711381543,0.014371737808213325,0,5
inter-state,-5.99189711381543,0.014371737808213325,0,5
journey,-5.99189711381543,0.014371737808213325,0,5
operationalization,-5.99189711381543,0.014371737808213325,0,5
reeling,-5.99189711381543,0.014371737808213325,0,5
reference,-5.99189711381543,0.014371737808213325,0,5
requirement,-5.99189711381543,0.014371737808213325,0,5
rounds,-5.99189711381543,0.014371737808213325,0,5
slavery,-5.99189711381543,0.014371737808213325,0,5
visas,-5.99189711381543,0.014371737808213325,0,5
consider,-6.018558242140353,0.014156206787918624,28,31
continuation,-6.117449818971782,0.013385376925453718,16,21
economy,-6.117449818971782,0.013385376925453718,16,21
adverse,-6.150040018342812,0.013140912766192447,2,8
livelihood,-6.150040018342812,0.013140912766192447,2,8
measure,-6.150040018342812,0.013140912766192447,2,8
protections,-6.150040018342812,0.013140912766192447,2,8
markets,-6.196921870999063,0.012797268289330255,52,50
girls,-6.220126937761372,0.012630605687559915,48,47
rajasingham,-6.222686357497298,0.012612360596343408,17,22
increasing,-6.2627928567576,0.012329967745332127,44,44
trafficking,-6.268432774034608,0.012290780865246709,72,65
thirdly,-6.2878212208600734,0.01215704051588229,35,37
cost,-6.292922531254953,0.012122100996919571,30,33
loss,-6.292922531254953,0.012122100996919571,30,33
humankind,-6.44352407591893,0.01113575191566718,19,24
multiple,-6.44352407591893,0.01113575191566718,19,24
development,-6.471098996504946,0.01096427098373065,58,55
taken,-6.542393603560893,0.010533353124488998,74,67
disruptions,-6.627392166633729,0.010042218172521822,9,15
ease,-6.627392166633729,0.010042218172521822,9,15
lastly,-6.627392166633729,0.010042218172521822,9,15
standards,-6.627392166633729,0.010042218172521822,9,15
text,-6.627392166633729,0.010042218172521822,9,15
success,-6.6311182532393556,0.010021233304162713,8,14
incident,-6.631729750148814,0.01001779372340561,27,31
adopt,-6.6461399148503935,0.009937087929836719,10,16
overcome,-6.664059632144446,0.00983765519883284,7,13
solve,-6.664059632144446,0.00983765519883284,7,13
ammonia,-6.677186023411289,0.009765467043891696,1,7
billions,-6.677186023411289,0.009765467043891696,1,7
broke,-6.677186023411289,0.009765467043891696,1,7
complicate,-6.677186023411289,0.009765467043891696,1,7
emerge,-6.677186023411289,0.009765467043891696,1,7
field,-6.677186023411289,0.009765467043891696,1,7
invest,-6.677186023411289,0.009765467043891696,1,7
knock-on,-6.677186023411289,0.009765467043891696,1,7
positively,-6.677186023411289,0.009765467043891696,1,7
refraining,-6.677186023411289,0.009765467043891696,1,7
sahel,-6.677186023411289,0.009765467043891696,1,7
protect,-6.704560476678793,0.009616663222898558,97,84
arising,-6.7359539641743496,0.009448868827931944,6,12
enter,-6.7359539641743496,0.009448868827931944,6,12
expanding,-6.7359539641743496,0.009448868827931944,6,12
recognition,-6.7359539641743496,0.009448868827931944,6,12
fuel,-6.794350802024756,0.009144677079012342,22,27
compliance,-6.7950920594126325,0.009140880973595,13,19
disruption,-6.7950920594126325,0.009140880973595,13,19
put,-6.804050671871834,0.009095129785220868,87,77
remain,-6.812881803470199,0.00905025911062085,122,102
exchange,-6.861407740595199,0.00880771321031526,5,11
posed,-6.861407740595199,0.00880771321031526,5,11
ramifications,-6.861407740595199,0.00880771321031526,5,11
uncertainty,-6.861407740595199,0.00880771321031526,5,11
mandate,-6.866557991965644,0.00878236451460812,14,20
emergency,-6.895116502586453,0.0086431530028647785,65,61
corridors,-6.915284906808727,0.008546202367974542,23,28
shall,-6.974756880249006,0.008266745288893373,49,49
growing,-6.9838476522486825,0.00822485926840788,35,38
trust,-7.031881348109033,0.008007118959541093,16,22
addressing,-7.037838788141781,0.007980527524493297,24,29
passage,-7.037838788141781,0.007980527524493297,24,29
fundamental,-7.04690727803038,0.007940222967469324,58,56
changes,-7.063374019143044,0.007867568519490664,4,10
meantime,-7.063374019143044,0.007867568519490664,4,10
restrictions,-7.063374019143044,0.007867568519490664,4,10
sufficient,-7.063374019143044,0.007867568519490664,4,10
bearing,-7.204084470635612,0.0072737845808669155,3,10
brazilian,-7.204084470635612,0.0072737845808669155,3,10
deteriorate,-7.204084470635612,0.0072737845808669155,3,10
intensifying,-7.204084470635612,0.0072737845808669155,3,10
protocols,-7.204084470635612,0.0072737845808669155,3,10
violent,-7.204084470635612,0.0072737845808669155,3,10
office,-7.256602369664191,0.007064081183236315,94,83
respected,-7.300156027213775,0.006894862300738214,32,36
without,-7.347893796068038,0.0067141369086064495,153,125
unimpeded,-7.413574211165616,0.006473359336365614,27,32
msuya,-7.532281236855769,0.006060312127022516,21,27
past,-7.554969098541937,0.00598448244093408,107,93
confidence-building,-7.601074949094647,0.005833351197616632,2,9
divisions,-7.601074949094647,0.005833351197616632,2,9
guaranteeing,-7.601074949094647,0.005833351197616632,2,9
prolonged,-7.601074949094647,0.005833351197616632,2,9
respective,-7.601074949094647,0.005833351197616632,2,9
recent,-7.615697812574485,0.005786236395378008,111,96
exploitation,-7.642515813192906,0.0057008351127166845,22,28
accommodate,-7.650643794740117,0.005675206455802662,0,6
activate,-7.650643794740117,0.005675206455802662,0,6
applicable,-7.650643794740117,0.005675206455802662,0,6
belligerence,-7.650643794740117,0.005675206455802662,0,6
blocs,-7.650643794740117,0.005675206455802662,0,6
caribbean,-7.650643794740117,0.005675206455802662,0,6
chances,-7.650643794740117,0.005675206455802662,0,6
contending,-7.650643794740117,0.005675206455802662,0,6
dangers,-7.650643794740117,0.005675206455802662,0,6
decline,-7.650643794740117,0.005675206455802662,0,6
descent,-7.650643794740117,0.005675206455802662,0,6
exit,-7.650643794740117,0.005675206455802662,0,6
favourable,-7.650643794740117,0.005675206455802662,0,6
forge,-7.650643794740117,0.005675206455802662,0,6
intensity,-7.650643794740117,0.005675206455802662,0,6
mexico's,-7.650643794740117,0.005675206455802662,0,6
other's,-7.650643794740117,0.005675206455802662,0,6
paths,-7.650643794740117,0.005675206455802662,0,6
rational,-7.650643794740117,0.005675206455802662,0,6
rendering,-7.650643794740117,0.005675206455802662,0,6
rupture,-7.650643794740117,0.005675206455802662,0,6
safeguarded,-7.650643794740117,0.005675206455802662,0,6
surge,-7.650643794740117,0.005675206455802662,0,6
switzerland's,-7.650643794740117,0.005675206455802662,0,6
unhcr,-7.650643794740117,0.005675206455802662,0,6
price,-7.679881556241353,0.005583983299105588,40,43
problems,-7.738619902169838,0.005405209605611416,11,18
gravely,-7.743501936895733,0.005390616060403697,9,16
ground,-7.76289581456621,0.005333038834486659,105,92
psychosocial,-7.764206016219966,0.005329171743814198,12,19
networks,-7.783717447839248,0.0052719203700416495,8,15
possibility,-7.783717447839248,0.0052719203700416495,8,15
prohibition,-7.783717447839248,0.0052719203700416495,8,15
provides,-7.783717447839248,0.0052719203700416495,8,15
regrettable,-7.783717447839248,0.0052719203700416495,8,15
likely,-7.803947807197443,0.005213221290362502,13,20
due,-7.8195445131521195,0.005168421993301697,41,44
chain,-7.858708596671926,0.0050576503646652116,7,14
encouraged,-7.858708596671926,0.0050576503646652116,7,14
willingness,-7.858708596671926,0.0050576503646652116,7,14
high,-7.898475971535317,0.00494764663379621,134,113
excellency,-7.928902497505465,0.004865129791079337,31,36
well-being,-7.9794564343271075,0.004731114533221836,6,13
products,-7.979782142241642,0.004730263405021251,37,41
valuable,-8.063047252880395,0.004517713839766624,17,24
path,-8.123136226630233,0.004370388925207469,48,50
accordingly,-8.162109565144979,0.004277458849993088,5,12
miroslav,-8.162109565144979,0.004277458849993088,5,12
plight,-8.162109565144979,0.004277458849993088,5,12
territorial,-8.173554788631114,0.004250552209075775,218,172
alleviate,-8.225857633542368,0.004129768434463887,27,33
emphasize,-8.233989298482117,0.004111306089803035,19,26
design,-8.237764004753199,0.004102764464762099,1,8
dispute,-8.237764004753199,0.004102764464762099,1,8
medium,-8.237764004753199,0.004102764464762099,1,8
ravages,-8.237764004753199,0.004102764464762099,1,8
application,-8.43142918247714,0.003687903705423712,4,11
narratives,-8.43142918247714,0.003687903705423712,4,11
stabilizing,-8.43142918247714,0.003687903705423712,4,11
express,-8.495831953831349,0.0035596097396999316,64,63
made,-8.539200268884466,0.0034757831364936598,118,103
crises,-8.58895073368339,0.003382088254567428,36,41
ms,-8.651830935018898,0.003267328612610365,167,138
attention,-8.666809670028353,0.0032405802575627973,42,46
urgently,-8.733797152494413,0.003123653094465939,24,31
order,-8.834545090589836,0.0029558130937759053,227,180
pandemic,-8.836809673712704,0.0029521475748094383,12,20
bombings,-8.837271673014076,0.0029514003367937525,11,19
exacerbate,-8.858138700378078,0.0029178495236406032,10,18
mental,-8.883498947497712,0.0028775952924913195,14,22
also,-8.898735074163792,0.0028536827213088145,773,539
delegations,-8.90411907529561,0.0028452810589383315,9,17
maximum,-8.90411907529561,0.0028452810589383315,9,17
underscore,-8.90411907529561,0.0028452810589383315,9,17
peoples,-8.925639026792592,0.002811949557201654,15,23
guarantee,-8.977803804145386,0.0027327891427881834,16,24
limit,-8.981490557106621,0.0027272808256763037,8,16
listened,-8.981490557106621,0.0027272808256763037,8,16
zones,-8.981490557106621,0.0027272808256763037,8,16
commitment,-9.014105640937622,0.002679039473599043,76,73
concerted,-9.092697214081028,0.0025663212449000827,2,10
surrounding,-9.098813726749672,0.002557753301969279,7,15
food,-9.12810854707268,0.002517118217704728,720,506
law,-9.211488478193507,0.0024050107128832376,707,498
global,-9.24164223740749,0.0023657269178727347,402,299
convinced,-9.268073397561238,0.002331828570162342,6,14
intensify,-9.268073397561238,0.002331828570162342,6,14
offers,-9.268073397561238,0.002331828570162342,6,14
thorough,-9.268073397561238,0.002331828570162342,6,14
worrying,-9.268073397561238,0.002331828570162342,6,14
must,-9.275526392541009,0.0023223593673615817,906,626
asia-pacific,-9.319605581429848,0.0022671479101834535,0,7
daria,-9.319605581429848,0.0022671479101834535,0,7
delegation's,-9.319605581429848,0.0022671479101834535,0,7
drags,-9.319605581429848,0.0022671479101834535,0,7
fao,-9.319605581429848,0.0022671479101834535,0,7
ocha,-9.319605581429848,0.0022671479101834535,0,7
productive,-9.319605581429848,0.0022671479101834535,0,7
ramesh,-9.319605581429848,0.0022671479101834535,0,7
shares,-9.319605581429848,0.0022671479101834535,0,7
socioeconomic,-9.319605581429848,0.0022671479101834535,0,7
agency,-9.358990565875692,0.0022189431886759925,47,51
collective,-9.489117428242183,0.002066942253046933,37,43
brunt,-9.506580966607883,0.00204736284121243,5,13
considerable,-9.506580966607883,0.00204736284121243,5,13
engagement,-9.530106509753242,0.002021283893469006,23,31
lives,-9.568731051804114,0.001979195399780531,147,126
reach,-9.636970159788728,0.0019069954418065027,49,53
build,-9.727326430312226,0.00181548377751517,25,33
khaled,-9.825134300590198,0.001721431310338306,1,9
sensitive,-9.825134300590198,0.001721431310338306,1,9
smooth,-9.825134300590198,0.001721431310338306,1,9
stresses,-9.825134300590198,0.001721431310338306,1,9
avoided,-9.840303529517561,0.0017072932360021609,4,12
contain,-9.840303529517561,0.0017072932360021609,4,12
heightened,-9.840303529517561,0.0017072932360021609,4,12
politicization,-9.840303529517561,0.0017072932360021609,4,12
powers,-9.840303529517561,0.0017072932360021609,4,12
destruction,-9.884434844608496,0.001666827176282304,187,155
unconditional,-9.947121251416526,0.0016110112541758426,12,21
climate,-9.947619081724048,0.0016105756487569955,14,23
consistent,-9.947619081724048,0.0016105756487569955,14,23
extreme,-9.947619081724048,0.0016105756487569955,14,23
concerning,-9.969735648886353,0.0015913433868851579,15,24
increasingly,-10.00358652896253,0.0015623565817929341,16,25
multilateral,-10.00358652896253,0.0015623565817929341,16,25
effectively,-10.025042158591171,0.0015442614166606417,10,19
various,-10.027465426665758,0.0015422310762238656,35,42
soon,-10.054909396839111,0.0015194248980485714,52,56
several,-10.067172976416472,0.0015093444611139484,57,60
accordance,-10.130992711017003,0.0014579686450925111,92,87
cooperate,-10.219018361239925,0.0013899981301238595,8,17
deteriorating,-10.219018361239925,0.0013899981301238595,8,17
distribution,-10.219018361239925,0.0013899981301238595,8,17
observed,-10.219018361239925,0.0013899981301238595,8,17
proposal,-10.219018361239925,0.0013899981301238595,8,17
race,-10.219018361239925,0.0013899981301238595,8,17
cold,-10.265480146504402,0.0013554245722372515,30,38
compounded,-10.31004652230919,0.0013230794747470798,3,11
schooling,-10.31004652230919,0.0013230794747470798,3,11
specialized,-10.378447750704046,0.0012749483900438285,7,16
energy,-10.459353973493439,0.0012202994707537496,205,169
important,-10.460913930910216,0.0012192694049449893,136,120
need,-10.571604248151743,0.0011483802360812145,358,274
greatest,-10.595361890453244,0.0011337170599410307,6,15
intense,-10.595361890453244,0.0011337170599410307,6,15
prospect,-10.595361890453244,0.0011337170599410307,6,15
chinese,-10.61554367800621,0.0011214097676007784,2,11
easing,-10.61554367800621,0.0011214097676007784,2,11
reconciliation,-10.61554367800621,0.0011214097676007784,2,11
conventions,-10.72897832580312,0.0010547066406468852,34,42
unhindered,-10.72897832580312,0.0010547066406468852,34,42
integrity,-10.748778352908424,0.0010434817857100098,214,176
operations,-10.765495546591097,0.0010340987360669684,52,57
belief,-10.887913130026273,9.679382319984775e-4,5,14
expansion,-10.887913130026273,9.679382319984775e-4,5,14
sight,-10.887913130026273,9.679382319984775e-4,5,14
conflict's,-10.994956964419865,9.13601344625703e-4,0,8
encouraging,-10.994956964419865,9.13601344625703e-4,0,8
selective,-10.994956964419865,9.13601344625703e-4,0,8
aid,-11.022479565786977,9.001358440262619e-4,151,132
refuge,-11.091814793220431,8.670958715052413e-4,12,22
students,-11.091814793220431,8.670958715052413e-4,12,22
dicarlo,-11.10074498373052,8.629304787209913e-4,148,130
serious,-11.117486195278039,8.551761370190203e-4,99,94
unilateral,-11.124224486324787,8.520749502056724e-4,18,28
best,-11.138304221368761,8.456316252216656e-4,30,39
wider,-11.146347725648678,8.41972793442558e-4,11,21
workers,-11.212726705310756,8.123826520040067e-4,38,46
conduct,-11.222710054160363,8.080241425487689e-4,20,30
causes,-11.227136465778443,8.060992381569987e-4,10,20
facilities,-11.268051297085288,7.885246102874444e-4,142,126
logic,-11.339806763012387,7.58632174615137e-4,9,19
began,-11.34880274439857,7.549662322491324e-4,22,32
shared,-11.34880274439857,7.549662322491324e-4,22,32
afforded,-11.431993665428408,7.219018410467015e-4,1,10
confrontations,-11.431993665428408,7.219018410467015e-4,1,10
debt,-11.431993665428408,7.219018410467015e-4,1,10
fears,-11.431993665428408,7.219018410467015e-4,1,10
inputs,-11.431993665428408,7.219018410467015e-4,1,10
pathway,-11.431993665428408,7.219018410467015e-4,1,10
reforms,-11.431993665428408,7.219018410467015e-4,1,10
alternative,-11.491715366586664,6.990708888497954e-4,8,18
multilateralism,-11.491715366586664,6.990708888497954e-4,8,18
renewal,-11.491715366586664,6.990708888497954e-4,8,18
impacts,-11.496792651391946,6.971638664652335e-4,24,34
implementation,-11.574527170763284,6.686143517189436e-4,47,54
current,-11.5773024423206,6.676172029220773e-4,34,43
issues,-11.691192013624123,6.279665577505478e-4,35,44
transparent,-11.69267127550157,6.274675109095851e-4,7,17
unfortunate,-11.820942572385471,5.856820322719392e-4,3,12
resolution,-11.94014318324789,5.493725747257594e-4,237,195
sanctions,-12.01267252670068,5.284003322326702e-4,61,66
closely,-12.210153490697639,4.753012360757536e-4,13,24
reduce,-12.267944452302373,4.608055653674281e-4,12,23
acceptable,-12.3005790034675,4.528177993218252e-4,5,15
provisions,-12.3005790034675,4.528177993218252e-4,5,15
reiterating,-12.3005790034675,4.528177993218252e-4,5,15
tools,-12.350000416011236,4.409863742418363e-4,11,22
renew,-12.461017386617081,4.155335519555603e-4,10,21
equal,-12.606986818526329,3.843075246995342e-4,9,20
spare,-12.606986818526329,3.843075246995342e-4,9,20
cooperative,-12.674572660748547,3.706619213920126e-4,0,9
eleventh,-12.674572660748547,3.706619213920126e-4,0,9
calm,-12.753306151336512,3.553804344569311e-4,4,14
resume,-12.776523427608808,3.5099664979232337e-4,37,47
becoming,-12.795675411912095,3.4742153046196655e-4,8,19
coronavirus,-12.795675411912095,3.4742153046196655e-4,8,19
possible,-12.84513266350364,3.3835822083216893e-4,131,121
make,-13.029688256890688,3.065915817488385e-4,166,147
necessary,-13.037031867892193,3.053917132799233e-4,78,81
fragile,-13.053473268994338,3.027224987913746e-4,1,11
racism,-13.053473268994338,3.027224987913746e-4,1,11
regrets,-13.053473268994338,3.027224987913746e-4,1,11
participation,-13.184119457257511,2.8233144318257075e-4,59,66
particular,-13.236370823592823,2.745690001200174e-4,114,109
strengthen,-13.253395779082739,2.7208653217725143e-4,17,29
present,-13.263420216788557,2.706354292696389e-4,16,28
acknowledge,-13.269933570814747,2.6969676213084437e-4,19,31
principle,-13.293681974612005,2.663019873938577e-4,20,32
costs,-13.3262215524985,2.617203572432558e-4,21,33
circumstances,-13.33827328493863,2.6004368610366146e-4,34,45
arms,-13.345784188552381,2.590042282435423e-4,6,17
caught,-13.345784188552381,2.590042282435423e-4,6,17
advocate,-13.35480542806256,2.5776128414378707e-4,3,13
under-secretary-general,-13.371292447071072,2.555052189158191e-4,119,113
therefore,-13.401767423132515,2.5138731422724714e-4,154,139
cultural,-13.414037459803678,2.497482828117681e-4,23,35
require,-13.58254570299744,2.2829841429927722e-4,11,23
harm,-13.735010491193853,2.104939069784706e-4,28,40
property,-13.74010430682748,2.0992383987850083e-4,5,16
strive,-13.74010430682748,2.0992383987850083e-4,5,16
action,-13.80163846216885,2.0315898071043836e-4,88,90
stable,-14.127550359038926,1.7082348144359383e-4,8,20
affairs,-14.191527437199664,1.6511229265558924e-4,104,103
broader,-14.24741203864173,1.6028105694188e-4,4,15
division,-14.24741203864173,1.6028105694188e-4,4,15
atomic,-14.344719926961256,1.5220595499965128e-4,35,47
engagements,-14.357177500705838,1.5120218290420873e-4,0,10
indivisible,-14.357177500705838,1.5120218290420873e-4,0,10
prevailing,-14.357177500705838,1.5120218290420873e-4,0,10
combat,-14.360513511790199,1.5093451631642552e-4,18,31
appeal,-14.38470466874708,1.4900774779114112e-4,21,34
industrial,-14.408928788723555,1.471031693357494e-4,7,19
practical,-14.408928788723555,1.471031693357494e-4,7,19
lasting,-14.441843463122721,1.445545277798388e-4,97,98
persons,-14.667336919759482,1.2824956618118222e-4,75,81
alliances,-14.686202382688595,1.2697240970660495e-4,1,12
avenues,-14.686202382688595,1.2697240970660495e-4,1,12
intensification,-14.686202382688595,1.2697240970660495e-4,1,12
extent,-14.760934321818578,1.2203775714036968e-4,6,18
instability,-14.760934321818578,1.2203775714036968e-4,6,18
risk,-14.810176423914106,1.1889219783511873e-4,104,104
required,-14.841508257012716,1.1693335080154021e-4,11,24
prevent,-15.164906620325104,9.851744373223781e-5,93,96
women,-15.178523739088186,9.780952595395132e-5,263,221
deterioration,-15.202828265506025,9.655869576252751e-5,5,17
certain,-15.224111099392294,9.547660232622768e-5,9,22
speech,-15.469486344297698,8.384798130800508e-5,19,33
escalating,-15.484453881975316,8.318662233131047e-5,8,21
deep,-15.488574684916236,8.300546274797593e-5,18,32
rising,-15.568887523638008,7.955291857819624e-5,16,30
conclusion,-15.646343633686019,7.63600741335857e-5,39,52
neighbouring,-15.746013666004687,7.244042652110316e-5,40,53
manage,-15.761576449863233,7.184693724948676e-5,4,16
displaced,-15.803717527078884,7.026431714818315e-5,128,124
prioritize,-15.804461353953414,7.023669974903779e-5,7,20
suffering,-15.805001224638593,7.021666183715247e-5,212,186
dynamics,-16.041960012718903,6.195413488174761e-5,0,11
exchanges,-16.041960012718903,6.195413488174761e-5,0,11
mentality,-16.041960012718903,6.195413488174761e-5,0,11
winners,-16.041960012718903,6.195413488174761e-5,0,11
discussions,-16.124687785102708,5.930588323121988e-5,11,25
resolve,-16.128777291549067,5.917796501908601e-5,34,48
supply,-16.161240851611737,5.817231167637438e-5,70,79
indispensable,-16.325344952207523,5.334567698078718e-5,10,24
briefing,-16.35322039664933,5.256676352516365e-5,183,166
trend,-16.476129518360235,4.926645846381472e-5,3,15
disputes,-16.56888514242833,4.691444653170951e-5,9,23
legitimate,-16.649727138136022,4.495677515370389e-5,26,41
joyce,-16.685726761384252,4.41116412147613e-5,5,18
situations,-16.687893909680387,4.406127756084732e-5,27,42
country's,-16.73193704224924,4.3050166135705226e-5,28,43
bring,-16.788278872323588,4.179063868814392e-5,80,88
director,-16.826129453927326,4.0965353226951606e-5,50,63
host,-16.841729546206594,4.0629998540930856e-5,15,30
long-term,-16.841729546206594,4.0629998540930856e-5,15,30
viable,-16.863884498217327,4.015847137806006e-5,8,22
health,-17.045811096401057,3.648877749595769e-5,92,98
common,-17.169947426064486,3.418011380862396e-5,35,50
importance,-17.193777787341315,3.375401099092734e-5,60,72
deplore,-17.2213694884577,3.326731758213075e-5,7,21
assistant,-17.290129110380473,3.208492317607892e-5,54,67
instruments,-17.292935845794638,3.203756594860607e-5,4,17
africans,-17.4049134362302,3.0204417598489464e-5,2,14
ensure,-17.59827894964368,2.7283515160347882e-5,229,202
worsening,-17.65993944198979,2.6413135437275415e-5,10,25
involved,-17.671696107823156,2.6250376637060313e-5,23,39
begin,-17.6739254605218,2.621962742732631e-5,41,56
guterres,-17.676694659165932,2.6181482579934467e-5,22,38
conflicting,-17.728379215794952,2.5479688632978892e-5,0,12
inclusive,-17.728379215794952,2.5479688632978892e-5,0,12
seek,-17.80910187982079,2.442122163948124e-5,29,45
informative,-17.934875906327537,2.285936290413737e-5,9,24
weapons,-17.9537216860398,2.263414248804274e-5,108,112
explore,-18.05795316017348,2.1428164371450897e-5,3,16
offer,-18.070699719990586,2.1285184683472735e-5,15,31
consultations,-18.186279696057646,2.003167416786411e-5,5,19
disease,-18.263663497218605,1.9234130073764177e-5,8,23
environment,-18.35361173674537,1.8347085381398287e-5,13,29
good-faith,-18.639740434585946,1.5789465206750286e-5,1,13
populations,-18.69760117913226,1.5317506584122675e-5,42,58
discrimination,-18.756054640700853,1.4855097434596232e-5,11,27
regret,-18.786168499010113,1.4622373548434098e-5,23,40
ongoing,-18.799753081103468,1.4518592013290643e-5,84,94
population,-18.869805997573042,1.3995039377268093e-5,166,158
outset,-19.014550346428194,1.2972545841316574e-5,10,26
relating,-19.03647491146439,1.2824349420736958e-5,2,15
always,-19.064389786703757,1.263811993679198e-5,46,62
hate,-19.31950127085785,1.1057126706570664e-5,15,32
great,-19.337893730534116,1.0951133763481558e-5,38,55
services,-19.411559281642944,1.0536737727662171e-5,83,94
belligerents,-19.416060584682764,1.0511932811207991e-5,0,13
kenya's,-19.416060584682764,1.0511932811207991e-5,0,13
livelihoods,-19.46981494208005,1.0220205542310623e-5,14,31
obligations,-19.512160753868393,9.996127976807934e-6,72,85
peacebuilding,-19.647361469407723,9.313182487091787e-6,13,30
insist,-19.651065736748432,9.295145360632695e-6,3,17
pursuit,-19.651065736748432,9.295145360632695e-6,3,17
communication,-19.68188450727201,9.146433342821503e-6,8,24
experience,-19.68188450727201,9.146433342821503e-6,8,24
interest,-19.85612581059009,8.349474071023266e-6,12,29
imperative,-19.918788106606474,8.080233799612202e-6,23,41
principles,-20.085757008077657,7.40460624359951e-6,210,193
preconditions,-20.313901950344228,6.5721329594037314e-6,1,14
mitigate,-20.315572934758745,6.56639592189201e-6,17,35
progress,-20.315572934758745,6.56639592189201e-6,17,35
actors,-20.390570303160928,6.3140153659935194e-6,39,57
fourthly,-20.398275469199657,6.288643991658738e-6,4,19
effective,-20.45927074079225,6.091378110695267e-6,40,58
refugees,-20.525965952407173,5.882778885024642e-6,157,154
alleviating,-20.621264151268704,5.597098068910178e-6,6,22
minimize,-20.675051067679053,5.4420486826911585e-6,2,16
stakeholders,-20.675051067679053,5.4420486826911585e-6,2,16
welcome,-20.74831160166082,5.237773877619922e-6,150,149
objects,-20.927861258200288,4.769075351740426e-6,46,64
regional,-20.987780055878872,4.622221592920361e-6,28,47
memorandum,-21.116872232049126,4.321067711754445e-6,8,25
rise,-21.19252915639748,4.1538050774558855e-6,12,30
worrisome,-21.23220702553486,4.068698237547075e-6,5,21
worsen,-21.23220702553486,4.068698237547075e-6,5,21
chains,-21.463270805048747,3.6067119222327193e-6,11,29
international,-21.507337937789494,3.5247731977605667e-6,1522,1079
abide,-21.56102068140984,3.4274744353801623e-6,17,36
delegation,-21.65182151711134,3.2689943286756673e-6,43,62
offices,-21.777504768971422,3.061689111905075e-6,10,28
economies,-21.968707398218775,2.7713232264581222e-6,4,20
turmoil,-21.990627554020474,2.739851441169172e-6,1,15
note,-22.12910244581813,2.5491578941050363e-6,49,68
complex,-22.14247938214892,2.531457042209695e-6,9,27
promoting,-22.14247938214892,2.531457042209695e-6,9,27
work,-22.155141983362903,2.514815044651897e-6,221,205
lead,-22.25260184071324,2.3903466588315325e-6,36,56
momentum,-22.319536494621516,2.3084609469536943e-6,2,17
context,-22.394925022951522,2.2195974259675566e-6,39,59
sustainable,-22.449974206650143,2.1568838788343925e-6,40,60
exercise,-22.457006024650788,2.1490021302472684e-6,20,40
finding,-22.567148468926923,2.02925045200697e-6,8,26
geopolitical,-22.774264367852286,1.8218919137780176e-6,5,22
mutual,-22.865007593243337,1.737870563123245e-6,3,19
safety,-23.5049508140173,1.2459274694176514e-6,133,140
african,-23.580143339081705,1.198175998085027e-6,21,42
nationals,-23.643323793203084,1.159474679823802e-6,6,24
precaution,-23.72276184369656,1.1125886348883895e-6,0,14
briefings,-23.743955805374352,1.1004040304518625e-6,80,97
consensus,-23.969046864123104,9.789698088846777e-7,2,18
issue,-24.026876206436267,9.500032787101986e-7,68,87
impartial,-24.03140395274413,9.477719596917566e-7,8,27
antónio,-24.23550852122844,8.524606092130682e-7,11,31
stress,-24.28262768339195,8.318594439948868e-7,16,37
achieve,-24.45475000352391,7.60757197793005e-7,39,61
outbreak,-24.4834303119986,7.495164914272934e-7,3,20
resolving,-24.603154116976093,7.043635104064805e-7,10,30
developments,-24.725319519355576,6.610994972566786e-7,14,35
wish,-24.895373812146566,6.05274986908988e-7,59,80
understanding,-24.993109455113718,5.753556803211879e-7,13,34
difficult,-25.41703442180939,4.618221188801286e-7,35,58
pragmatic,-25.41734793839466,4.617470718004668e-7,0,15
direct,-25.42051339145088,4.6099003547794837e-7,31,54
secretary-general,-25.437826809309403,4.5687139271777255e-7,260,240
achieving,-25.50847489226489,4.404439809535532e-7,8,28
measures,-25.538004673047332,4.3375429759073825e-7,40,63
maintain,-25.543186586733768,4.3259093529535164e-7,27,50
martin,-25.543186586733768,4.3259093529535164e-7,27,50
survival,-25.5941541948172,4.213138532493943e-7,16,38
balanced,-25.62286629150771,4.150912872313839e-7,2,19
protracted,-25.62286629150771,4.150912872313839e-7,2,19
economic,-25.73508929679848,3.9164113940781675e-7,58,80
war's,-25.88998949340523,3.614386738792774e-7,5,24
opening,-26.03662475778329,3.3500161289445884e-7,10,31
basic,-26.137497135320213,3.179491858684713e-7,51,74
delivery,-26.506068404066852,2.6271154873747093e-7,18,41
continuing,-26.617111569181926,2.4803719100852106e-7,29,53
impartiality,-27.032162041985845,2.0009823920030811e-7,1,18
bloc,-27.111947781433386,1.9200758305526477e-7,0,16
china's,-27.111947781433386,1.9200758305526477e-7,0,16
ghana's,-27.111947781433386,1.9200758305526477e-7,0,16
early,-27.48254983123825,1.5851833923274938e-7,10,32
escalation,-27.711213546854005,1.408439186389998e-7,42,67
negotiating,-27.738606864512626,1.3886359795378667e-7,3,22
agencies,-28.451494405060384,9.607557915902731e-8,56,81
neutrality,-28.715519831987244,8.382922300764761e-8,1,19
deeply,-28.752130550909218,8.225937631056723e-8,60,85
effort,-28.89968322442577,7.622537800955342e-8,46,72
prospects,-29.112536876776105,6.82936198703743e-8,7,29
faith,-29.153044217130255,6.688057607728837e-8,13,37
stability,-29.972698331960014,4.3817246164756796e-8,32,59
purposes,-30.082204584129148,4.141139064994803e-8,30,57
priority,-30.535340103475512,3.278397964212587e-8,25,52
redouble,-30.6048097863072,3.163086348401123e-8,2,22
difficulties,-30.627805227618463,3.125818770488564e-8,5,27
affected,-30.709534890996615,2.996887715767116e-8,81,106
good,-30.98525209387126,2.599965387428682e-8,45,73
fighting,-31.108431701514977,2.4400915621392016e-8,76,102
facilitate,-31.183647014861652,2.3473518462324705e-8,51,79
play,-31.55260869439688,1.9410943297160088e-8,19,46
calls,-31.913867811751544,1.611624433905945e-8,84,110
agreement,-32.04416617108507,1.507069868900146e-8,40,69
challenges,-32.07392641013042,1.484158973497074e-8,38,67
interests,-32.43626227516604,1.2316657249655805e-8,9,34
reiterates,-32.88693752668327,9.767738506916146e-9,19,47
essential,-33.00952180160041,9.170862735885521e-9,65,94
find,-33.16073258822422,8.484675961817345e-9,46,76
risks,-33.18718007206155,8.3700545383536e-9,39,69
major,-33.28462645732998,7.960951120544735e-9,36,66
casualties,-33.30850902708683,7.86378029360435e-9,52,82
urgency,-33.37456747871318,7.601150708858029e-9,10,36
regard,-33.40169116531563,7.495875475882485e-9,105,130
adhere,-33.89048464034085,5.830315119581542e-9,0,20
distress,-33.93925286209561,5.685989568071648e-9,2,24
relevant,-34.301012513443446,4.721360746806624e-9,40,71
differences,-34.30462525192764,4.712604417811406e-9,3,26
concern,-35.35472347194077,2.7480130393442437e-9,45,77
manner,-36.7862225201085,1.318185227638935e-9,12,41
greater,-36.95270969937104,1.2102937541058623e-9,19,50
towards,-36.99635045662755,1.1835056268338917e-9,65,98
fertilizers,-37.08131906636562,1.1330402172049503e-9,24,56
wars,-37.58576033296448,8.74807892792262e-10,17,48
coexistence,-37.608305762116686,8.647547122819788e-10,3,28
resumption,-37.681657607552204,8.328401301938015e-10,8,36
nuclear,-39.12814512714812,3.968811945753714e-10,270,271
negotiated,-39.30532040384106,3.6245240142562807e-10,6,34
relief,-39.51673191507758,3.252605962345001e-10,33,68
initiatives,-39.711130164281514,2.944426924500476e-10,19,52
negotiation,-40.90608126492851,1.5972334566072277e-10,6,35
role,-42.05147179604413,8.890221891988404e-11,49,87
particularly,-42.823944284378925,5.989453377708287e-11,92,129
strictly,-42.99645649938369,5.483913323445222e-11,4,33
positive,-43.164777590639545,5.0318416100481045e-11,14,48
coordination,-43.626161160223745,3.974898188374709e-11,41,80
community,-44.34116794611907,2.7585378425953877e-11,190,215
solutions,-45.140523292705836,1.8339108009968186e-11,16,52
immediate,-45.35650691381922,1.6424195337094716e-11,87,127
hope,-45.60325987408418,1.4480083798673604e-11,73,114
channels,-45.66267031426683,1.404742988597718e-11,2,31
agreements,-46.688575842460686,8.32123259186801e-12,13,49
mediation,-46.7786855589701,7.947309477174258e-12,5,37
de-escalate,-47.44821832937161,5.647593503965709e-12,0,28
position,-47.546792007446186,5.370703881624195e-12,25,65
promote,-48.57698447577159,3.1757929619402603e-12,15,53
fertilizer,-49.21429461797724,2.294719969597736e-12,20,60
create,-49.53949990339516,1.944222560723574e-12,23,64
conflicts,-49.88402444582392,1.6310286454768175e-12,32,75
distinction,-50.28184713481299,1.3317125180378753e-12,8,44
spillover,-50.628811462119344,1.1159961843532074e-12,14,53
respect,-50.86971399224497,9.870992911942267e-13,153,192
talks,-51.06508234081113,8.93507490218326e-13,19,60
engage,-51.675848068914874,6.545874953189923e-13,21,63
call,-52.658504209166566,3.9690473130349346e-13,382,379
urgent,-53.213328650128545,2.992051051364797e-13,59,107
security,-53.427384325591596,2.6834090505190034e-13,897,757
countries,-53.80615635859237,2.212674488077937e-13,377,377
tensions,-53.850861427886144,2.162714451969805e-13,6,43
civilian,-53.96393461143282,2.041700142285663e-13,454,436
protection,-54.11084260606236,1.8951507030351422e-13,134,179
developing,-54.11952504428957,1.886268918838141e-13,46,94
necessity,-54.22741518091393,1.7852386235972517e-13,0,32
diplomacy,-54.706826502924464,1.3988810110276972e-13,53,102
concerns,-55.6027777812252,8.870681966755001e-14,44,93
conducive,-55.922248771344414,7.538414337204813e-14,0,33
rosemary,-56.217617548157214,6.483702463810914e-14,24,70
avoid,-57.890221754673604,2.7755575615628914e-14,20,66
de-escalation,-59.300249959540906,1.354472090042691e-14,7,48
view,-60.491151922425,7.438494264988549e-15,24,73
proportionality,-60.811791132181114,6.328271240363392e-15,1,38
impact,-62.357531959644064,2.886579864025407e-15,101,157
especially,-64.10447321825185,1.2212453270876722e-15,82,140
peace,-65.88969533715095,4.440892098500626e-16,630,589
confrontation,-72.65971790764456,0,1,45
sides,-73.13591673605202,0,11,63
warring,-77.95633688095684,0,0,46
ceasefire,-80.07352025870114,0,23,85
refrain,-80.1548447281963,0,18,78
encourage,-80.94943165924902,0,27,91
restraint,-81.05446786277179,0,2,52
conditions,-92.41720257384593,0,41,117
effects,-93.11797108736447,0,65,146
concerned,-93.50057236435192,0,96,180
reiterate,-98.41781494822474,0,125,214
constructive,-101.5942369670663,0,5,70
diplomatic,-106.07357340438476,0,39,124
urge,-106.58485971877094,0,97,192
efforts,-120.2119860837796,0,330,426
situation,-121.80340272828923,0,237,344
peaceful,-124.79504480292833,0,53,155
crisis,-144.1365173706142,0,210,340
settlement,-169.9540037774646,0,15,129
cessation,-184.0374782334666,0,23,151
political,-185.40839666623012,0,89,243
solution,-187.82636231238862,0,41,181
negotiations,-202.14833860471256,0,31,175
hostilities,-237.62589240698856,0,66,249
dialogue,-296.9183343726881,0,56,273
humanitarian,-306.0170343330335,0,1069,1279
conflict,-725.2359292165532,0,217,780
parties,-955.5330169783814,0,77,711
